target_id,prot_ps,prot_acf,prot_cs,e_prot_ps,E_prot_ps,e_prot_acf,E_prot_acf,e_prot_cs,E_prot_cs,sph_ps,sph_acf,sph_cs,h_ps,fa_prob_ps,hacf,gacf,hcs
891901,72.86939956006034,51.57494720444083,5.641531061201304,11.498762115189407,16.80121081228191,-1.0,-1.0,0.013098966327649985,0.013098966327649985,784.1288705354966,773.889577509648,620.9578004834567,68403.1430771166,0.0,0.27761931846192706,0.10963745447103511,0.12262017389659662
