target_id,prot_ps,prot_acf,prot_cs,e_prot_ps,E_prot_ps,e_prot_acf,E_prot_acf,e_prot_cs,E_prot_cs,sph_ps,sph_acf,sph_cs,h_ps,fa_prob_ps,hacf,gacf,hcs
1162339,73.78625456623158,78.69021525001153,-1.0,9.241541301395657,12.330191828778126,-1.0,-1.0,-1.0,-1.0,2264.578879028736,2190.576851343223,-1.0,810758.1422540401,0.0,0.8642496188505759,0.4296284473778813,0.91189510002507
