target_id,prot_ps,prot_acf,prot_cs,e_prot_ps,E_prot_ps,e_prot_acf,E_prot_acf,e_prot_cs,E_prot_cs,sph_ps,sph_acf,sph_cs,h_ps,fa_prob_ps,hacf,gacf,hcs
1164583,49.87958992794871,43.89169500768185,46.649025233164515,9.57008269788755,15.528976479294975,-1.0,-1.0,5.788649360649394,5.788649360649394,1650.03807484756,1642.5108834493547,1699.1057270170368,118817.36069229885,0.0,0.6351926344393195,0.31710200598180416,0.4702310673234426
