target_id,prot_ps,prot_acf,prot_cs,e_prot_ps,E_prot_ps,e_prot_acf,E_prot_acf,e_prot_cs,E_prot_cs,sph_ps,sph_acf,sph_cs,h_ps,fa_prob_ps,hacf,gacf,hcs
1163248,72.32551243272911,59.625770832411945,31.106914074899393,10.129667798040138,14.071196672748101,-1.0,-1.0,0.4615108895014243,0.4615108895014243,541.7924401466396,541.7759449886153,536.5670540660933,17711.218475793405,0.0,0.27194838609297434,0.13549400256451347,0.24280448543925862
