target_id,prot_ps,prot_acf,prot_cs,e_prot_ps,E_prot_ps,e_prot_acf,E_prot_acf,e_prot_cs,E_prot_cs,sph_ps,sph_acf,sph_cs,h_ps,fa_prob_ps,hacf,gacf,hcs
1865663,31.445850612506103,31.202410917263478,31.760388538851764,3.629711859465452,4.719150017546081,-1.0,-1.0,0.4422188663004508,0.4422188663004508,2712.411435442973,2700.637637461497,2718.6568858632145,635413.9048352786,0.0,0.9735688972411696,0.49727038854797173,0.9804688017338803
