target_id,prot_ps,prot_acf,prot_cs,e_prot_ps,E_prot_ps,e_prot_acf,E_prot_acf,e_prot_cs,E_prot_cs,sph_ps,sph_acf,sph_cs,h_ps,fa_prob_ps,hacf,gacf,hcs
2164105,73.38393531748393,85.92388547724113,46.1467457803525,16.013243357695202,28.41361966232968,-1.0,-1.0,2.197982561800255,2.197982561800255,868.9331295788447,863.616528215348,868.4554519718835,22588.621838947696,0.0,0.2792272913897929,0.20323499201287368,0.18959698986401202
