target_id,prot_ps,prot_acf,prot_cs,e_prot_ps,E_prot_ps,e_prot_acf,E_prot_acf,e_prot_cs,E_prot_cs,sph_ps,sph_acf,sph_cs,h_ps,fa_prob_ps,hacf,gacf,hcs
2161250,94.43290971173391,86.63921255618334,46.373842858462545,27.75129605422576,67.31606100360568,-1.0,-1.0,5.15641943114814,5.15641943114814,1590.3955279463228,1557.7318934829973,1533.7732943731983,19499.1097554274,0.0,0.3059390166216741,0.21161421728586713,0.23410167194033077
