target_id,prot_ps,prot_acf,prot_cs,e_prot_ps,E_prot_ps,e_prot_acf,E_prot_acf,e_prot_cs,E_prot_cs,sph_ps,sph_acf,sph_cs,h_ps,fa_prob_ps,hacf,gacf,hcs
2306825,90.40652001144862,90.72577144950628,46.9278502975238,17.00706628412088,27.265199223918046,-1.0,-1.0,1.3027294509145533,1.3027294509145533,1234.6605300753133,1233.452751632102,1191.6291879323805,59813.007596525465,0.0,0.2605533790387118,0.1917893919058226,115.38067618571257
