target_id,prot_ps,prot_acf,prot_cs,e_prot_ps,E_prot_ps,e_prot_acf,E_prot_acf,e_prot_cs,E_prot_cs,sph_ps,sph_acf,sph_cs,h_ps,fa_prob_ps,hacf,gacf,hcs
2310259,30.77682203269941,32.71454782085493,31.59050899165025,3.865177392466965,5.161653430605629,-1.0,-1.0,1.677482695757604,1.677482695757604,1738.0737240615176,1738.8649920342307,1726.8538473647286,42981.85739696981,0.0,0.49990616148769107,0.2512873440917328,0.44963772881392783
