target_id,prot_ps,prot_acf,prot_cs,e_prot_ps,E_prot_ps,e_prot_acf,E_prot_acf,e_prot_cs,E_prot_cs,sph_ps,sph_acf,sph_cs,h_ps,fa_prob_ps,hacf,gacf,hcs
2301389,15.372174212985982,15.611393541097641,15.354745500683784,1.8436433576136366,2.4254240261437943,-1.0,-1.0,0.7955761808306259,0.7955761808306259,1638.0018032958283,1638.5238726828145,1638.5428292508523,42950.73751616472,0.0,0.5664039594540324,0.2904902287231058,0.9589631930175043
