target_id,prot_ps,prot_acf,prot_cs,e_prot_ps,E_prot_ps,e_prot_acf,E_prot_acf,e_prot_cs,E_prot_cs,sph_ps,sph_acf,sph_cs,h_ps,fa_prob_ps,hacf,gacf,hcs
2301274,73.58519905055256,88.94791714427993,46.73617615744924,7.673011313253767,9.694849746704307,-1.0,-1.0,1.7186736506498264,1.7186736506498264,1619.421508302623,1620.2994804916877,1607.6043851559332,8937.573778674085,0.0,0.23558424558527297,0.19737046966026667,0.29740439875092795
