target_id,prot_ps,prot_acf,prot_cs,e_prot_ps,E_prot_ps,e_prot_acf,E_prot_acf,e_prot_cs,E_prot_cs,sph_ps,sph_acf,sph_cs,h_ps,fa_prob_ps,hacf,gacf,hcs
2301910,93.53632504219456,63.13982706516981,42.14266735784709,4.454110716294977,4.92296447590499,-1.0,-1.0,9.574144529712292,9.574144529712292,521.6312649547328,521.6312649547328,521.6312649547328,5084.1620361014975,0.0,0.16347999415956352,0.04842104889219851,0.181871597348655
