target_id,prot_ps,prot_acf,prot_cs,e_prot_ps,E_prot_ps,e_prot_acf,E_prot_acf,e_prot_cs,E_prot_cs,sph_ps,sph_acf,sph_cs,h_ps,fa_prob_ps,hacf,gacf,hcs
2423787,89.96472510954627,72.86392958089709,-1.0,4.284034529026002,4.734985532081382,-1.0,-1.0,-1.0,-1.0,2003.2868423590785,2003.2868423590785,-1.0,8673.540584929708,0.0,0.023766485421228882,0.026641820626406146,0.46356459108203324
