target_id,prot_ps,prot_acf,prot_cs,e_prot_ps,E_prot_ps,e_prot_acf,E_prot_acf,e_prot_cs,E_prot_cs,sph_ps,sph_acf,sph_cs,h_ps,fa_prob_ps,hacf,gacf,hcs
2447723,11.800201499057469,11.667690662201494,11.62470311078241,1.4997716635478824,2.0109413962724965,-1.0,-1.0,0.16363733154825913,0.16363733154825913,1611.7223820110964,1590.7844011080495,1593.867860118451,308035.8563019481,0.0,0.3705882141357132,0.2597067178772322,0.9370850288450994
