target_id,prot_ps,prot_acf,prot_cs,e_prot_ps,E_prot_ps,e_prot_acf,E_prot_acf,e_prot_cs,E_prot_cs,sph_ps,sph_acf,sph_cs,h_ps,fa_prob_ps,hacf,gacf,hcs
2425504,3.7264846207755724,3.7802283302880824,3.7618448158153015,0.29676564332388145,0.3529872576697288,-1.0,-1.0,0.01141625186509202,0.01141625186509202,6806.082462072254,6830.890619212881,6849.698531751961,840377.4673783906,0.0,1.464688467101854,0.8536919840869072,0.7702246888278226
