target_id,prot_ps,prot_acf,prot_cs,e_prot_ps,E_prot_ps,e_prot_acf,E_prot_acf,e_prot_cs,E_prot_cs,sph_ps,sph_acf,sph_cs,h_ps,fa_prob_ps,hacf,gacf,hcs
2447049,61.48859301946005,58.29741834802553,28.625810181570337,9.735560645273772,14.247071556225798,-1.0,-1.0,0.43093357040472546,0.43093357040472546,1012.3827685765989,1029.3843061702798,987.9983592176702,30028.37028255639,0.0,0.49278078294665684,0.19239341074002886,0.9794340404115838
