target_id,prot_ps,prot_acf,prot_cs,e_prot_ps,E_prot_ps,e_prot_acf,E_prot_acf,e_prot_cs,E_prot_cs,sph_ps,sph_acf,sph_cs,h_ps,fa_prob_ps,hacf,gacf,hcs
2437852,11.047061293485468,10.911616285331547,11.119227585350467,1.2345148963547956,1.5898474756730305,-1.0,-1.0,0.29238611911726325,0.29238611911726325,5356.265529763574,5375.475534442184,5335.864804975079,71865.73333347455,0.0,0.7888071183563079,0.5223280262639926,0.986818607533454
