target_id,prot_ps,prot_acf,prot_cs,e_prot_ps,E_prot_ps,e_prot_acf,E_prot_acf,e_prot_cs,E_prot_cs,sph_ps,sph_acf,sph_cs,h_ps,fa_prob_ps,hacf,gacf,hcs
2572803,73.67215628973359,79.87566528422758,41.38940376554357,8.272619435109718,10.668555901122431,-1.0,-1.0,0.9760874677541281,0.9760874677541281,1064.8451600158478,1077.707380697431,1069.9192385854324,9086.591241448401,0.0,0.1898193038888522,0.14518609550312964,0.18315568725001555
