target_id,prot_ps,prot_acf,prot_cs,e_prot_ps,E_prot_ps,e_prot_acf,E_prot_acf,e_prot_cs,E_prot_cs,sph_ps,sph_acf,sph_cs,h_ps,fa_prob_ps,hacf,gacf,hcs
2694407,72.8691207216375,0.837783177383244,45.99318358958268,9.813224102014232,13.430599516236867,-1.0,-1.0,1.0433027588874897,1.0433027588874897,339.3480884716226,243.3932393306589,342.27598668882865,11710.25318626018,0.0,0.3191546821491458,0.432226799038939,0.26926430731881446
