target_id,prot_ps,prot_acf,prot_cs,e_prot_ps,E_prot_ps,e_prot_acf,E_prot_acf,e_prot_cs,E_prot_cs,sph_ps,sph_acf,sph_cs,h_ps,fa_prob_ps,hacf,gacf,hcs
2720649,90.40660813773991,84.61616454971954,46.547881352962,15.961401677787208,24.673774084767118,-1.0,-1.0,5.631265494959662,5.631265494959662,1261.9405328656537,1269.8153305855285,1226.098345225652,11999.348281864042,0.0,0.23991841727036733,0.1088192190077752,0.11295613667155803
