target_id,prot_ps,prot_acf,prot_cs,e_prot_ps,E_prot_ps,e_prot_acf,E_prot_acf,e_prot_cs,E_prot_cs,sph_ps,sph_acf,sph_cs,h_ps,fa_prob_ps,hacf,gacf,hcs
2859995,94.43149970532173,77.66904129926115,37.508185230364006,12.501567632465552,17.00373888563678,-1.0,-1.0,1.0589209233556212,1.0589209233556212,953.4812899272588,960.8631919433556,939.381725158894,7596.685604744212,0.0,0.1797018337569093,0.13815005731507454,0.23281993459249273
