target_id,prot_ps,prot_acf,prot_cs,e_prot_ps,E_prot_ps,e_prot_acf,E_prot_acf,e_prot_cs,E_prot_cs,sph_ps,sph_acf,sph_cs,h_ps,fa_prob_ps,hacf,gacf,hcs
2855791,72.32521601314404,77.23950812593102,45.1924683973007,7.557923831447056,9.554876928088134,-1.0,-1.0,5.647711996511351,5.647711996511351,585.460614688425,590.374095793836,589.4343584919808,9905.03684135173,0.0,0.28533288788845534,0.22417191147675852,0.14837170075837428
