target_id,prot_ps,prot_acf,prot_cs,e_prot_ps,E_prot_ps,e_prot_acf,E_prot_acf,e_prot_cs,E_prot_cs,sph_ps,sph_acf,sph_cs,h_ps,fa_prob_ps,hacf,gacf,hcs
2858010,72.21345987032143,83.73768498469144,46.11470738017916,10.609838970539649,15.024835416066253,-1.0,-1.0,1.4756156979242765,1.4756156979242765,1533.1625743475975,1592.9311839691072,1571.7504093417094,12423.360355911002,0.0,0.2670960078218516,0.17131654238183436,0.21363438838493348
