target_id,prot_ps,prot_acf,prot_cs,e_prot_ps,E_prot_ps,e_prot_acf,E_prot_acf,e_prot_cs,E_prot_cs,sph_ps,sph_acf,sph_cs,h_ps,fa_prob_ps,hacf,gacf,hcs
2848223,4.698933721176142,4.740636482834816,4.697385131688337,0.4527494363123816,0.5608214397946405,-1.0,-1.0,0.12191449750003584,0.12191449750003584,3981.134078233767,3988.9705373804677,3981.134078233767,1092729.7154558874,0.0,1.446893285927614,0.8136136090859217,0.8988264093490761
