target_id,prot_ps,prot_acf,prot_cs,e_prot_ps,E_prot_ps,e_prot_acf,E_prot_acf,e_prot_cs,E_prot_cs,sph_ps,sph_acf,sph_cs,h_ps,fa_prob_ps,hacf,gacf,hcs
2835890,72.94608935659534,85.08623002655804,47.354574927942316,8.48476816588608,11.056962662996625,-1.0,-1.0,7.395504208933093,7.395504208933093,2496.207555964327,2394.610208662628,2512.3270781825704,1302084.5660177509,0.0,0.5020100814202821,0.22433229768780738,0.4710894899438859
