target_id,prot_ps,prot_acf,prot_cs,e_prot_ps,E_prot_ps,e_prot_acf,E_prot_acf,e_prot_cs,E_prot_cs,sph_ps,sph_acf,sph_cs,h_ps,fa_prob_ps,hacf,gacf,hcs
2858741,18.310176338091917,18.12471436196938,18.390080950702753,1.9892034529130278,2.5413935220851798,-1.0,-1.0,0.2874291215463648,0.2874291215463648,4584.852751495757,4622.631691084653,4588.412294096769,154890.29771471277,0.0,0.7296443649322725,0.4285078442094303,0.9840064023632725
