target_id,prot_ps,prot_acf,prot_cs,e_prot_ps,E_prot_ps,e_prot_acf,E_prot_acf,e_prot_cs,E_prot_cs,sph_ps,sph_acf,sph_cs,h_ps,fa_prob_ps,hacf,gacf,hcs
2982925,46.386155005084355,53.61822721362114,53.3854865093669,6.552828825465845,9.133293002963967,-1.0,-1.0,6.408375329597904,6.408375329597904,1542.0241090109387,1515.954083174509,1515.8823909523658,13649.513825300764,0.0,0.11788331949741378,0.1452632214575607,0.13292157598349122
