target_id,prot_ps,prot_acf,prot_cs,e_prot_ps,E_prot_ps,e_prot_acf,E_prot_acf,e_prot_cs,E_prot_cs,sph_ps,sph_acf,sph_cs,h_ps,fa_prob_ps,hacf,gacf,hcs
2973605,17.10098488574367,17.08264342136681,17.15027924639638,1.7015343040701367,2.124258305188647,-1.0,-1.0,0.8002094089269959,0.8002094089269959,2462.427298915131,2463.143445525675,2455.6585478814877,43315.22943562224,0.0,0.6772821250358312,0.4045806920878625,0.9867395709949925
