target_id,prot_ps,prot_acf,prot_cs,e_prot_ps,E_prot_ps,e_prot_acf,E_prot_acf,e_prot_cs,E_prot_cs,sph_ps,sph_acf,sph_cs,h_ps,fa_prob_ps,hacf,gacf,hcs
2995913,72.32550692500295,77.30111584067345,41.308588358759884,10.231447913671367,14.268364844561958,-1.0,-1.0,1.3043441609031452,1.3043441609031452,858.4815552149267,849.0477711042531,850.6042814921204,84222.7356093373,0.0,0.6592586485914721,0.31365554941435747,0.09788231182237041
