target_id,prot_ps,prot_acf,prot_cs,e_prot_ps,E_prot_ps,e_prot_acf,E_prot_acf,e_prot_cs,E_prot_cs,sph_ps,sph_acf,sph_cs,h_ps,fa_prob_ps,hacf,gacf,hcs
2996170,72.21217639278765,7.254000096581876,11.041923860512345,11.220329409454322,16.279278711925954,-1.0,-1.0,0.18621820569875286,0.18621820569875286,1099.224558432755,1052.0447675232192,1076.9285016513793,6359.9334056793705,0.0,9.011399673561349e-06,0.15652992605871516,0.8827593215666848
