target_id,prot_ps,prot_acf,prot_cs,e_prot_ps,E_prot_ps,e_prot_acf,E_prot_acf,e_prot_cs,E_prot_cs,sph_ps,sph_acf,sph_cs,h_ps,fa_prob_ps,hacf,gacf,hcs
3116383,7.160939536716871,7.192688196897507,7.244127743518199,0.6777147058312822,0.8359427383749978,-1.0,-1.0,0.039684805118564474,0.039684805118564474,819.9113273276415,823.8971882203442,818.3763933206011,14620.64187481036,0.0,0.5619237522077586,0.5061285128717193,0.9924003396745982
