target_id,prot_ps,prot_acf,prot_cs,e_prot_ps,E_prot_ps,e_prot_acf,E_prot_acf,e_prot_cs,E_prot_cs,sph_ps,sph_acf,sph_cs,h_ps,fa_prob_ps,hacf,gacf,hcs
3103790,61.24712753424092,50.510534416884184,56.195498701570564,9.704803627696634,14.207136118935182,-1.0,-1.0,6.23788728956159,6.23788728956159,310.12132315216786,305.80311917592206,324.7081041318705,9607.88025954764,0.0,0.2226833673178595,0.1414249740438467,0.7132237333921871
