target_id,prot_ps,prot_acf,prot_cs,e_prot_ps,E_prot_ps,e_prot_acf,E_prot_acf,e_prot_cs,E_prot_cs,sph_ps,sph_acf,sph_cs,h_ps,fa_prob_ps,hacf,gacf,hcs
3130537,72.2123453064206,81.51063184672967,46.101817621035416,6.906209395638697,8.539626800848623,-1.0,-1.0,1.6895666091025927,1.6895666091025927,2469.5910324237966,2600.334549644844,2637.871214311794,355966.3500215054,0.0,0.49847347252525737,0.19069145320393197,0.6928739214187022
