target_id,prot_ps,prot_acf,prot_cs,e_prot_ps,E_prot_ps,e_prot_acf,E_prot_acf,e_prot_cs,E_prot_cs,sph_ps,sph_acf,sph_cs,h_ps,fa_prob_ps,hacf,gacf,hcs
3216556,73.78744865805898,84.96340666059405,46.10541918820701,14.063104518176345,22.72563362722562,-1.0,-1.0,7.678837628387146,7.678837628387146,1174.384263484614,1197.5191852168584,1178.9639939306342,16851.36110164188,0.0,0.3017557426586496,0.20338021068184275,0.11127515187866036
