target_id,prot_ps,prot_acf,prot_cs,e_prot_ps,E_prot_ps,e_prot_acf,E_prot_acf,e_prot_cs,E_prot_cs,sph_ps,sph_acf,sph_cs,h_ps,fa_prob_ps,hacf,gacf,hcs
3241662,90.40681317441219,89.45901459828019,46.713816333990884,44.97851401712049,9040.681317440907,-1.0,-1.0,1.674133334934367,1.674133334934367,1096.2329263844783,1099.0076246982126,1076.0681723165433,18135.91856540658,0.0,0.2794322321813136,0.22694817431435016,0.2122356380945759
