target_id,prot_ps,prot_acf,prot_cs,e_prot_ps,E_prot_ps,e_prot_acf,E_prot_acf,e_prot_cs,E_prot_cs,sph_ps,sph_acf,sph_cs,h_ps,fa_prob_ps,hacf,gacf,hcs
3217161,11.351891839322105,11.238542012870312,11.253495346346945,1.4056944131455147,1.8684251867623782,-1.0,-1.0,0.22108848194727881,0.22108848194727881,2144.8512159041484,2144.3933702259374,2142.6675908437005,102051.94785596571,0.0,0.7666907309698874,0.4482109070235329,0.9989083463003219
