target_id,prot_ps,prot_acf,prot_cs,e_prot_ps,E_prot_ps,e_prot_acf,E_prot_acf,e_prot_cs,E_prot_cs,sph_ps,sph_acf,sph_cs,h_ps,fa_prob_ps,hacf,gacf,hcs
3343074,6.103408432762007,6.0892562521621585,6.123596765420726,0.6108214505946021,0.7636771508913327,-1.0,-1.0,0.15323888453653503,0.15323888453653503,3589.4055737786507,3588.853501641434,3610.1567526031686,1553312.6236045284,0.0,1.0785223306797762,0.761147064851977,0.7843707133661156
