target_id,prot_ps,prot_acf,prot_cs,e_prot_ps,E_prot_ps,e_prot_acf,E_prot_acf,e_prot_cs,E_prot_cs,sph_ps,sph_acf,sph_cs,h_ps,fa_prob_ps,hacf,gacf,hcs
3355257,91.0875966486239,82.04139034729451,46.148829848835064,9.438394696458957,11.90570666350817,-1.0,-1.0,1.399495471350687,1.399495471350687,327.1639896065537,330.8098163909376,319.46256369177195,22760.741230718275,0.0,0.22607352126720368,0.09285278981193955,0.1532232000985982
