target_id,prot_ps,prot_acf,prot_cs,e_prot_ps,E_prot_ps,e_prot_acf,E_prot_acf,e_prot_cs,E_prot_cs,sph_ps,sph_acf,sph_cs,h_ps,fa_prob_ps,hacf,gacf,hcs
3340694,90.40768245011029,86.74109283601865,25.013311322126533,12.562871195574445,17.398074700067383,-1.0,-1.0,1.4647286153976842,1.4647286153976842,1526.8759446271054,1537.975989811019,1431.0854090786386,17899.074594232934,0.0,0.1315299477389193,0.19397696215173865,1.4184380786407123
