target_id,prot_ps,prot_acf,prot_cs,e_prot_ps,E_prot_ps,e_prot_acf,E_prot_acf,e_prot_cs,E_prot_cs,sph_ps,sph_acf,sph_cs,h_ps,fa_prob_ps,hacf,gacf,hcs
3353050,72.86904508028256,67.10443654097617,46.45633602931629,10.870747144920294,15.493426763318297,-1.0,-1.0,8.953808234478016,8.953808234478016,396.25910271842196,399.59735144087625,397.32919048860737,55405.046507517036,0.0,0.3304513740543902,0.18995640165592914,0.7491848875522003
