target_id,prot_ps,prot_acf,prot_cs,e_prot_ps,E_prot_ps,e_prot_acf,E_prot_acf,e_prot_cs,E_prot_cs,sph_ps,sph_acf,sph_cs,h_ps,fa_prob_ps,hacf,gacf,hcs
3446721,91.87140619709317,72.7002654382959,46.37077244223103,28.567069977396926,75.55277584159424,-1.0,-1.0,1.1366482373772668,1.1366482373772668,1091.941354450656,1116.739445955187,1053.7608964417875,50997.974826003614,0.0,0.3288206668966445,0.1638724679786753,0.6088779278730034
