target_id,prot_ps,prot_acf,prot_cs,e_prot_ps,E_prot_ps,e_prot_acf,E_prot_acf,e_prot_cs,E_prot_cs,sph_ps,sph_acf,sph_cs,h_ps,fa_prob_ps,hacf,gacf,hcs
3428161,45.54323616385974,39.78458560165018,19.42027229368773,10.562321810994213,19.699837975998726,-1.0,-1.0,1.5188915686961229,1.5188915686961229,437.0833295826578,445.8291180061239,438.8342282804357,39540.54089370565,0.0,0.24689859676825093,0.08123846674358728,0.9719773228359249
