target_id,prot_ps,prot_acf,prot_cs,e_prot_ps,E_prot_ps,e_prot_acf,E_prot_acf,e_prot_cs,E_prot_cs,sph_ps,sph_acf,sph_cs,h_ps,fa_prob_ps,hacf,gacf,hcs
3448631,46.76839798413514,50.12383226817474,49.73763559884391,2.2270665706731023,2.4614946307439567,-1.0,-1.0,7.8869063570115845,7.8869063570115845,1081.1119249000326,1081.1119249000326,1081.1119249000326,22005.254442247893,0.0,0.5602474020299776,0.26474240307280966,0.9527662510454363
