target_id,prot_ps,prot_acf,prot_cs,e_prot_ps,E_prot_ps,e_prot_acf,E_prot_acf,e_prot_cs,E_prot_cs,sph_ps,sph_acf,sph_cs,h_ps,fa_prob_ps,hacf,gacf,hcs
3426852,72.2122961861011,76.91296277754009,38.981140751458874,8.508461507788645,11.131649397319265,-1.0,-1.0,8.14743357790198,8.14743357790198,2135.937113216784,2107.5255320281017,2063.8455263381356,54589.72031757065,0.0,0.36268197564056903,0.3276494061893253,0.07652859753553447
