target_id,prot_ps,prot_acf,prot_cs,e_prot_ps,E_prot_ps,e_prot_acf,E_prot_acf,e_prot_cs,E_prot_cs,sph_ps,sph_acf,sph_cs,h_ps,fa_prob_ps,hacf,gacf,hcs
3543358,72.32539776781736,73.03033901192248,-1.0,11.243522519791192,16.316595433833655,-1.0,-1.0,-1.0,-1.0,689.1416175500171,686.8382040426415,-1.0,165134.7631052834,0.0,0.7936502593251298,0.33638650202572046,0.9998123398334035
