target_id,prot_ps,prot_acf,prot_cs,e_prot_ps,E_prot_ps,e_prot_acf,E_prot_acf,e_prot_cs,E_prot_cs,sph_ps,sph_acf,sph_cs,h_ps,fa_prob_ps,hacf,gacf,hcs
3533706,17.427995795941587,17.36866058781743,17.501672069962343,1.6787973922804227,2.0794058300993505,-1.0,-1.0,0.3783598912783572,0.3783598912783572,5190.044234713756,5185.801710927595,5201.02487856763,2239942.8871673904,0.0,0.9324236895079598,0.5384817078330558,0.9783035201436966
