target_id,prot_ps,prot_acf,prot_cs,e_prot_ps,E_prot_ps,e_prot_acf,E_prot_acf,e_prot_cs,E_prot_cs,sph_ps,sph_acf,sph_cs,h_ps,fa_prob_ps,hacf,gacf,hcs
3553517,72.32530654211207,68.55525313410908,28.934607911463825,11.264462642765984,16.360741345287295,-1.0,-1.0,4.8134845226068474,4.8134845226068474,936.8074882986872,949.1734648209821,887.3782780670656,29421.630066844697,0.0,0.26377479784048513,0.14117316152879802,0.09959951405406367
