target_id,prot_ps,prot_acf,prot_cs,e_prot_ps,E_prot_ps,e_prot_acf,E_prot_acf,e_prot_cs,E_prot_cs,sph_ps,sph_acf,sph_cs,h_ps,fa_prob_ps,hacf,gacf,hcs
3556864,6.316622284155117,6.416190190240741,6.4354467920247025,0.6248773214940684,0.7790047606026489,-1.0,-1.0,0.14092720511778026,0.14092720511778026,5205.543945536303,5227.414436061547,5247.75502500546,417442.5726657339,0.0,1.1301298771889576,0.7695861355292011,0.8455009778645841
