target_id,prot_ps,prot_acf,prot_cs,e_prot_ps,E_prot_ps,e_prot_acf,E_prot_acf,e_prot_cs,E_prot_cs,sph_ps,sph_acf,sph_cs,h_ps,fa_prob_ps,hacf,gacf,hcs
3543363,72.32618535049176,62.20024145767093,46.843166028298484,35.98317679128943,7232.618535049228,-1.0,-1.0,1.732734035079992,1.732734035079992,1180.0091267205873,1180.7606068454302,1145.0040768963918,20843.221516236103,0.0,0.27797966294073706,0.09525302045602438,0.7868693856480541
