target_id,prot_ps,prot_acf,prot_cs,e_prot_ps,E_prot_ps,e_prot_acf,E_prot_acf,e_prot_cs,E_prot_cs,sph_ps,sph_acf,sph_cs,h_ps,fa_prob_ps,hacf,gacf,hcs
3525933,31.79018120175536,32.44872845336795,32.092160247126586,3.535907583379821,4.547515099871966,-1.0,-1.0,2.4105190593590384,2.4105190593590384,1439.372296625803,1434.842047937046,1439.2736707398972,67477.64211259714,0.0,0.8069115604762203,0.41505107291441096,0.9772377425907327
