target_id,prot_ps,prot_acf,prot_cs,e_prot_ps,E_prot_ps,e_prot_acf,E_prot_acf,e_prot_cs,E_prot_cs,sph_ps,sph_acf,sph_cs,h_ps,fa_prob_ps,hacf,gacf,hcs
3525674,90.40654233998013,52.59643774945289,25.472461744049976,12.482189927538997,17.2438010806882,-1.0,-1.0,0.5540105840368105,0.5540105840368105,656.3859061175814,622.6076400994284,630.503589442929,19152.6650065791,0.0,0.23026880527661803,0.02376131239304295,3.696729358467425
