target_id,prot_ps,prot_acf,prot_cs,e_prot_ps,E_prot_ps,e_prot_acf,E_prot_acf,e_prot_cs,E_prot_cs,sph_ps,sph_acf,sph_cs,h_ps,fa_prob_ps,hacf,gacf,hcs
3525551,90.40667924825435,95.36423085676506,47.612027724967334,19.580273470794197,34.542850817971555,-1.0,-1.0,5.7069705133748885,5.7069705133748885,1045.5161759669945,1029.288027229046,1009.3244717055013,26267.06733759011,0.0,0.33033139333342537,0.2532112643813489,0.1331207510533827
