target_id,prot_ps,prot_acf,prot_cs,e_prot_ps,E_prot_ps,e_prot_acf,E_prot_acf,e_prot_cs,E_prot_cs,sph_ps,sph_acf,sph_cs,h_ps,fa_prob_ps,hacf,gacf,hcs
3627629,60.724387571551624,48.14197973720729,21.855764052257868,30.211138095299315,6072.438757155186,-1.0,-1.0,2.8541763422865976,2.8541763422865976,576.0581910813148,570.645342033825,556.5359189728578,37611.45938398553,0.0,0.18469476215903036,0.04932706001652354,1.843779938870716
