target_id,prot_ps,prot_acf,prot_cs,e_prot_ps,E_prot_ps,e_prot_acf,E_prot_acf,e_prot_cs,E_prot_cs,sph_ps,sph_acf,sph_cs,h_ps,fa_prob_ps,hacf,gacf,hcs
3654354,72.32521282768009,77.28037206828594,45.85867744466013,14.489469769719122,24.17633409651019,-1.0,-1.0,2.3305083849688515,2.3305083849688515,978.6556239541796,985.871568957434,958.7754649423978,19853.08189465253,0.0,0.3086982263579388,0.2051578565913207,0.1524937443838451
