target_id,prot_ps,prot_acf,prot_cs,e_prot_ps,E_prot_ps,e_prot_acf,E_prot_acf,e_prot_cs,E_prot_cs,sph_ps,sph_acf,sph_cs,h_ps,fa_prob_ps,hacf,gacf,hcs
3662806,72.32616745367466,80.01828783750534,40.98709980636834,9.726043429222827,13.304201941757412,-1.0,-1.0,9.93930699297886,9.93930699297886,1344.6229606442687,1359.7495893395173,1304.0395226225025,18709.17892070043,0.0,0.25215220506346026,0.14828373984520005,0.11574093847392533
