target_id,prot_ps,prot_acf,prot_cs,e_prot_ps,E_prot_ps,e_prot_acf,E_prot_acf,e_prot_cs,E_prot_cs,sph_ps,sph_acf,sph_cs,h_ps,fa_prob_ps,hacf,gacf,hcs
3648701,72.32524423816973,85.26999212801456,46.12610034272074,10.236793616029871,14.278783769781029,-1.0,-1.0,4.755760082499808,4.755760082499808,631.9218649723363,632.171686123332,619.7730114931652,56202.304419330016,0.0,0.5422879533928082,0.19706673251551457,0.1300520793123901
