target_id,prot_ps,prot_acf,prot_cs,e_prot_ps,E_prot_ps,e_prot_acf,E_prot_acf,e_prot_cs,E_prot_cs,sph_ps,sph_acf,sph_cs,h_ps,fa_prob_ps,hacf,gacf,hcs
3656700,92.92748245625106,0.36780655290931463,52.43563539006781,16.912761118214007,26.592355080169654,-1.0,-1.0,0.03170220361744263,0.03170220361744263,445.42480919776864,258.25005791175374,444.0792072542904,32247.121700461175,0.0,0.005910670521662442,0.556988311679507,0.3143644311384321
