target_id,prot_ps,prot_acf,prot_cs,e_prot_ps,E_prot_ps,e_prot_acf,E_prot_acf,e_prot_cs,E_prot_cs,sph_ps,sph_acf,sph_cs,h_ps,fa_prob_ps,hacf,gacf,hcs
3653838,74.13733131614248,71.33395791146904,37.37108211134717,36.88424443589178,7413.733131614245,-1.0,-1.0,0.9769397088161769,0.9769397088161769,1357.1316047592861,1351.779286459113,1299.4732745733936,22839.476645436138,0.0,0.30044700733174357,0.216350284635676,0.059646651596671485
