target_id,prot_ps,prot_acf,prot_cs,e_prot_ps,E_prot_ps,e_prot_acf,E_prot_acf,e_prot_cs,E_prot_cs,sph_ps,sph_acf,sph_cs,h_ps,fa_prob_ps,hacf,gacf,hcs
3644734,39.09479348298234,37.92508581280708,19.804618761115712,11.820117905764313,29.90089255831093,-1.0,-1.0,1.527373552850648,1.527373552850648,1496.8043512158706,1543.9299177771304,1496.5305106530002,82403.97104853636,0.0,0.3378726544008236,0.10193334090130918,0.8685343955956742
