target_id,prot_ps,prot_acf,prot_cs,e_prot_ps,E_prot_ps,e_prot_acf,E_prot_acf,e_prot_cs,E_prot_cs,sph_ps,sph_acf,sph_cs,h_ps,fa_prob_ps,hacf,gacf,hcs
3750168,72.32613383486488,56.96916907839477,29.501296149643,15.646619928021018,27.579325200931876,-1.0,-1.0,4.758962211129645,4.758962211129645,1295.8734817693978,1290.1360247706612,1259.9142684369476,20738.648075958004,0.0,0.19536029824782547,0.05831335659314167,0.2002396801797698
