target_id,prot_ps,prot_acf,prot_cs,e_prot_ps,E_prot_ps,e_prot_acf,E_prot_acf,e_prot_cs,E_prot_cs,sph_ps,sph_acf,sph_cs,h_ps,fa_prob_ps,hacf,gacf,hcs
3762238,72.21213306367713,73.92945577204227,46.006144600796034,8.006437049164376,10.287713898802437,-1.0,-1.0,1.3350130665759268,1.3350130665759268,1034.5239578002227,1047.7329943665736,1024.9422295346753,13225.66497223487,0.0,0.22253370973724695,0.1323412091670149,0.15697727274894493
