target_id,prot_ps,prot_acf,prot_cs,e_prot_ps,E_prot_ps,e_prot_acf,E_prot_acf,e_prot_cs,E_prot_cs,sph_ps,sph_acf,sph_cs,h_ps,fa_prob_ps,hacf,gacf,hcs
3744035,62.89152374253882,57.45968013070524,52.23095332090905,31.289315294795436,6289.1523742538875,-1.0,-1.0,1.2071932400315983,1.2071932400315983,271.96458120598584,267.86906921152246,265.73147427199746,7622.018752856486,0.0,0.25684788786749024,0.13445385714722485,0.07635578277215824
