target_id,prot_ps,prot_acf,prot_cs,e_prot_ps,E_prot_ps,e_prot_acf,E_prot_acf,e_prot_cs,E_prot_cs,sph_ps,sph_acf,sph_cs,h_ps,fa_prob_ps,hacf,gacf,hcs
3736200,8.24438344544548,8.234779107384384,8.160818829845253,0.8977501496583997,1.147702060074236,-1.0,-1.0,0.039308082284883625,0.039308082284883625,4284.539300844964,4283.619923059268,4237.859003441152,1261240.0455440287,0.0,1.0978859001374164,0.6690036085610371,0.8300685362299194
