target_id,prot_ps,prot_acf,prot_cs,e_prot_ps,E_prot_ps,e_prot_acf,E_prot_acf,e_prot_cs,E_prot_cs,sph_ps,sph_acf,sph_cs,h_ps,fa_prob_ps,hacf,gacf,hcs
3757656,72.32533052440756,74.03152856277302,34.321163764805526,13.119744517727597,20.589617721700904,-1.0,-1.0,5.087446256685272,5.087446256685272,613.3837337484745,611.4793422213406,571.0958881753746,28843.186029017656,0.0,0.4713366906672479,0.2221925101283652,0.9837301999867877
