target_id,prot_ps,prot_acf,prot_cs,e_prot_ps,E_prot_ps,e_prot_acf,E_prot_acf,e_prot_cs,E_prot_cs,sph_ps,sph_acf,sph_cs,h_ps,fa_prob_ps,hacf,gacf,hcs
3760764,72.32549177570301,63.09949478507042,49.10170585512393,11.729178981444768,17.35969703497925,-1.0,-1.0,4.30206552619807,4.30206552619807,1078.03201418547,1070.7668191227542,1069.5407203831335,7392.096838167281,0.0,0.10514547596022203,0.08283913855116781,0.6431635314693913
