target_id,prot_ps,prot_acf,prot_cs,e_prot_ps,E_prot_ps,e_prot_acf,E_prot_acf,e_prot_cs,E_prot_cs,sph_ps,sph_acf,sph_cs,h_ps,fa_prob_ps,hacf,gacf,hcs
3765196,72.3259827832224,80.61079840175807,46.12592795239761,11.569358374639194,17.011826069772482,-1.0,-1.0,6.428772035948644,6.428772035948644,1058.013458672221,1077.3715949369432,1050.9645913932898,18240.62252104404,0.0,0.2774524385111705,0.1739242596902099,0.10656226802308431
