target_id,prot_ps,prot_acf,prot_cs,e_prot_ps,E_prot_ps,e_prot_acf,E_prot_acf,e_prot_cs,E_prot_cs,sph_ps,sph_acf,sph_cs,h_ps,fa_prob_ps,hacf,gacf,hcs
3847540,91.08640923597554,0.6947470884770155,5.077871245529025,9.790066365832473,12.47082123471803,-1.0,-1.0,0.20884593726529638,0.20884593726529638,365.1264328020845,276.7482889814246,339.9349750261235,25711.525889296932,0.0,0.1911608838706631,0.2656978021240213,0.2266312813091955
