target_id,prot_ps,prot_acf,prot_cs,e_prot_ps,E_prot_ps,e_prot_acf,E_prot_acf,e_prot_cs,E_prot_cs,sph_ps,sph_acf,sph_cs,h_ps,fa_prob_ps,hacf,gacf,hcs
3853692,91.18680486803994,62.6096121147275,46.669703458612794,7.017974422293491,8.29474483108828,-1.0,-1.0,3.1771759959249017,3.1771759959249017,1006.6082703962671,950.1975038926269,983.8557441239445,21765.204480078075,0.0,0.16463503374240326,0.041165841783134635,0.13979270362832732
