target_id,prot_ps,prot_acf,prot_cs,e_prot_ps,E_prot_ps,e_prot_acf,E_prot_acf,e_prot_cs,E_prot_cs,sph_ps,sph_acf,sph_cs,h_ps,fa_prob_ps,hacf,gacf,hcs
3853682,62.88676561038741,2.268164341337979,4.457862456813454,9.10799352282389,12.822079047058828,-1.0,-1.0,0.24377496066712967,0.24377496066712967,2898.0023142674527,2202.281220534517,2416.3092522539678,45978.69128593365,0.0,0.12659481763245498,0.4604300420255592,7.878813084022706
