target_id,prot_ps,prot_acf,prot_cs,e_prot_ps,E_prot_ps,e_prot_acf,E_prot_acf,e_prot_cs,E_prot_cs,sph_ps,sph_acf,sph_cs,h_ps,fa_prob_ps,hacf,gacf,hcs
3860060,90.40653193267406,59.40086658904329,28.594052549864486,15.931037511695067,24.601301772316717,-1.0,-1.0,0.447156094819783,0.447156094819783,893.4831336684296,874.431608394978,840.8146420119853,23572.24436607174,0.0,0.19110835334855797,0.009895672193685255,0.10270550437416623
