target_id,prot_ps,prot_acf,prot_cs,e_prot_ps,E_prot_ps,e_prot_acf,E_prot_acf,e_prot_cs,E_prot_cs,sph_ps,sph_acf,sph_cs,h_ps,fa_prob_ps,hacf,gacf,hcs
3850551,72.87008026826528,80.8971056509763,46.4562714494951,12.28655846404316,18.53786324389317,-1.0,-1.0,5.398859641579544,5.398859641579544,454.43743385651726,460.9562733590294,455.6407190665237,35487.7747031043,0.0,0.26257235021053527,0.1711567562462624,0.12817102235901862
