target_id,prot_ps,prot_acf,prot_cs,e_prot_ps,E_prot_ps,e_prot_acf,E_prot_acf,e_prot_cs,E_prot_cs,sph_ps,sph_acf,sph_cs,h_ps,fa_prob_ps,hacf,gacf,hcs
3847849,90.4077299298211,54.59889664500952,28.4267167091266,16.066308779337547,24.92519440958911,-1.0,-1.0,0.701239781537243,0.701239781537243,1028.2290090986119,1023.5019559761502,995.5535642247866,7662.555326121531,0.0,0.18924174194988222,0.0882415807377335,0.19605267742919294
