target_id,prot_ps,prot_acf,prot_cs,e_prot_ps,E_prot_ps,e_prot_acf,E_prot_acf,e_prot_cs,E_prot_cs,sph_ps,sph_acf,sph_cs,h_ps,fa_prob_ps,hacf,gacf,hcs
3866116,73.70620241379555,71.55921429395676,32.0716873794794,15.6375412089914,27.163642574547424,-1.0,-1.0,5.084751471077013,5.084751471077013,992.3206972080793,998.3972013171519,962.0071431663,11626.547166448488,0.0,0.24617892006525288,0.17441343540568469,0.16299323813180558
