target_id,prot_ps,prot_acf,prot_cs,e_prot_ps,E_prot_ps,e_prot_acf,E_prot_acf,e_prot_cs,E_prot_cs,sph_ps,sph_acf,sph_cs,h_ps,fa_prob_ps,hacf,gacf,hcs
3832957,17.85831668824806,17.593431489542127,17.98870053564595,1.9543116013789632,2.501898376566121,-1.0,-1.0,0.20777096149745328,0.20777096149745328,1715.5835372568208,1695.0692047906125,1716.2564351735994,92867.35493463672,0.0,0.5834718461273626,0.3492794045337425,0.9497065102229839
