target_id,prot_ps,prot_acf,prot_cs,e_prot_ps,E_prot_ps,e_prot_acf,E_prot_acf,e_prot_cs,E_prot_cs,sph_ps,sph_acf,sph_cs,h_ps,fa_prob_ps,hacf,gacf,hcs
3869453,72.32597806462459,78.85349803930148,-1.0,9.181280672501444,12.305468128059545,-1.0,-1.0,-1.0,-1.0,899.435527890071,901.6508218216233,-1.0,62453.465977631604,0.0,0.4417275188582176,0.3173845495400432,0.09064320823872894
