target_id,prot_ps,prot_acf,prot_cs,e_prot_ps,E_prot_ps,e_prot_acf,E_prot_acf,e_prot_cs,E_prot_cs,sph_ps,sph_acf,sph_cs,h_ps,fa_prob_ps,hacf,gacf,hcs
3869826,72.32601171458289,69.4540440235287,28.93448526572436,10.65287635816263,15.101453332504406,-1.0,-1.0,5.423672612134102,5.423672612134102,1245.5476973718048,1251.7701627131341,1218.4426628471556,21145.52554629562,0.0,0.19350985942333798,0.1240485346446195,0.40181482677217994
