target_id,prot_ps,prot_acf,prot_cs,e_prot_ps,E_prot_ps,e_prot_acf,E_prot_acf,e_prot_cs,E_prot_cs,sph_ps,sph_acf,sph_cs,h_ps,fa_prob_ps,hacf,gacf,hcs
3952668,90.40770772358164,86.96588543057442,46.76862560451801,13.990478385267295,20.261299226026708,-1.0,-1.0,4.939632931001904,4.939632931001904,1513.0804496265916,1507.1404678288854,1446.4818955895769,21856.497501750684,0.0,0.27899163480289774,0.13343583274967477,0.13164094610859006
