target_id,prot_ps,prot_acf,prot_cs,e_prot_ps,E_prot_ps,e_prot_acf,E_prot_acf,e_prot_cs,E_prot_cs,sph_ps,sph_acf,sph_cs,h_ps,fa_prob_ps,hacf,gacf,hcs
3969429,73.48438871672981,73.07092848792672,51.625346590094274,11.999090771493094,17.818012348450083,-1.0,-1.0,5.143212353396354,5.143212353396354,352.1655532008842,352.2503420006741,353.966085133909,14722.562926094153,0.0,0.2118953423494404,0.12864360849159098,0.10126542750586033
