target_id,prot_ps,prot_acf,prot_cs,e_prot_ps,E_prot_ps,e_prot_acf,E_prot_acf,e_prot_cs,E_prot_cs,sph_ps,sph_acf,sph_cs,h_ps,fa_prob_ps,hacf,gacf,hcs
3956527,72.86911895846482,58.583622672595084,32.030082754373545,14.544831698711924,24.20927939148382,-1.0,-1.0,4.707394195165969,4.707394195165969,109.08053882794567,107.45170950915535,107.73040237141682,36800.873625515276,0.0,0.2961871970385319,0.11315626571430078,0.8194289417990446
