target_id,prot_ps,prot_acf,prot_cs,e_prot_ps,E_prot_ps,e_prot_acf,E_prot_acf,e_prot_cs,E_prot_cs,sph_ps,sph_acf,sph_cs,h_ps,fa_prob_ps,hacf,gacf,hcs
3946621,2.596979630557332,2.6359454006887972,2.5984384492799406,0.23277530851452166,0.28361851643758174,-1.0,-1.0,0.034112126137045,0.034112126137045,1139.3281090170126,1140.573823630894,1139.3281090170126,41920.49601323527,0.0,1.3026154804477605,0.833080254204745,0.4880605604457938
