target_id,prot_ps,prot_acf,prot_cs,e_prot_ps,E_prot_ps,e_prot_acf,E_prot_acf,e_prot_cs,E_prot_cs,sph_ps,sph_acf,sph_cs,h_ps,fa_prob_ps,hacf,gacf,hcs
3945683,60.271846797202116,59.891154748387635,28.93451823500916,8.892328280389641,12.614556171017739,-1.0,-1.0,3.3193509138771793,3.3193509138771793,811.8693038851027,813.4891118863785,807.7635856032687,9055.136479766312,0.0,0.2534944909911405,0.19362260295053782,0.3386722787320532
