target_id,prot_ps,prot_acf,prot_cs,e_prot_ps,E_prot_ps,e_prot_acf,E_prot_acf,e_prot_cs,E_prot_cs,sph_ps,sph_acf,sph_cs,h_ps,fa_prob_ps,hacf,gacf,hcs
4043144,85.08861796304616,49.44961866363883,26.850121248019857,11.843699907192033,16.412769763493472,-1.0,-1.0,4.137663660608844,4.137663660608844,529.7401907406291,512.103391316917,511.80487397464145,4385.035334496052,0.0,0.0701336422872497,0.012795995900302786,0.9175812781382932
