target_id,prot_ps,prot_acf,prot_cs,e_prot_ps,E_prot_ps,e_prot_acf,E_prot_acf,e_prot_cs,E_prot_cs,sph_ps,sph_acf,sph_cs,h_ps,fa_prob_ps,hacf,gacf,hcs
4070376,0.8253571332509756,0.8173558861017227,0.8175445077762297,0.035970309981420034,0.03940496578558528,-1.0,-1.0,0.007199342456088446,0.007199342456088446,3868.152529511724,3870.3763779081137,3870.3763779081137,420050.6687269881,0.0,1.1108305504614686,0.6098826234854984,0.7593230951344266
