target_id,prot_ps,prot_acf,prot_cs,e_prot_ps,E_prot_ps,e_prot_acf,E_prot_acf,e_prot_cs,E_prot_cs,sph_ps,sph_acf,sph_cs,h_ps,fa_prob_ps,hacf,gacf,hcs
4067938,33.65963782152651,33.020912162959576,33.8657039468731,4.265686112766222,5.7139418981195575,-1.0,-1.0,0.8860112814773108,0.8860112814773108,1298.7486555303685,1308.7209712867846,1296.299272446266,12426.555348112555,0.0,0.18450132860655238,0.07520672789571091,0.9293913981224602
