target_id,prot_ps,prot_acf,prot_cs,e_prot_ps,E_prot_ps,e_prot_acf,E_prot_acf,e_prot_cs,E_prot_cs,sph_ps,sph_acf,sph_cs,h_ps,fa_prob_ps,hacf,gacf,hcs
4059974,73.78732917701518,69.55638990551233,34.80896017213262,12.0302752460791,17.851184073237732,-1.0,-1.0,1.5117199900277722,1.5117199900277722,1034.180947391718,1050.3651292549212,1030.9444749472177,20320.017044509816,0.0,0.20855049575070805,0.0741695754389554,1.1328180746172254
