target_id,prot_ps,prot_acf,prot_cs,e_prot_ps,E_prot_ps,e_prot_acf,E_prot_acf,e_prot_cs,E_prot_cs,sph_ps,sph_acf,sph_cs,h_ps,fa_prob_ps,hacf,gacf,hcs
4056376,47.604694767870306,52.228556698188186,51.64558301954997,4.572425811543006,5.659641779811992,-1.0,-1.0,5.013427940930458,5.013427940930458,364.0914683976927,354.5976390322621,362.4121073213599,16060.935890843473,0.0,0.2827995300356656,0.15760793083169633,0.16195946827370813
