target_id,prot_ps,prot_acf,prot_cs,e_prot_ps,E_prot_ps,e_prot_acf,E_prot_acf,e_prot_cs,E_prot_cs,sph_ps,sph_acf,sph_cs,h_ps,fa_prob_ps,hacf,gacf,hcs
4173466,38.57824095192301,39.21226081158966,38.84077623547986,4.5792042748973145,6.004712857313372,-1.0,-1.0,1.961146461548173,1.961146461548173,2069.4776725737674,2068.375747235374,2081.0277283574183,82241.90162288735,0.0,0.9646236892874958,0.46683002319225236,0.9916338883389193
