target_id,prot_ps,prot_acf,prot_cs,e_prot_ps,E_prot_ps,e_prot_acf,E_prot_acf,e_prot_cs,E_prot_cs,sph_ps,sph_acf,sph_cs,h_ps,fa_prob_ps,hacf,gacf,hcs
4138791,53.57495851536416,55.92709728889167,53.87609407446373,6.466213312348771,8.523758089001731,-1.0,-1.0,2.571323150007321,2.571323150007321,991.4824445591944,1020.4304539795291,990.0788800714727,4525.50631581558,0.0,0.16536985146887417,0.07005218818613085,0.1811637835327184
