target_id,prot_ps,prot_acf,prot_cs,e_prot_ps,E_prot_ps,e_prot_acf,E_prot_acf,e_prot_cs,E_prot_cs,sph_ps,sph_acf,sph_cs,h_ps,fa_prob_ps,hacf,gacf,hcs
4156956,90.4076912976556,75.60472856275737,32.793857519752336,9.70721878065973,12.361839931158272,-1.0,-1.0,7.173639340949037,7.173639340949037,912.5305938013793,899.0171026309748,889.6855423868953,7046.540907890697,0.0,0.10171384807869588,0.03307726692004745,0.3383531391042145
