target_id,prot_ps,prot_acf,prot_cs,e_prot_ps,E_prot_ps,e_prot_acf,E_prot_acf,e_prot_cs,E_prot_cs,sph_ps,sph_acf,sph_cs,h_ps,fa_prob_ps,hacf,gacf,hcs
4159944,90.40784553865451,66.06218429002911,28.64102811914189,44.97902763117139,9040.784553865204,-1.0,-1.0,0.3780307885262425,0.3780307885262425,863.9241846739438,793.5207401844393,791.0800541844861,19581.67603511498,0.0,0.2723207411808334,0.10311581882251132,0.11141915949898148
