target_id,prot_ps,prot_acf,prot_cs,e_prot_ps,E_prot_ps,e_prot_acf,E_prot_acf,e_prot_cs,E_prot_cs,sph_ps,sph_acf,sph_cs,h_ps,fa_prob_ps,hacf,gacf,hcs
4157092,72.32608380466401,60.05461745103821,28.649487741099033,30.99581581902823,216.9254776527623,-1.0,-1.0,0.3588438117389672,0.3588438117389672,877.373149389168,876.6431852913587,838.0746348204624,15539.575122155822,0.0,0.26699170152291046,0.11957134826599468,0.1472458093503719
