target_id,prot_ps,prot_acf,prot_cs,e_prot_ps,E_prot_ps,e_prot_acf,E_prot_acf,e_prot_cs,E_prot_cs,sph_ps,sph_acf,sph_cs,h_ps,fa_prob_ps,hacf,gacf,hcs
4141562,53.10150147837549,52.73945467500016,52.70221209893838,9.403748527434416,14.56094657728422,-1.0,-1.0,1.3482259741950675,1.3482259741950675,189.45206060020112,189.81052358964678,189.9343028030138,15869.074504307517,0.0,0.2971113876244783,0.22924685611136575,0.06363904004643593
