target_id,prot_ps,prot_acf,prot_cs,e_prot_ps,E_prot_ps,e_prot_acf,E_prot_acf,e_prot_cs,E_prot_cs,sph_ps,sph_acf,sph_cs,h_ps,fa_prob_ps,hacf,gacf,hcs
4178279,72.8676564916357,71.23187881987542,31.283564389688927,16.234735358243512,29.283174395539987,-1.0,-1.0,0.8163879203527828,0.8163879203527828,719.6962338553474,723.1140917625064,704.1873200853059,7427.1935720552665,0.0,0.19514241747078137,0.09989439728797217,0.22506013616083093
