target_id,prot_ps,prot_acf,prot_cs,e_prot_ps,E_prot_ps,e_prot_acf,E_prot_acf,e_prot_cs,E_prot_cs,sph_ps,sph_acf,sph_cs,h_ps,fa_prob_ps,hacf,gacf,hcs
4263668,61.380442642440634,51.92228063335642,30.688090800312352,20.82644190647551,64.79951391530659,-1.0,-1.0,4.120555239778421,4.120555239778421,756.2569832476626,758.379884882125,753.406463829627,2021.1940247046336,0.0,0.11521557678568517,0.042808987182454336,0.17345942307824125
