target_id,prot_ps,prot_acf,prot_cs,e_prot_ps,E_prot_ps,e_prot_acf,E_prot_acf,e_prot_cs,E_prot_cs,sph_ps,sph_acf,sph_cs,h_ps,fa_prob_ps,hacf,gacf,hcs
4281678,72.3261171418756,65.69434457458556,23.206946993349913,10.059364220720937,13.935857990817496,-1.0,-1.0,0.40211280996588017,0.40211280996588017,479.8444488967651,480.2708156506884,467.40884702372597,8304.356172145363,0.0,0.147389550069517,0.0792995264147564,0.08299784794907207
