target_id,prot_ps,prot_acf,prot_cs,e_prot_ps,E_prot_ps,e_prot_acf,E_prot_acf,e_prot_cs,E_prot_cs,sph_ps,sph_acf,sph_cs,h_ps,fa_prob_ps,hacf,gacf,hcs
4281035,72.21323210522554,80.69293576991186,45.89623549602764,7.5210887184918676,9.49994937935169,-1.0,-1.0,1.292263414092013,1.292263414092013,4084.9963605759294,4368.703061847178,4431.268589159782,558154.8288419736,0.0,0.455868001386578,0.16223869556311313,0.8263753476575497
