target_id,prot_ps,prot_acf,prot_cs,e_prot_ps,E_prot_ps,e_prot_acf,E_prot_acf,e_prot_cs,E_prot_cs,sph_ps,sph_acf,sph_cs,h_ps,fa_prob_ps,hacf,gacf,hcs
4275197,9.861502004776469,9.869555231183767,9.761687788643245,1.1266158359707639,1.4602693961978126,-1.0,-1.0,0.051832746690117594,0.051832746690117594,3542.102921276302,3540.886290492271,3539.197241231772,345598.02671356,0.0,1.0330795057593263,0.6364656317804431,0.939795705685214
