target_id,prot_ps,prot_acf,prot_cs,e_prot_ps,E_prot_ps,e_prot_acf,E_prot_acf,e_prot_cs,E_prot_cs,sph_ps,sph_acf,sph_cs,h_ps,fa_prob_ps,hacf,gacf,hcs
4276976,14.871267009572888,14.46710324473679,14.944712861943906,1.6022953237310134,2.0424121530257846,-1.0,-1.0,0.1688851230700939,0.1688851230700939,421.66264952742904,405.7873602475868,423.8211588841288,55272.498950827336,0.0,0.4290175315308552,0.24496171733758557,0.9513866400019309
