target_id,prot_ps,prot_acf,prot_cs,e_prot_ps,E_prot_ps,e_prot_acf,E_prot_acf,e_prot_cs,E_prot_cs,sph_ps,sph_acf,sph_cs,h_ps,fa_prob_ps,hacf,gacf,hcs
4242297,17.15982875457875,16.612600894644856,17.006819879308,2.0821979801248123,2.7494398484106846,-1.0,-1.0,0.2739554910726845,0.2739554910726845,1384.5195185404964,1376.0894763742979,1384.69047913733,18012.714475636956,0.0,0.4837068467895017,0.24256024387034775,0.9480863954595603
