target_id,prot_ps,prot_acf,prot_cs,e_prot_ps,E_prot_ps,e_prot_acf,E_prot_acf,e_prot_cs,E_prot_cs,sph_ps,sph_acf,sph_cs,h_ps,fa_prob_ps,hacf,gacf,hcs
4252435,61.24379641794791,66.49108460824937,37.82942214744631,13.24214897125124,23.331736972682457,-1.0,-1.0,5.878151445246803,5.878151445246803,702.92344916571,703.8361842729992,696.9106819004198,3305.3261085760596,0.0,0.12558848566993155,0.06353999448438834,0.17761563696799937
