target_id,prot_ps,prot_acf,prot_cs,e_prot_ps,E_prot_ps,e_prot_acf,E_prot_acf,e_prot_cs,E_prot_cs,sph_ps,sph_acf,sph_cs,h_ps,fa_prob_ps,hacf,gacf,hcs
4273285,90.40768245936289,85.76027482515201,-1.0,15.612422432059091,23.849531164968027,-1.0,-1.0,-1.0,-1.0,653.1345561886778,646.8526787057365,-1.0,52372.715074569096,0.0,0.3189967044355657,0.18095357784338523,0.9078994418751012
