target_id,prot_ps,prot_acf,prot_cs,e_prot_ps,E_prot_ps,e_prot_acf,E_prot_acf,e_prot_cs,E_prot_cs,sph_ps,sph_acf,sph_cs,h_ps,fa_prob_ps,hacf,gacf,hcs
4372768,47.21577254920352,13.506777700036764,47.837082663085724,11.26350044747933,21.540758798528486,-1.0,-1.0,1.3613043420044368,1.3613043420044368,1060.4871526466368,962.3006148215431,1062.5600368901555,2317.536713816458,0.0,0.05719558790455645,0.03978911901640475,2.330607713965976
