target_id,prot_ps,prot_acf,prot_cs,e_prot_ps,E_prot_ps,e_prot_acf,E_prot_acf,e_prot_cs,E_prot_cs,sph_ps,sph_acf,sph_cs,h_ps,fa_prob_ps,hacf,gacf,hcs
4372247,11.641421057835975,11.279390417039394,11.631871367571877,1.498442580560539,2.0179222134903316,-1.0,-1.0,0.5502689811075544,0.5502689811075544,1410.551131408347,1418.826976425923,1413.800399975392,36819.32491088138,0.0,0.580158491654214,0.4398014917908622,0.8504238890619884
