target_id,prot_ps,prot_acf,prot_cs,e_prot_ps,E_prot_ps,e_prot_acf,E_prot_acf,e_prot_cs,E_prot_cs,sph_ps,sph_acf,sph_cs,h_ps,fa_prob_ps,hacf,gacf,hcs
4365996,72.32547879739373,62.874822134617716,28.588395605515785,22.597596532225914,60.24197477872765,-1.0,-1.0,0.4905561103466639,0.4905561103466639,726.187185015312,733.8638596789839,657.2604426036193,43691.39265700468,0.0,0.408714374912404,0.2448248204018295,0.9493015460781548
