target_id,prot_ps,prot_acf,prot_cs,e_prot_ps,E_prot_ps,e_prot_acf,E_prot_acf,e_prot_cs,E_prot_cs,sph_ps,sph_acf,sph_cs,h_ps,fa_prob_ps,hacf,gacf,hcs
4357905,52.170001466832645,55.66127243824303,52.892794364761784,5.267677908945068,6.600626952698619,-1.0,-1.0,1.3609382975825712,1.3609382975825712,674.9525243840893,681.2096570105729,684.3539650738632,1703.3767294332804,0.0,0.06120378381669875,0.029128590385824504,0.20242229514858537
