target_id,prot_ps,prot_acf,prot_cs,e_prot_ps,E_prot_ps,e_prot_acf,E_prot_acf,e_prot_cs,E_prot_cs,sph_ps,sph_acf,sph_cs,h_ps,fa_prob_ps,hacf,gacf,hcs
4460061,72.86999539418377,6.681819196790457,9.341115723522373,13.50737534907038,21.464990231732585,-1.0,-1.0,0.2206157972390012,0.2206157972390012,497.0646853385751,460.48845408063204,468.4657785968624,12258.722181980938,0.0,0.08731598269369867,0.14159928374175076,1.5989197733136975
