target_id,prot_ps,prot_acf,prot_cs,e_prot_ps,E_prot_ps,e_prot_acf,E_prot_acf,e_prot_cs,E_prot_cs,sph_ps,sph_acf,sph_cs,h_ps,fa_prob_ps,hacf,gacf,hcs
4448391,91.08641123073052,52.903042655903846,52.07057067546582,30.035746054765845,88.21071904379822,-1.0,-1.0,6.062391975318062,6.062391975318062,264.98943906658855,248.56726445336014,252.4623749311024,11451.568847190963,0.0,0.29034120677960984,0.17414946820877586,0.11084875312510219
