target_id,prot_ps,prot_acf,prot_cs,e_prot_ps,E_prot_ps,e_prot_acf,E_prot_acf,e_prot_cs,E_prot_cs,sph_ps,sph_acf,sph_cs,h_ps,fa_prob_ps,hacf,gacf,hcs
4457346,46.38623228204827,93.01454235985875,54.26822213274473,5.571199962151397,7.332544682170457,-1.0,-1.0,1.7222247070480248,1.7222247070480248,699.4431869539479,698.8033720191615,683.4566477155851,7484.962665424721,0.0,0.18688962131435494,0.18010523969112513,0.21683028208120333
