target_id,prot_ps,prot_acf,prot_cs,e_prot_ps,E_prot_ps,e_prot_acf,E_prot_acf,e_prot_cs,E_prot_cs,sph_ps,sph_acf,sph_cs,h_ps,fa_prob_ps,hacf,gacf,hcs
4454611,90.40772414776919,82.42947325669229,28.644375488254532,12.330788572865018,16.956104390200537,-1.0,-1.0,0.37460258950841574,0.37460258950841574,658.8120343152997,677.311687170991,645.1656389399204,8750.519249716359,0.0,0.19473616014034706,0.12341097942365564,0.1433134963865216
