target_id,prot_ps,prot_acf,prot_cs,e_prot_ps,E_prot_ps,e_prot_acf,E_prot_acf,e_prot_cs,E_prot_cs,sph_ps,sph_acf,sph_cs,h_ps,fa_prob_ps,hacf,gacf,hcs
4578337,14.322006689022297,14.180991155095398,14.502456490199421,1.5177118863831165,1.9258866877662566,-1.0,-1.0,0.2459201018028615,0.2459201018028615,1030.686447308809,1036.4001092288647,1051.3043617627086,21104.29867432204,0.0,0.46443793188674154,0.3149708271303137,0.9846455767262036
