target_id,prot_ps,prot_acf,prot_cs,e_prot_ps,E_prot_ps,e_prot_acf,E_prot_acf,e_prot_cs,E_prot_cs,sph_ps,sph_acf,sph_cs,h_ps,fa_prob_ps,hacf,gacf,hcs
4546168,52.04998659835418,55.232369618956,53.18429695639293,9.815807618337708,15.759972926661021,-1.0,-1.0,4.738836427202872,4.738836427202872,241.2780896552247,242.42381489401706,240.3745446038166,4739.751523091893,0.0,0.2232869738067093,0.1352068701888249,0.11274227174371576
