target_id,prot_ps,prot_acf,prot_cs,e_prot_ps,E_prot_ps,e_prot_acf,E_prot_acf,e_prot_cs,E_prot_cs,sph_ps,sph_acf,sph_cs,h_ps,fa_prob_ps,hacf,gacf,hcs
4557341,42.48119645315411,35.146010760217905,33.04154119731392,13.812561443881123,39.49725569383972,-1.0,-1.0,2.773170942799903,2.773170942799903,1269.1627249541948,1237.88115431509,1274.1270504370048,613347.7515146135,0.0,0.4394545943606468,0.22443422856678083,0.4303512486314987
