target_id,prot_ps,prot_acf,prot_cs,e_prot_ps,E_prot_ps,e_prot_acf,E_prot_acf,e_prot_cs,E_prot_cs,sph_ps,sph_acf,sph_cs,h_ps,fa_prob_ps,hacf,gacf,hcs
4546748,73.43034748083329,58.17484118510038,46.19612718283633,9.890062798538715,13.536397845240742,-1.0,-1.0,1.3097133401343568,1.3097133401343568,306.2835938007404,306.1826095146973,309.23434253001375,21749.739877528682,0.0,0.17741862565501823,0.023517130319298373,4.208255175212537
