target_id,prot_ps,prot_acf,prot_cs,e_prot_ps,E_prot_ps,e_prot_acf,E_prot_acf,e_prot_cs,E_prot_cs,sph_ps,sph_acf,sph_cs,h_ps,fa_prob_ps,hacf,gacf,hcs
4553880,97.29993081591655,58.39919703267515,36.364023451115926,4.633330038853174,5.121048990311394,-1.0,-1.0,10.1530461404943,10.1530461404943,317.75388933550107,317.75388933550107,317.75388933550107,692.756392435006,1.3794992295861175e-301,0.07407372720091049,0.07821165813563583,0.547552717213449
