target_id,prot_ps,prot_acf,prot_cs,e_prot_ps,E_prot_ps,e_prot_acf,E_prot_acf,e_prot_cs,E_prot_cs,sph_ps,sph_acf,sph_cs,h_ps,fa_prob_ps,hacf,gacf,hcs
4562450,21.627232947832386,22.35502123925835,22.02133065714035,3.1103675948973972,4.3662515378059155,-1.0,-1.0,1.5054224444947686,1.5054224444947686,834.7614796849335,831.0628844847331,836.577201717152,7445.402667931404,0.0,0.28200096558400156,0.17333184798705756,1.0015194140619215
