target_id,prot_ps,prot_acf,prot_cs,e_prot_ps,E_prot_ps,e_prot_acf,E_prot_acf,e_prot_cs,E_prot_cs,sph_ps,sph_acf,sph_cs,h_ps,fa_prob_ps,hacf,gacf,hcs
4577152,72.3259952749392,65.91900560911745,46.1672113152733,22.920236234352465,62.59000094935112,-1.0,-1.0,1.670133893412558,1.670133893412558,698.8600637591474,666.8134961908379,689.5348388036822,27122.3209849086,0.0,0.2515468824835408,0.11321183953231634,0.17769624369417142
