target_id,prot_ps,prot_acf,prot_cs,e_prot_ps,E_prot_ps,e_prot_acf,E_prot_acf,e_prot_cs,E_prot_cs,sph_ps,sph_acf,sph_cs,h_ps,fa_prob_ps,hacf,gacf,hcs
4556565,72.21322989347763,87.61997792124748,45.96426324783805,9.343679870169659,12.605816600182067,-1.0,-1.0,1.3092619902116343,1.3092619902116343,1139.0556103326983,1162.3606207132154,1161.9184053092492,64398.23506204236,0.0,0.6121776136927408,0.2676844373149022,0.17388732015887165
