target_id,prot_ps,prot_acf,prot_cs,e_prot_ps,E_prot_ps,e_prot_acf,E_prot_acf,e_prot_cs,E_prot_cs,sph_ps,sph_acf,sph_cs,h_ps,fa_prob_ps,hacf,gacf,hcs
4557026,62.89223283071569,53.331919787451625,52.676466701485666,22.55693848976349,79.79681807029877,-1.0,-1.0,5.709459940136612,5.709459940136612,525.1391555011426,517.7534416158907,518.2783026474127,3701.5576257861035,0.0,0.1528847522669222,0.08625976760337097,0.15151466125509666
