target_id,prot_ps,prot_acf,prot_cs,e_prot_ps,E_prot_ps,e_prot_acf,E_prot_acf,e_prot_cs,E_prot_cs,sph_ps,sph_acf,sph_cs,h_ps,fa_prob_ps,hacf,gacf,hcs
4587155,72.32631082514148,84.98384038032964,47.47064566073651,11.057601597384007,15.927860743489973,-1.0,-1.0,4.883995305428464,4.883995305428464,1332.369768142352,1343.177948438779,1297.156183180827,30222.718853847906,0.0,0.3012462396132096,0.187445589863297,0.10072091560884329
