target_id,prot_ps,prot_acf,prot_cs,e_prot_ps,E_prot_ps,e_prot_acf,E_prot_acf,e_prot_cs,E_prot_cs,sph_ps,sph_acf,sph_cs,h_ps,fa_prob_ps,hacf,gacf,hcs
4679768,72.3252582044901,68.47347441595048,28.659515707858464,15.5501461081382,27.28124342686388,-1.0,-1.0,0.37242682691561246,0.37242682691561246,824.5045233535379,822.7636488798031,800.3169441756651,518402.521809023,0.0,0.5783747038567043,0.23580450870230582,0.9308720845171009
