target_id,prot_ps,prot_acf,prot_cs,e_prot_ps,E_prot_ps,e_prot_acf,E_prot_acf,e_prot_cs,E_prot_cs,sph_ps,sph_acf,sph_cs,h_ps,fa_prob_ps,hacf,gacf,hcs
4646799,21.772254162094654,22.293163845781237,22.0207826596545,2.7032916443501662,3.596354418366193,-1.0,-1.0,1.4254359056155397,1.4254359056155397,1250.4677144487744,1245.929555950742,1251.0608559373852,29841.247135433685,0.0,0.4330898782990261,0.21777852207766915,0.965367684444695
