target_id,prot_ps,prot_acf,prot_cs,e_prot_ps,E_prot_ps,e_prot_acf,E_prot_acf,e_prot_cs,E_prot_cs,sph_ps,sph_acf,sph_cs,h_ps,fa_prob_ps,hacf,gacf,hcs
4663266,72.3261459679569,64.40704938024282,26.8294593389146,18.91617873276195,39.663207886985305,-1.0,-1.0,2.91390546656171,2.91390546656171,837.8143631707819,836.3177211900211,798.7965496744745,12226.575370680264,0.0,0.19671866492643164,0.07370183158143315,0.09887419444680723
