target_id,prot_ps,prot_acf,prot_cs,e_prot_ps,E_prot_ps,e_prot_acf,E_prot_acf,e_prot_cs,E_prot_cs,sph_ps,sph_acf,sph_cs,h_ps,fa_prob_ps,hacf,gacf,hcs
4649785,21.60397057894536,20.88267810922116,21.563919291375207,2.1143177781247573,2.628879328858055,-1.0,-1.0,2.0681834503684207,2.0681834503684207,3450.4690104056995,3492.1114177104564,3453.8616286682745,39873.83363890828,0.0,1.0467126813174232,0.562265900364243,0.9349669152465444
