target_id,prot_ps,prot_acf,prot_cs,e_prot_ps,E_prot_ps,e_prot_acf,E_prot_acf,e_prot_cs,E_prot_cs,sph_ps,sph_acf,sph_cs,h_ps,fa_prob_ps,hacf,gacf,hcs
4681121,14.322005567815596,14.385326892137527,14.509840467509973,1.5857933876960004,2.03685100540074,-1.0,-1.0,0.34548370030125175,0.34548370030125175,7755.18634915518,7810.973806494612,7829.206311472389,1510451.2757683792,0.0,0.8917509127368843,0.5877522466606502,0.9906370133511605
