target_id,prot_ps,prot_acf,prot_cs,e_prot_ps,E_prot_ps,e_prot_acf,E_prot_acf,e_prot_cs,E_prot_cs,sph_ps,sph_acf,sph_cs,h_ps,fa_prob_ps,hacf,gacf,hcs
4646583,72.86995262589384,76.93296181736514,25.43268984456843,16.488411913147516,30.11821411709795,-1.0,-1.0,0.39776871702290967,0.39776871702290967,382.5383949789418,382.1979185196174,365.85886139133146,34477.3864450477,0.0,0.34871682699155554,0.17114143040529375,0.8156972976705016
