target_id,prot_ps,prot_acf,prot_cs,e_prot_ps,E_prot_ps,e_prot_acf,E_prot_acf,e_prot_cs,E_prot_cs,sph_ps,sph_acf,sph_cs,h_ps,fa_prob_ps,hacf,gacf,hcs
4661205,72.21225864086749,67.49292696872726,45.740514425612226,9.098243676732672,12.163201781682005,-1.0,-1.0,1.0450876254702473,1.0450876254702473,1486.9047050007025,1488.3728954483731,1464.2573113249216,84014.69116468407,0.0,0.2874124281962783,0.1255285694558068,0.10303103274566923
