target_id,prot_ps,prot_acf,prot_cs,e_prot_ps,E_prot_ps,e_prot_acf,E_prot_acf,e_prot_cs,E_prot_cs,sph_ps,sph_acf,sph_cs,h_ps,fa_prob_ps,hacf,gacf,hcs
4640018,15.622324165611122,15.63178206095472,15.705547725320793,1.776825689726314,2.300016530610204,-1.0,-1.0,0.7499078567046356,0.7499078567046356,4305.829230841409,4308.797601700043,4325.744457885674,827805.6771469625,0.0,1.0562502015476902,0.6310697093826626,0.9685065706719677
