target_id,prot_ps,prot_acf,prot_cs,e_prot_ps,E_prot_ps,e_prot_acf,E_prot_acf,e_prot_cs,E_prot_cs,sph_ps,sph_acf,sph_cs,h_ps,fa_prob_ps,hacf,gacf,hcs
4660819,31.384800951352886,29.71065016184002,31.351750413796502,4.551525235244661,6.411018454582255,-1.0,-1.0,0.739140592934057,0.739140592934057,1023.1673523831907,1029.602411105997,1021.4140928465102,7253.252425071759,0.0,0.13678806626355572,0.0534246153637618,0.2160022063948659
