target_id,prot_ps,prot_acf,prot_cs,e_prot_ps,E_prot_ps,e_prot_acf,E_prot_acf,e_prot_cs,E_prot_cs,sph_ps,sph_acf,sph_cs,h_ps,fa_prob_ps,hacf,gacf,hcs
4658549,11.472986428263702,11.442953199148178,11.58249633723877,1.0984860429872132,1.358656314854196,-1.0,-1.0,0.11227075107857679,0.11227075107857679,2366.591336293599,2377.416328336222,2296.155966539066,95119.74818723417,0.0,0.7022513933631529,0.5294651988655108,0.9825331766764926
