target_id,prot_ps,prot_acf,prot_cs,e_prot_ps,E_prot_ps,e_prot_acf,E_prot_acf,e_prot_cs,E_prot_cs,sph_ps,sph_acf,sph_cs,h_ps,fa_prob_ps,hacf,gacf,hcs
4641231,90.40769590371752,95.77280511474237,9.090175558693053,11.070162891806504,14.660414171020165,-1.0,-1.0,0.6924790381077919,0.6924790381077919,1001.9980903514548,992.1525420144662,945.5929766682275,11868.790462598032,0.0,0.07917121972338725,0.12978311383856983,0.10880265835282206
