target_id,prot_ps,prot_acf,prot_cs,e_prot_ps,E_prot_ps,e_prot_acf,E_prot_acf,e_prot_cs,E_prot_cs,sph_ps,sph_acf,sph_cs,h_ps,fa_prob_ps,hacf,gacf,hcs
4732672,64.1621363038386,33.34790660440922,17.5630264739925,10.100873659720726,14.742672836058915,-1.0,-1.0,2.5950087435630182,2.5950087435630182,347.2573205268248,339.1957759395739,334.8855615093286,48111.40045957162,0.0,0.3178266726479656,0.07748451633747776,1.2957159591275584
