target_id,prot_ps,prot_acf,prot_cs,e_prot_ps,E_prot_ps,e_prot_acf,E_prot_acf,e_prot_cs,E_prot_cs,sph_ps,sph_acf,sph_cs,h_ps,fa_prob_ps,hacf,gacf,hcs
4741034,6.939995120547704,5.006261449307203,6.991258045680363,1.0388965661127614,1.4828542945959144,-1.0,-1.0,0.11374180149153658,0.11374180149153658,561.1563063558492,555.23510313045,563.919463540225,31458.6386031898,0.0,0.3978764749701713,0.25196543293563306,0.43609126578764285
