target_id,prot_ps,prot_acf,prot_cs,e_prot_ps,E_prot_ps,e_prot_acf,E_prot_acf,e_prot_cs,E_prot_cs,sph_ps,sph_acf,sph_cs,h_ps,fa_prob_ps,hacf,gacf,hcs
4750239,18.132062331540727,18.921698641963303,18.12028501265682,2.587742304214526,3.6214119006352803,-1.0,-1.0,0.9763582610663051,0.9763582610663051,1098.2173204626502,1090.8282549381684,1095.6399161881413,380583.72240880947,0.0,0.5898084258942304,0.326535295623613,0.8336154828035068
