target_id,prot_ps,prot_acf,prot_cs,e_prot_ps,E_prot_ps,e_prot_acf,E_prot_acf,e_prot_cs,E_prot_cs,sph_ps,sph_acf,sph_cs,h_ps,fa_prob_ps,hacf,gacf,hcs
4756715,7.891603082775506,7.867003611754626,7.968457158749207,0.9596937215916341,1.268126000277836,-1.0,-1.0,0.5779664731149605,0.5779664731149605,1138.9371364123697,1151.7901495358578,1157.0087505808804,94646.37840636157,0.0,0.80348847725076,0.5444448927286701,0.8454796691142807
