target_id,prot_ps,prot_acf,prot_cs,e_prot_ps,E_prot_ps,e_prot_acf,E_prot_acf,e_prot_cs,E_prot_cs,sph_ps,sph_acf,sph_cs,h_ps,fa_prob_ps,hacf,gacf,hcs
4757305,30.092632863514346,28.95451224176213,18.667741397784944,7.682326371619876,15.696750345324403,-1.0,-1.0,1.0120574034825363,1.0120574034825363,933.4342293536254,913.5029824212994,919.4164365876843,23237.984995122893,0.0,0.21087587758751347,0.05075843421527162,0.8432995308855542
