target_id,prot_ps,prot_acf,prot_cs,e_prot_ps,E_prot_ps,e_prot_acf,E_prot_acf,e_prot_cs,E_prot_cs,sph_ps,sph_acf,sph_cs,h_ps,fa_prob_ps,hacf,gacf,hcs
4851871,72.32595385141293,0.14303557528182864,-1.0,10.638502430976544,15.072589173771647,-1.0,-1.0,-1.0,-1.0,744.3267538465279,387.26182076934987,-1.0,35162.97763865648,0.0,0.17380098078054157,0.7281596455124205,0.3736370156731869
