target_id,prot_ps,prot_acf,prot_cs,e_prot_ps,E_prot_ps,e_prot_acf,E_prot_acf,e_prot_cs,E_prot_cs,sph_ps,sph_acf,sph_cs,h_ps,fa_prob_ps,hacf,gacf,hcs
4864449,5.147743351786802,5.169702935963869,5.194794476266697,0.4533463631092447,0.5502671231234402,-1.0,-1.0,0.020502253807544474,0.020502253807544474,2026.510514388046,2001.351892446156,2002.5021004052323,2181469.06745763,0.0,1.3950320269262408,0.8029491038799526,0.6991482085685454
