target_id,prot_ps,prot_acf,prot_cs,e_prot_ps,E_prot_ps,e_prot_acf,E_prot_acf,e_prot_cs,E_prot_cs,sph_ps,sph_acf,sph_cs,h_ps,fa_prob_ps,hacf,gacf,hcs
4861736,6.208262849909358,6.211846694350243,6.269685326292061,0.49469850691848194,0.588483869652217,-1.0,-1.0,0.018466651624810444,0.018466651624810444,1052.637826196625,1052.820774633065,1021.6053587732819,443318.6960802098,0.0,0.7405027435360976,0.755061315009443,0.9060979126417688
