target_id,prot_ps,prot_acf,prot_cs,e_prot_ps,E_prot_ps,e_prot_acf,E_prot_acf,e_prot_cs,E_prot_cs,sph_ps,sph_acf,sph_cs,h_ps,fa_prob_ps,hacf,gacf,hcs
4902057,88.8104619565808,-1.0,12.816017517540603,4.229070332440756,4.674235713831592,-1.0,-1.0,2.2109042663527223,2.2109042663527223,6878.9571245392335,-1.0,7888.2785019543735,9024.97188644132,0.0,-1.0,-1.0,0.09001127316456112
