target_id,prot_ps,prot_acf,prot_cs,e_prot_ps,E_prot_ps,e_prot_acf,E_prot_acf,e_prot_cs,E_prot_cs,sph_ps,sph_acf,sph_cs,h_ps,fa_prob_ps,hacf,gacf,hcs
4902014,94.00560811913651,97.34421541169286,-1.0,25.181917795320828,54.242560711978555,-1.0,-1.0,-1.0,-1.0,475.03793282600105,467.9502115061775,-1.0,251159.7893272781,0.0,0.0004623773242691655,0.002903052632101382,5.941723864743835
