target_id,prot_ps,prot_acf,prot_cs,e_prot_ps,E_prot_ps,e_prot_acf,E_prot_acf,e_prot_cs,E_prot_cs,sph_ps,sph_acf,sph_cs,h_ps,fa_prob_ps,hacf,gacf,hcs
4989057,74.40906400286781,68.37003428675234,52.92125558991768,16.375193872154938,29.248717393948297,-1.0,-1.0,1.2795181063318724,1.2795181063318724,922.9118016451118,914.076088858606,902.6185874025514,37530.870201675876,0.0,0.12565571045732488,0.055153833686530804,5.18474321930767
