target_id,prot_ps,prot_acf,prot_cs,e_prot_ps,E_prot_ps,e_prot_acf,E_prot_acf,e_prot_cs,E_prot_cs,sph_ps,sph_acf,sph_cs,h_ps,fa_prob_ps,hacf,gacf,hcs
4995716,72.21337650998163,56.66284557618201,53.46028467037227,13.473408830479563,21.494020519506364,-1.0,-1.0,2.56905401340129,2.56905401340129,1334.5786517208796,1389.237930008144,1375.361026146507,22339.469551327915,0.0,0.3376749243229778,0.19410731931952943,0.14333627747340746
