target_id,prot_ps,prot_acf,prot_cs,e_prot_ps,E_prot_ps,e_prot_acf,E_prot_acf,e_prot_cs,E_prot_cs,sph_ps,sph_acf,sph_cs,h_ps,fa_prob_ps,hacf,gacf,hcs
4949045,46.116445626784554,23.703121915459633,27.32479547433555,4.535093229266614,5.645438568305131,-1.0,-1.0,1.3007355174518735,1.3007355174518735,631.6551053620051,620.7935017140752,605.3912600165813,12589.83927666988,0.0,0.1847585096088086,0.023187203133868142,1.1900316753890476
