target_id,prot_ps,prot_acf,prot_cs,e_prot_ps,E_prot_ps,e_prot_acf,E_prot_acf,e_prot_cs,E_prot_cs,sph_ps,sph_acf,sph_cs,h_ps,fa_prob_ps,hacf,gacf,hcs
4912049,15.62520236570352,15.61140563711524,15.529475077156947,2.0880617240105224,2.849695353165435,-1.0,-1.0,0.2767133958720592,0.2767133958720592,2598.905927593013,2596.7822498730984,2587.3899623048765,29800.045502614066,0.0,0.5014470654789103,0.3125912668191292,0.9724105363361322
