target_id,prot_ps,prot_acf,prot_cs,e_prot_ps,E_prot_ps,e_prot_acf,E_prot_acf,e_prot_cs,E_prot_cs,sph_ps,sph_acf,sph_cs,h_ps,fa_prob_ps,hacf,gacf,hcs
4936404,90.40685009759422,73.68430737219751,33.53698543389327,16.398096653903565,25.73309086693365,-1.0,-1.0,5.837256015315386,5.837256015315386,595.945517408451,601.4055240486593,592.2620709351578,6655.019132177171,0.0,0.12786931840154425,0.07295765338668478,0.15188985135195093
