target_id,prot_ps,prot_acf,prot_cs,e_prot_ps,E_prot_ps,e_prot_acf,E_prot_acf,e_prot_cs,E_prot_cs,sph_ps,sph_acf,sph_cs,h_ps,fa_prob_ps,hacf,gacf,hcs
4921316,90.40765842237559,87.98752299137414,46.81075172318146,9.904003239405966,12.682750087749511,-1.0,-1.0,1.7988900483484407,1.7988900483484407,557.5320151052236,557.4656607486592,556.9045455467509,2103.633846443982,0.0,0.05845353931400626,0.08044752689465161,0.22915261595479014
