target_id,prot_ps,prot_acf,prot_cs,e_prot_ps,E_prot_ps,e_prot_acf,E_prot_acf,e_prot_cs,E_prot_cs,sph_ps,sph_acf,sph_cs,h_ps,fa_prob_ps,hacf,gacf,hcs
4944604,72.32615496612023,72.78487818315625,6.857798021144159,9.592864403885919,13.056255803764088,-1.0,-1.0,0.025744175102876063,0.025744175102876063,612.0303291893678,610.7231726525376,520.6825288858709,27895.360722141628,0.0,0.24422378273318385,0.16434421240175148,1.0389904171676696
