target_id,prot_ps,prot_acf,prot_cs,e_prot_ps,E_prot_ps,e_prot_acf,E_prot_acf,e_prot_cs,E_prot_cs,sph_ps,sph_acf,sph_cs,h_ps,fa_prob_ps,hacf,gacf,hcs
4946140,16.961872557047318,16.939579911064357,17.020148322204143,1.8150900049895604,2.309333585027346,-1.0,-1.0,0.9229949515269442,0.9229949515269442,2048.6005779947104,2047.6208770161616,2059.3650611918288,193961.91237389483,0.0,0.8175416582090023,0.4486137332446903,0.9967095103651591
