target_id,prot_ps,prot_acf,prot_cs,e_prot_ps,E_prot_ps,e_prot_acf,E_prot_acf,e_prot_cs,E_prot_cs,sph_ps,sph_acf,sph_cs,h_ps,fa_prob_ps,hacf,gacf,hcs
4940654,90.40746534423688,88.55947897117585,45.794726737253825,12.322824928473608,16.94106769116499,-1.0,-1.0,1.3743802086355332,1.3743802086355332,751.4527172742052,750.3515103894579,745.6501331555538,8142.32621845218,0.0,0.16591802956052717,0.12124249545269583,0.13807373558268654
