target_id,prot_ps,prot_acf,prot_cs,e_prot_ps,E_prot_ps,e_prot_acf,E_prot_acf,e_prot_cs,E_prot_cs,sph_ps,sph_acf,sph_cs,h_ps,fa_prob_ps,hacf,gacf,hcs
4917483,90.40761871898962,48.87739634513855,25.013293651342387,18.104058935959955,30.198522716411247,-1.0,-1.0,3.822087231162141,3.822087231162141,449.9507037948899,446.8117045566748,444.53827164955516,1673.8847950822817,0.0,0.05381976984276923,0.0036996140344417736,0.1547408671915126
