target_id,prot_ps,prot_acf,prot_cs,e_prot_ps,E_prot_ps,e_prot_acf,E_prot_acf,e_prot_cs,E_prot_cs,sph_ps,sph_acf,sph_cs,h_ps,fa_prob_ps,hacf,gacf,hcs
5022778,12.027110584924731,11.810671704821289,12.047735177001444,1.4261880271155132,1.8695822816049397,-1.0,-1.0,0.6805380907496874,0.6805380907496874,2414.242490811766,2449.4810423535296,2416.4438923769894,152810.63230040908,0.0,0.7814152456573603,0.4716457276646976,0.9758803960965862
