target_id,prot_ps,prot_acf,prot_cs,e_prot_ps,E_prot_ps,e_prot_acf,E_prot_acf,e_prot_cs,E_prot_cs,sph_ps,sph_acf,sph_cs,h_ps,fa_prob_ps,hacf,gacf,hcs
5025935,11.702788664571411,11.74926059320569,11.70165054593235,1.2436768939507221,1.5793598513470428,-1.0,-1.0,0.2962476158412758,0.2962476158412758,2368.7779146114235,2376.954128673519,2368.7779146114235,173100.89005658252,0.0,0.7626253092606965,0.49305531663076535,0.9126662458895209
