target_id,prot_ps,prot_acf,prot_cs,e_prot_ps,E_prot_ps,e_prot_acf,E_prot_acf,e_prot_cs,E_prot_cs,sph_ps,sph_acf,sph_cs,h_ps,fa_prob_ps,hacf,gacf,hcs
5091497,1.0895339484616609,2.227261696010828,2.208258454017341,0.08203056843828516,0.09657235523974306,-1.0,-1.0,0.13528433054648176,0.13528433054648176,4752.159702260642,4951.689986909479,4746.228978559055,152888.90355699524,0.0,1.162320833318112,0.8787907342624198,0.7860233266474628
