target_id,prot_ps,prot_acf,prot_cs,e_prot_ps,E_prot_ps,e_prot_acf,E_prot_acf,e_prot_cs,E_prot_cs,sph_ps,sph_acf,sph_cs,h_ps,fa_prob_ps,hacf,gacf,hcs
5023514,61.55809645650657,68.63416642230004,50.17013839088971,2.9313384224148393,3.2399004193128533,-1.0,-1.0,4.7040580652384545,4.7040580652384545,480.7997111153415,480.7997111153415,480.7997111153415,3434.1740960737316,0.0,0.28700487829891963,0.2033015395406313,0.20950998557522119
