target_id,prot_ps,prot_acf,prot_cs,e_prot_ps,E_prot_ps,e_prot_acf,E_prot_acf,e_prot_cs,E_prot_cs,sph_ps,sph_acf,sph_cs,h_ps,fa_prob_ps,hacf,gacf,hcs
5094165,76.70420963723856,62.15942926425487,46.05792539985914,13.363397856310165,20.50984214954194,-1.0,-1.0,1.1257453132168473,1.1257453132168473,238.36763000613382,236.73102193500648,240.2862584264002,4674.736627904063,0.0,0.09609570008019196,0.00549219411602425,0.453758673629231
