target_id,prot_ps,prot_acf,prot_cs,e_prot_ps,E_prot_ps,e_prot_acf,E_prot_acf,e_prot_cs,E_prot_cs,sph_ps,sph_acf,sph_cs,h_ps,fa_prob_ps,hacf,gacf,hcs
5009036,96.4347670891253,48.50957547966391,41.30833512981423,18.308991591218756,29.517189397715697,-1.0,-1.0,4.8166165070603375,4.8166165070603375,906.999676140544,904.8282388882667,904.3590807031258,3063.1688159288738,0.0,0.04907918180397376,0.007844681070820002,0.32659527406749994
