target_id,prot_ps,prot_acf,prot_cs,e_prot_ps,E_prot_ps,e_prot_acf,E_prot_acf,e_prot_cs,E_prot_cs,sph_ps,sph_acf,sph_cs,h_ps,fa_prob_ps,hacf,gacf,hcs
5025538,90.407590455318,86.43449659924954,51.584843183169454,15.908262759752034,24.546877685442595,-1.0,-1.0,8.521629356445564,8.521629356445564,650.9423300240302,641.6163816370562,650.3035659231729,6464.532432278442,0.0,0.14913398068564027,0.08251248021064261,0.08957002814320875
