target_id,prot_ps,prot_acf,prot_cs,e_prot_ps,E_prot_ps,e_prot_acf,E_prot_acf,e_prot_cs,E_prot_cs,sph_ps,sph_acf,sph_cs,h_ps,fa_prob_ps,hacf,gacf,hcs
5078971,89.96486079556361,68.08263749070466,35.99078022208151,4.284040990264927,4.734992673450719,-1.0,-1.0,5.840415195205013,5.840415195205013,1417.4415229914205,1417.4415229914205,1417.4415229914205,3584.04730753457,0.0,0.06651304327276232,0.018879201945230885,0.5468227425077813
