target_id,prot_ps,prot_acf,prot_cs,e_prot_ps,E_prot_ps,e_prot_acf,E_prot_acf,e_prot_cs,E_prot_cs,sph_ps,sph_acf,sph_cs,h_ps,fa_prob_ps,hacf,gacf,hcs
5021623,36.89259570905687,41.521281599998474,39.89332859553396,4.838257520646735,6.55847110480336,-1.0,-1.0,4.448418377477081,4.448418377477081,552.1754736678622,555.9837674138138,556.3664398675157,44967.48602194687,0.0,0.47442304443107886,0.27858138919366127,0.3817172709192928
