target_id,prot_ps,prot_acf,prot_cs,e_prot_ps,E_prot_ps,e_prot_acf,E_prot_acf,e_prot_cs,E_prot_cs,sph_ps,sph_acf,sph_cs,h_ps,fa_prob_ps,hacf,gacf,hcs
5023872,62.62042503695489,72.58094631135464,41.75100420375819,12.516806672560257,20.85326524546364,-1.0,-1.0,2.121772265361892,2.121772265361892,999.9792118235639,1032.6988095684605,985.0652400508731,24253.62113361533,0.0,0.24270047254602362,0.12238686027531524,0.08158767649789446
