target_id,prot_ps,prot_acf,prot_cs,e_prot_ps,E_prot_ps,e_prot_acf,E_prot_acf,e_prot_cs,E_prot_cs,sph_ps,sph_acf,sph_cs,h_ps,fa_prob_ps,hacf,gacf,hcs
5093714,72.32532521310426,79.46676321607083,41.328642653108034,6.922433487106417,8.56127445472194,-1.0,-1.0,4.818998834800514,4.818998834800514,259.6295915942614,255.79209008922683,254.2336645385483,12392.485654035629,0.0,0.19640943098535527,0.14442914655615358,0.13291009131675666
