target_id,prot_ps,prot_acf,prot_cs,e_prot_ps,E_prot_ps,e_prot_acf,E_prot_acf,e_prot_cs,E_prot_cs,sph_ps,sph_acf,sph_cs,h_ps,fa_prob_ps,hacf,gacf,hcs
5097847,72.86903923773049,70.94597677886486,45.4959466468636,19.559871531102935,42.23225985727541,-1.0,-1.0,4.966698721575493,4.966698721575493,185.12024372655554,186.55167029621805,179.3644995457718,8358.86290492407,0.0,0.1763077953088973,0.10503434135525395,0.1715071784666398
