target_id,prot_ps,prot_acf,prot_cs,e_prot_ps,E_prot_ps,e_prot_acf,E_prot_acf,e_prot_cs,E_prot_cs,sph_ps,sph_acf,sph_cs,h_ps,fa_prob_ps,hacf,gacf,hcs
5080500,5.096587303653702,5.128777629230171,5.0483678615652074,0.5357283551577092,0.6783348439980896,-1.0,-1.0,0.015051914129062934,0.015051914129062934,1780.791665539593,1744.4468134731292,1761.407107237275,133418.03469712543,0.0,0.8425900458277283,0.7042043047063339,0.9224498494077503
