target_id,prot_ps,prot_acf,prot_cs,e_prot_ps,E_prot_ps,e_prot_acf,E_prot_acf,e_prot_cs,E_prot_cs,sph_ps,sph_acf,sph_cs,h_ps,fa_prob_ps,hacf,gacf,hcs
5034865,73.78642376001207,84.86139083933085,46.126140286819926,11.437093739146754,16.5756271350958,-1.0,-1.0,9.645927800228945,9.645927800228945,802.2959187397385,825.4701075808309,795.9803759626111,10435.341350557504,0.0,0.2588294280788931,0.16708621252193434,0.21224092577861478
