target_id,prot_ps,prot_acf,prot_cs,e_prot_ps,E_prot_ps,e_prot_acf,E_prot_acf,e_prot_cs,E_prot_cs,sph_ps,sph_acf,sph_cs,h_ps,fa_prob_ps,hacf,gacf,hcs
5000915,59.976368990258415,45.50412053382024,25.812923847394284,2.8560175709646742,3.15665099948729,-1.0,-1.0,2.526170397769319,2.526170397769319,688.3008241771616,688.3008241771616,700.6069491019138,272.5586144324722,4.258903078520866e-119,0.0048399475424226596,0.007009910856844777,1.0564096800102154
