target_id,prot_ps,prot_acf,prot_cs,e_prot_ps,E_prot_ps,e_prot_acf,E_prot_acf,e_prot_cs,E_prot_cs,sph_ps,sph_acf,sph_cs,h_ps,fa_prob_ps,hacf,gacf,hcs
5077615,53.419733123174645,60.053636180236936,45.5962187787518,12.858520284207565,24.795377582287806,-1.0,-1.0,2.9647385251540563,2.9647385251540563,1765.2266556515128,1758.1535219559014,1743.5800564610881,8816.532470134815,0.0,0.2574082601700383,0.09397596122692332,0.4778541118615038
