target_id,prot_ps,prot_acf,prot_cs,e_prot_ps,E_prot_ps,e_prot_acf,E_prot_acf,e_prot_cs,E_prot_cs,sph_ps,sph_acf,sph_cs,h_ps,fa_prob_ps,hacf,gacf,hcs
5183039,11.473868516685283,11.463337409310043,11.516632407421719,1.2086584468277994,1.5312658369018362,-1.0,-1.0,0.2212313466361438,0.2212313466361438,8461.303537253956,8461.398326142154,8459.416268206389,4792523.25916385,0.0,0.9319059935227909,0.5573763756546107,0.9805904107681938
