target_id,prot_ps,prot_acf,prot_cs,e_prot_ps,E_prot_ps,e_prot_acf,E_prot_acf,e_prot_cs,E_prot_cs,sph_ps,sph_acf,sph_cs,h_ps,fa_prob_ps,hacf,gacf,hcs
5104481,77.67100797220556,56.397074181586504,3.2367016486823563,10.163869379442545,13.766881282306713,-1.0,-1.0,0.32111891376644597,0.32111891376644597,359.9294032019466,358.78506555340755,290.4956849337585,5419.478046144706,0.0,0.02370512727148063,0.0002362587264621328,0.31341035345038015
