target_id,prot_ps,prot_acf,prot_cs,e_prot_ps,E_prot_ps,e_prot_acf,E_prot_acf,e_prot_cs,E_prot_cs,sph_ps,sph_acf,sph_cs,h_ps,fa_prob_ps,hacf,gacf,hcs
5126149,53.22466944233224,1.6346940025687218,4.795171989311536,7.392351384276104,10.235582724842445,-1.0,-1.0,0.11750615200899509,0.11750615200899509,2289.920917361697,1554.1733607161405,1893.2173836553316,34022.39782520578,0.0,0.28574136077169593,0.5287785152562341,0.5522616803520796
