target_id,prot_ps,prot_acf,prot_cs,e_prot_ps,E_prot_ps,e_prot_acf,E_prot_acf,e_prot_cs,E_prot_cs,sph_ps,sph_acf,sph_cs,h_ps,fa_prob_ps,hacf,gacf,hcs
5175814,26.787473823973382,27.769373861141503,13.64728676179041,4.732438798904337,7.318191730274673,-1.0,-1.0,0.09724620222439885,0.09724620222439885,857.5520805796831,859.8308642350286,844.7249468649695,43610.83706292129,0.0,0.18420295926383537,0.03163430094915854,0.503403551310518
