target_id,prot_ps,prot_acf,prot_cs,e_prot_ps,E_prot_ps,e_prot_acf,E_prot_acf,e_prot_cs,E_prot_cs,sph_ps,sph_acf,sph_cs,h_ps,fa_prob_ps,hacf,gacf,hcs
5113843,32.14489483043397,27.687623358797282,26.354735040203664,15.992484990265655,3214.4894830433695,-1.0,-1.0,2.4481733108186883,2.4481733108186883,1254.304347642478,1227.201583754157,1226.580398567289,36454.035410967284,0.0,0.4681367520031857,0.23099160758784748,0.7469267677076645
