target_id,prot_ps,prot_acf,prot_cs,e_prot_ps,E_prot_ps,e_prot_acf,E_prot_acf,e_prot_cs,E_prot_cs,sph_ps,sph_acf,sph_cs,h_ps,fa_prob_ps,hacf,gacf,hcs
5194092,60.72437236822408,4.944972909986973,6.288374361359923,15.919428924267152,33.46650893920288,-1.0,-1.0,0.020782172928694005,0.020782172928694005,196.1976416731004,155.40476320757838,161.66336787021552,4206.913258594637,0.0,0.2680672414852403,0.32627770475372037,0.8598338473203946
