target_id,prot_ps,prot_acf,prot_cs,e_prot_ps,E_prot_ps,e_prot_acf,E_prot_acf,e_prot_cs,E_prot_cs,sph_ps,sph_acf,sph_cs,h_ps,fa_prob_ps,hacf,gacf,hcs
5125726,72.2131552647331,80.67241559922695,45.87298352798891,7.972126748850187,10.231094061305129,-1.0,-1.0,1.1270187603977253,1.1270187603977253,947.9670830223731,924.7271950136125,945.2693341015274,13833.683363466036,0.0,0.23969410152457046,0.17973250489154327,0.18077134645968881
