target_id,prot_ps,prot_acf,prot_cs,e_prot_ps,E_prot_ps,e_prot_acf,E_prot_acf,e_prot_cs,E_prot_cs,sph_ps,sph_acf,sph_cs,h_ps,fa_prob_ps,hacf,gacf,hcs
5186354,90.40755515319181,10.114671445917338,15.39452994068619,5.344261193148071,6.06080595565426,-1.0,-1.0,0.9936433589718281,0.9936433589718281,330.4639295403233,324.91180219297564,331.59408033902287,2625.9767218719294,0.0,1.1857452278132364e-05,0.002083615766833678,1.825898746974746
