target_id,prot_ps,prot_acf,prot_cs,e_prot_ps,E_prot_ps,e_prot_acf,E_prot_acf,e_prot_cs,E_prot_cs,sph_ps,sph_acf,sph_cs,h_ps,fa_prob_ps,hacf,gacf,hcs
5184355,43.403817766512375,48.22371155023575,43.401953408494585,5.884876345381173,8.074400171515997,-1.0,-1.0,5.60756051740876,5.60756051740876,747.1972574752733,765.732939967478,747.1972574752733,86142.9476502984,0.0,0.3110842217828859,0.11273190306809894,0.7426372814086014
