target_id,prot_ps,prot_acf,prot_cs,e_prot_ps,E_prot_ps,e_prot_acf,E_prot_acf,e_prot_cs,E_prot_cs,sph_ps,sph_acf,sph_cs,h_ps,fa_prob_ps,hacf,gacf,hcs
5112402,4.783767611929952,4.863191383890808,4.822723254511665,0.39321673478956054,0.47057799357471186,-1.0,-1.0,0.016691326942563346,0.016691326942563346,4087.7033339065188,4102.02816869959,4110.669069040415,110714.02849659105,0.0,1.182112321112132,0.7416886388959378,0.9825126596916077
