target_id,prot_ps,prot_acf,prot_cs,e_prot_ps,E_prot_ps,e_prot_acf,E_prot_acf,e_prot_cs,E_prot_cs,sph_ps,sph_acf,sph_cs,h_ps,fa_prob_ps,hacf,gacf,hcs
5193446,32.08101104584553,31.754017112776637,32.0715572839044,5.459382333198988,8.27617738658153,-1.0,-1.0,2.12668115796499,2.12668115796499,1258.8520806010076,1270.6751528742996,1259.025989763948,46275.58655551649,0.0,0.4628118845567465,0.21593201038275034,0.99092323937322
