target_id,prot_ps,prot_acf,prot_cs,e_prot_ps,E_prot_ps,e_prot_acf,E_prot_acf,e_prot_cs,E_prot_cs,sph_ps,sph_acf,sph_cs,h_ps,fa_prob_ps,hacf,gacf,hcs
5197187,17.14569112867265,17.429993122350425,17.50110259018838,1.7486279887282024,2.1966939844392463,-1.0,-1.0,0.6425932034273628,0.6425932034273628,911.8033222353513,894.086797275954,896.4395581706295,1031264.1477996059,0.0,1.1010245563323742,0.5899174881411422,0.9875769137250188
