target_id,prot_ps,prot_acf,prot_cs,e_prot_ps,E_prot_ps,e_prot_acf,E_prot_acf,e_prot_cs,E_prot_cs,sph_ps,sph_acf,sph_cs,h_ps,fa_prob_ps,hacf,gacf,hcs
5176981,46.117027098560484,40.96956418827176,28.671290755980475,10.520355122329029,19.347638055842523,-1.0,-1.0,0.4437814903354694,0.4437814903354694,713.2528198201841,709.2592097498609,703.8858825253362,2698.0939771103845,0.0,0.06705776782228534,0.021187229566352814,0.9532639328840263
