target_id,prot_ps,prot_acf,prot_cs,e_prot_ps,E_prot_ps,e_prot_acf,E_prot_acf,e_prot_cs,E_prot_cs,sph_ps,sph_acf,sph_cs,h_ps,fa_prob_ps,hacf,gacf,hcs
5184384,46.463400866308085,9.992143600713462,11.990776659171095,8.859236082496366,14.320099442495895,-1.0,-1.0,0.7243315665709514,0.7243315665709514,179.66425579883824,173.06602863008757,174.0144101917216,20067.3456389099,0.0,0.13103790235403662,0.06365264650479906,5.280001319262111
