target_id,prot_ps,prot_acf,prot_cs,e_prot_ps,E_prot_ps,e_prot_acf,E_prot_acf,e_prot_cs,E_prot_cs,sph_ps,sph_acf,sph_cs,h_ps,fa_prob_ps,hacf,gacf,hcs
5127332,16.0407211767931,16.203938642516732,16.035769140589977,1.7574719598584743,2.250648171808738,-1.0,-1.0,1.7459133504118625,1.7459133504118625,2318.6394370447033,2334.2428199825936,2319.2691451190217,43530.536836503234,0.0,0.7777869820065543,0.442007263012421,0.9827941421945428
