target_id,prot_ps,prot_acf,prot_cs,e_prot_ps,E_prot_ps,e_prot_acf,E_prot_acf,e_prot_cs,E_prot_cs,sph_ps,sph_acf,sph_cs,h_ps,fa_prob_ps,hacf,gacf,hcs
5115791,90.40756930357654,50.103389447554946,25.405401767552828,30.88979863638059,97.55045198402632,-1.0,-1.0,2.633535866041807,2.633535866041807,598.1929161581598,588.9782919505361,565.3300619440862,3155.222044967895,0.0,0.10367486246553263,0.038805518086767736,0.2852493319256395
