target_id,prot_ps,prot_acf,prot_cs,e_prot_ps,E_prot_ps,e_prot_acf,E_prot_acf,e_prot_cs,E_prot_cs,sph_ps,sph_acf,sph_cs,h_ps,fa_prob_ps,hacf,gacf,hcs
5182832,7.090707776104207,7.253962405957282,7.1662016743484305,0.6552848012433365,0.803861931354322,-1.0,-1.0,0.02910047855338767,0.02910047855338767,7461.813630965503,7472.339862179067,7477.413019829096,5975065.226449496,0.0,1.3752167302649494,0.7484643679160842,0.7798603224418375
