target_id,prot_ps,prot_acf,prot_cs,e_prot_ps,E_prot_ps,e_prot_acf,E_prot_acf,e_prot_cs,E_prot_cs,sph_ps,sph_acf,sph_cs,h_ps,fa_prob_ps,hacf,gacf,hcs
5284904,72.32523417532785,65.63316163606942,57.856081524398185,10.855269652311058,15.511501583587048,-1.0,-1.0,3.2451447079609594,3.2451447079609594,410.00144397035035,411.52176859846605,406.40466734905124,12383.21020745921,0.0,0.2496424493232336,0.19086972583038694,0.18516018944054613
