target_id,prot_ps,prot_acf,prot_cs,e_prot_ps,E_prot_ps,e_prot_acf,E_prot_acf,e_prot_cs,E_prot_cs,sph_ps,sph_acf,sph_cs,h_ps,fa_prob_ps,hacf,gacf,hcs
5209218,5.091166981769189,5.1493065264075994,5.097609123582951,0.48777605977158167,0.6033969292897767,-1.0,-1.0,0.17912145406245875,0.17912145406245875,3549.5648266105095,3560.2252397572956,3517.972378054998,247878.1576434909,0.0,1.205860540187095,0.796860082820377,0.7198636056871243
