target_id,prot_ps,prot_acf,prot_cs,e_prot_ps,E_prot_ps,e_prot_acf,E_prot_acf,e_prot_cs,E_prot_cs,sph_ps,sph_acf,sph_cs,h_ps,fa_prob_ps,hacf,gacf,hcs
5207907,90.40656350025199,87.51771137677133,46.68852857759522,44.97838980112039,9040.656350025358,-1.0,-1.0,1.7976052324358947,1.7976052324358947,791.3761307912249,797.078945188499,780.038039302607,9286.827715583853,0.0,0.26893996972809153,0.2208215985709317,0.31816049523578005
