target_id,prot_ps,prot_acf,prot_cs,e_prot_ps,E_prot_ps,e_prot_acf,E_prot_acf,e_prot_cs,E_prot_cs,sph_ps,sph_acf,sph_cs,h_ps,fa_prob_ps,hacf,gacf,hcs
5201375,5.040145312281617,4.720182697288692,5.086412841634364,0.5676101104854814,0.7326228725700945,-1.0,-1.0,0.0353628508910662,0.0353628508910662,1051.3156306036167,1042.174865362165,1054.8776033143693,11457.342840003384,0.0,0.8432406217108879,0.6571674381478333,0.852929697869256
