target_id,prot_ps,prot_acf,prot_cs,e_prot_ps,E_prot_ps,e_prot_acf,E_prot_acf,e_prot_cs,E_prot_cs,sph_ps,sph_acf,sph_cs,h_ps,fa_prob_ps,hacf,gacf,hcs
5288041,72.86900813802905,27.05427205748856,38.35494775135071,16.477722582141404,30.08288941090116,-1.0,-1.0,5.527853440620589,5.527853440620589,463.4178371478784,439.1870842124615,447.3131643432798,15116.433198110244,0.0,0.32302263128382624,0.12065584796594535,0.8688428491775437
