target_id,prot_ps,prot_acf,prot_cs,e_prot_ps,E_prot_ps,e_prot_acf,E_prot_acf,e_prot_cs,E_prot_cs,sph_ps,sph_acf,sph_cs,h_ps,fa_prob_ps,hacf,gacf,hcs
5297346,9.39300738452435,9.37907351134345,9.422332701927354,0.9011212067846905,1.1150705076586274,-1.0,-1.0,0.15438555316594577,0.15438555316594577,5246.615684187373,5242.300258214692,5230.330486873462,1236496.0114386205,0.0,0.9769796843933436,0.6532462515935925,0.9062671595266095
