target_id,prot_ps,prot_acf,prot_cs,e_prot_ps,E_prot_ps,e_prot_acf,E_prot_acf,e_prot_cs,E_prot_cs,sph_ps,sph_acf,sph_cs,h_ps,fa_prob_ps,hacf,gacf,hcs
5200185,3.6865093787135175,3.739387754816562,3.741235336499229,0.3206844421515087,0.38822714609360265,-1.0,-1.0,0.07166813430036098,0.07166813430036098,4130.075308110129,4196.329491910764,4196.329491910764,507352.86803819507,0.0,1.1348910954442564,0.8335781224466944,0.8369169684357408
