target_id,prot_ps,prot_acf,prot_cs,e_prot_ps,E_prot_ps,e_prot_acf,E_prot_acf,e_prot_cs,E_prot_cs,sph_ps,sph_acf,sph_cs,h_ps,fa_prob_ps,hacf,gacf,hcs
5210066,2.0430879208776376,2.1046734685078263,2.063434218484176,0.17006122944883106,0.20402647702117171,-1.0,-1.0,0.013026173204106614,0.013026173204106614,2615.1057210074496,2624.0455761743287,2623.189375188828,160682.9290400086,0.0,1.1200214269322666,0.8689061482410103,0.9552271468624431
