target_id,prot_ps,prot_acf,prot_cs,e_prot_ps,E_prot_ps,e_prot_acf,E_prot_acf,e_prot_cs,E_prot_cs,sph_ps,sph_acf,sph_cs,h_ps,fa_prob_ps,hacf,gacf,hcs
5256849,74.40897775469443,39.45677906880155,50.86976173440175,14.631404211602536,24.11517625132599,-1.0,-1.0,1.5021286598472776,1.5021286598472776,1777.0170366981545,1789.7453277780821,1760.2422800103961,10714.118104262272,0.0,0.2945971794006963,0.10546963751065566,0.6632085807923893
