target_id,prot_ps,prot_acf,prot_cs,e_prot_ps,E_prot_ps,e_prot_acf,E_prot_acf,e_prot_cs,E_prot_cs,sph_ps,sph_acf,sph_cs,h_ps,fa_prob_ps,hacf,gacf,hcs
5271780,11.091401839858008,10.93200592789799,11.128955732955546,1.0091965362148887,1.2337036814883344,-1.0,-1.0,0.2783207278879059,0.2783207278879059,849.8808833696979,843.774945932725,853.0555730113051,1944.9270918283214,0.0,0.08178225859534513,0.19979458994996072,0.9256353022937907
