target_id,prot_ps,prot_acf,prot_cs,e_prot_ps,E_prot_ps,e_prot_acf,E_prot_acf,e_prot_cs,E_prot_cs,sph_ps,sph_acf,sph_cs,h_ps,fa_prob_ps,hacf,gacf,hcs
5295366,73.78731742567034,83.2265347931534,45.85731811779291,23.56609753142137,65.2362084617658,-1.0,-1.0,5.705275936403805,5.705275936403805,881.1728588642391,913.0582218691987,875.4117304287705,25315.250215129807,0.0,0.2957227747692657,0.17423430412543248,0.1704094124042667
