target_id,prot_ps,prot_acf,prot_cs,e_prot_ps,E_prot_ps,e_prot_acf,E_prot_acf,e_prot_cs,E_prot_cs,sph_ps,sph_acf,sph_cs,h_ps,fa_prob_ps,hacf,gacf,hcs
5264401,53.57495894532974,5.476227903738618,0.4108310987122929,26.654208430512305,5357.495894533012,-1.0,-1.0,0.010404208015280258,0.010404208015280258,808.1172999095697,785.6409195978339,687.812066788594,3893.8300400764488,0.0,0.001524710501529948,0.06658091591601704,1.702580501114638
