target_id,prot_ps,prot_acf,prot_cs,e_prot_ps,E_prot_ps,e_prot_acf,E_prot_acf,e_prot_cs,E_prot_cs,sph_ps,sph_acf,sph_cs,h_ps,fa_prob_ps,hacf,gacf,hcs
5268127,46.38619214783214,48.489306438714266,46.137283463725716,6.283374932824977,8.618173964520075,-1.0,-1.0,1.2249886954840286,1.2249886954840286,333.82765404765144,331.1035340849893,333.99274336090383,7474.006039822378,0.0,0.1807344276178509,0.06953537546961268,0.812110912534636
