target_id,prot_ps,prot_acf,prot_cs,e_prot_ps,E_prot_ps,e_prot_acf,E_prot_acf,e_prot_cs,E_prot_cs,sph_ps,sph_acf,sph_cs,h_ps,fa_prob_ps,hacf,gacf,hcs
5349731,21.30666436598388,21.10798823228106,21.18467764305575,2.1700641578565794,2.7251778752660485,-1.0,-1.0,0.24783332481850073,0.24783332481850073,4606.058415894137,4591.583414140071,4593.371388751636,447477.02533117903,0.0,0.8704824664394062,0.5140298971049524,0.9866995135811266
