target_id,prot_ps,prot_acf,prot_cs,e_prot_ps,E_prot_ps,e_prot_acf,E_prot_acf,e_prot_cs,E_prot_cs,sph_ps,sph_acf,sph_cs,h_ps,fa_prob_ps,hacf,gacf,hcs
5343801,22.80275591349767,23.130545875057578,23.23836662529579,2.493883695696521,3.1921110203949326,-1.0,-1.0,0.632963496912458,0.632963496912458,2603.5436256673156,2547.163075046649,2587.231917836407,136379.89430111623,0.0,0.8080829735811891,0.51932813677005,0.3208618123890505
