target_id,prot_ps,prot_acf,prot_cs,e_prot_ps,E_prot_ps,e_prot_acf,E_prot_acf,e_prot_cs,E_prot_cs,sph_ps,sph_acf,sph_cs,h_ps,fa_prob_ps,hacf,gacf,hcs
5389030,13.908693736089344,13.894936069846153,14.082361862354713,1.450922822546941,1.8334441437432982,-1.0,-1.0,0.2702465374240908,0.2702465374240908,1178.1134564249428,1178.1340116353053,1182.4938291219626,175309.3351154273,0.0,0.6346305808031779,0.39035733621999885,0.9635728329762563
