target_id,prot_ps,prot_acf,prot_cs,e_prot_ps,E_prot_ps,e_prot_acf,E_prot_acf,e_prot_cs,E_prot_cs,sph_ps,sph_acf,sph_cs,h_ps,fa_prob_ps,hacf,gacf,hcs
5355471,30.744716240050813,36.08594740834087,18.79309552147519,4.940036885494564,7.279301933168718,-1.0,-1.0,1.5473383894378752,1.5473383894378752,258.76032955580655,259.0285854752053,255.61025260827233,6233.828777536326,0.0,0.27850496890926507,0.10883766824177538,0.5205464724344572
