target_id,prot_ps,prot_acf,prot_cs,e_prot_ps,E_prot_ps,e_prot_acf,E_prot_acf,e_prot_cs,E_prot_cs,sph_ps,sph_acf,sph_cs,h_ps,fa_prob_ps,hacf,gacf,hcs
5370222,90.40772061303228,59.40081379562616,46.873289401245856,11.80589289851207,15.979174027522745,-1.0,-1.0,7.153825965408667,7.153825965408667,733.6279352373377,739.3394151825189,737.2780949537924,5267.313896500108,0.0,0.10786260335224081,0.008333090753513479,0.14034971778965438
