target_id,prot_ps,prot_acf,prot_cs,e_prot_ps,E_prot_ps,e_prot_acf,E_prot_acf,e_prot_cs,E_prot_cs,sph_ps,sph_acf,sph_cs,h_ps,fa_prob_ps,hacf,gacf,hcs
5376353,74.13702097569465,66.96087230136618,45.851730225017825,36.88409003765903,7413.702097569293,-1.0,-1.0,0.9742076932588379,0.9742076932588379,938.6910019325628,940.7619958800286,917.5175958589612,12812.04268076612,0.0,0.21662636093071366,0.1166637358749477,0.10878784085758123
