target_id,prot_ps,prot_acf,prot_cs,e_prot_ps,E_prot_ps,e_prot_acf,E_prot_acf,e_prot_cs,E_prot_cs,sph_ps,sph_acf,sph_cs,h_ps,fa_prob_ps,hacf,gacf,hcs
5372576,90.40763029531759,94.58758087875322,51.76693092979957,7.897005017140742,9.568621754743617,-1.0,-1.0,10.750837745616545,10.750837745616545,481.81002635293845,486.73265747477126,489.0434850271827,1061.5694416127412,0.0,0.007451284421258265,0.014365961432196456,0.24161678144384588
