target_id,prot_ps,prot_acf,prot_cs,e_prot_ps,E_prot_ps,e_prot_acf,E_prot_acf,e_prot_cs,E_prot_cs,sph_ps,sph_acf,sph_cs,h_ps,fa_prob_ps,hacf,gacf,hcs
5303625,72.21319661616369,57.60275569977239,41.75086148579138,11.431691500754866,16.727904839628607,-1.0,-1.0,5.025842973574719,5.025842973574719,4026.18961530693,4315.293440208852,4229.149007814875,353933.1098060011,0.0,0.28028232218599963,0.06910449945969971,0.763820560150226
