target_id,prot_ps,prot_acf,prot_cs,e_prot_ps,E_prot_ps,e_prot_acf,E_prot_acf,e_prot_cs,E_prot_cs,sph_ps,sph_acf,sph_cs,h_ps,fa_prob_ps,hacf,gacf,hcs
5442451,9.108654241392008,9.133910397067666,9.187911535153845,0.8896016790842207,1.1055499568033245,-1.0,-1.0,0.2283447699750492,0.2283447699750492,3983.9873346732734,3947.3581756422127,3923.953448011239,54892990.12867773,0.0,1.2471361858882952,0.7737506127423117,0.9310893508680961
