target_id,prot_ps,prot_acf,prot_cs,e_prot_ps,E_prot_ps,e_prot_acf,E_prot_acf,e_prot_cs,E_prot_cs,sph_ps,sph_acf,sph_cs,h_ps,fa_prob_ps,hacf,gacf,hcs
5442977,73.78717631536594,59.74807940982282,31.811519721798035,9.146922031897489,12.16228186930364,-1.0,-1.0,4.158803037318415,4.158803037318415,459.08135122295806,457.4737425383284,457.6814700655631,2540.1374991452285,0.0,0.08205022360040293,0.0664745982141247,0.34916675320381857
