target_id,prot_ps,prot_acf,prot_cs,e_prot_ps,E_prot_ps,e_prot_acf,E_prot_acf,e_prot_cs,E_prot_cs,sph_ps,sph_acf,sph_cs,h_ps,fa_prob_ps,hacf,gacf,hcs
5427850,75.03007227034907,92.23634579591453,46.517441439572714,7.745311969878983,9.760441743257417,-1.0,-1.0,7.8016056324022705,7.8016056324022705,590.6289391208771,593.9938029543141,579.8845953855944,16298.75128871912,0.0,0.252303550648543,0.1837521880518899,0.07578772187380586
