target_id,prot_ps,prot_acf,prot_cs,e_prot_ps,E_prot_ps,e_prot_acf,E_prot_acf,e_prot_cs,E_prot_cs,sph_ps,sph_acf,sph_cs,h_ps,fa_prob_ps,hacf,gacf,hcs
5456417,60.26935805589711,58.27703243307769,26.29822606639937,5.580422161705144,6.848679298237009,-1.0,-1.0,2.0536838532374193,2.0536838532374193,280.76361167808466,279.28149072119396,274.95595383284154,12527.947721042137,0.0,0.2432518312860058,0.16860802138554284,0.09281614135796244
