target_id,prot_ps,prot_acf,prot_cs,e_prot_ps,E_prot_ps,e_prot_acf,E_prot_acf,e_prot_cs,E_prot_cs,sph_ps,sph_acf,sph_cs,h_ps,fa_prob_ps,hacf,gacf,hcs
5477660,72.21325546010883,89.64295523706824,45.945785939437386,8.78624532662176,11.61190515083723,-1.0,-1.0,1.1876729466799272,1.1876729466799272,1226.5033056393468,1266.089020701119,1291.4429298785828,47470.26248415332,0.0,0.08227998278260909,0.11069345449337266,0.23794710637249583
