target_id,prot_ps,prot_acf,prot_cs,e_prot_ps,E_prot_ps,e_prot_acf,E_prot_acf,e_prot_cs,E_prot_cs,sph_ps,sph_acf,sph_cs,h_ps,fa_prob_ps,hacf,gacf,hcs
5430181,44.405392446883816,13.220440117176622,48.6510152967414,2.1145424974706657,2.337125918257044,-1.0,-1.0,5.714374118582262,5.714374118582262,3039.9365070011872,2965.176881442847,3039.9365070011872,2164.9455774911066,0.0,6.907680704679175e-05,0.026538390622810576,26.674406046046226
