target_id,prot_ps,prot_acf,prot_cs,e_prot_ps,E_prot_ps,e_prot_acf,E_prot_acf,e_prot_cs,E_prot_cs,sph_ps,sph_acf,sph_cs,h_ps,fa_prob_ps,hacf,gacf,hcs
5476871,74.13719237504988,62.792564602568746,41.951694458334714,36.884175310970086,7413.719237504978,-1.0,-1.0,1.577257562223016,1.577257562223016,2273.3541723738344,2264.6367993589092,2264.0935490082397,118825.06014023315,0.0,0.3498696845882147,0.18951715136696548,0.9477265042889927
