target_id,prot_ps,prot_acf,prot_cs,e_prot_ps,E_prot_ps,e_prot_acf,E_prot_acf,e_prot_cs,E_prot_cs,sph_ps,sph_acf,sph_cs,h_ps,fa_prob_ps,hacf,gacf,hcs
5473223,72.32612666212732,1.0625525303184986,4.152918813226477,12.571808894815135,19.271341525216698,-1.0,-1.0,0.01363790436005882,0.01363790436005882,631.7111385755289,475.5848907135279,530.3667155402534,10333.703574991969,0.0,0.5163571177241856,0.416515066293221,0.3265391108510381
