target_id,prot_ps,prot_acf,prot_cs,e_prot_ps,E_prot_ps,e_prot_acf,E_prot_acf,e_prot_cs,E_prot_cs,sph_ps,sph_acf,sph_cs,h_ps,fa_prob_ps,hacf,gacf,hcs
5461440,90.40685008516503,65.75599032826722,28.934679125118997,22.492660668488995,44.769312198760716,-1.0,-1.0,5.4283313923830745,5.4283313923830745,891.9563086917493,863.5479487985006,840.8933090420103,46675.30323844515,0.0,0.12559795999185913,0.05585310423427561,0.9742305640445511
