target_id,prot_ps,prot_acf,prot_cs,e_prot_ps,E_prot_ps,e_prot_acf,E_prot_acf,e_prot_cs,E_prot_cs,sph_ps,sph_acf,sph_cs,h_ps,fa_prob_ps,hacf,gacf,hcs
5441351,31.00814935239499,29.465511151589453,54.705544102751894,6.361512594581228,10.78793509297363,-1.0,-1.0,1.53193620436514,1.53193620436514,209.40131050023646,206.75863208574287,207.05014699602853,11181.996674851123,0.0,0.10463236374379854,0.010215832434740293,0.09635410499460052
