target_id,prot_ps,prot_acf,prot_cs,e_prot_ps,E_prot_ps,e_prot_acf,E_prot_acf,e_prot_cs,E_prot_cs,sph_ps,sph_acf,sph_cs,h_ps,fa_prob_ps,hacf,gacf,hcs
5469517,50.887804110863364,10.11469034710899,50.852167647331946,6.474732092348347,8.68474738291043,-1.0,-1.0,7.942281752563604,7.942281752563604,448.74190014480314,426.0670203647212,448.72968598852594,6529.828102357361,0.0,0.14514500059492746,0.07481254999022263,1.9160227790074316
