target_id,prot_ps,prot_acf,prot_cs,e_prot_ps,E_prot_ps,e_prot_acf,E_prot_acf,e_prot_cs,E_prot_cs,sph_ps,sph_acf,sph_cs,h_ps,fa_prob_ps,hacf,gacf,hcs
5544935,60.27173407213797,56.62175480509177,41.50719027082166,11.592671621962843,18.84007598423522,-1.0,-1.0,6.654436955890811,6.654436955890811,646.2686584750139,646.9345718677786,638.0768078276062,4082.0435674649393,0.0,0.10218088901578569,0.013031108431945312,0.14106797858116815
