target_id,prot_ps,prot_acf,prot_cs,e_prot_ps,E_prot_ps,e_prot_acf,E_prot_acf,e_prot_cs,E_prot_cs,sph_ps,sph_acf,sph_cs,h_ps,fa_prob_ps,hacf,gacf,hcs
5529921,90.40670370032915,9.992097603622824,13.167091725608332,44.978459552402555,9040.670370032818,-1.0,-1.0,0.8402263482750415,0.8402263482750415,376.5131754036561,366.14804319059,368.52437669057656,1994.6877048268323,0.0,0.06918127573247547,0.052411410770479214,2.9849490815053366
