target_id,prot_ps,prot_acf,prot_cs,e_prot_ps,E_prot_ps,e_prot_acf,E_prot_acf,e_prot_cs,E_prot_cs,sph_ps,sph_acf,sph_cs,h_ps,fa_prob_ps,hacf,gacf,hcs
5565156,72.73191591346095,75.48220198694617,-1.0,6.57752231176957,8.029891287350367,-1.0,-1.0,-1.0,-1.0,688.8199788054019,688.7687719225686,-1.0,72538.94833321508,0.0,0.532290369726172,0.5219734543999579,0.045008026922689404
