target_id,prot_ps,prot_acf,prot_cs,e_prot_ps,E_prot_ps,e_prot_acf,E_prot_acf,e_prot_cs,E_prot_cs,sph_ps,sph_acf,sph_cs,h_ps,fa_prob_ps,hacf,gacf,hcs
5536952,75.41078557392925,58.256310601718724,28.728064609316938,10.400616880913375,14.362298598270627,-1.0,-1.0,5.510264392979339,5.510264392979339,1220.316778430788,1219.381377972275,1214.486971699003,9313.750615278128,0.0,0.1608383048088286,0.04131497112458054,2.2354161502605194
