target_id,prot_ps,prot_acf,prot_cs,e_prot_ps,E_prot_ps,e_prot_acf,E_prot_acf,e_prot_cs,E_prot_cs,sph_ps,sph_acf,sph_cs,h_ps,fa_prob_ps,hacf,gacf,hcs
5563810,72.21218243233466,67.24765209574252,37.5570803963772,12.211691152646353,18.45270998597907,-1.0,-1.0,0.7591413515561005,0.7591413515561005,1127.9535982611148,1135.8453157553129,1113.9482597719973,7340.415303138672,0.0,0.1894570531745667,0.12290828988124668,0.24347189844837946
