target_id,prot_ps,prot_acf,prot_cs,e_prot_ps,E_prot_ps,e_prot_acf,E_prot_acf,e_prot_cs,E_prot_cs,sph_ps,sph_acf,sph_cs,h_ps,fa_prob_ps,hacf,gacf,hcs
5536332,72.32581510023181,73.82665085699409,24.371627456499233,11.519627794796705,16.904537021500175,-1.0,-1.0,0.2664945092853013,0.2664945092853013,443.427316765501,442.38152594476225,437.31009717889606,7178.372032489308,0.0,0.24044527944143756,0.18089600913068374,0.10372565891603208
