target_id,prot_ps,prot_acf,prot_cs,e_prot_ps,E_prot_ps,e_prot_acf,E_prot_acf,e_prot_cs,E_prot_cs,sph_ps,sph_acf,sph_cs,h_ps,fa_prob_ps,hacf,gacf,hcs
5536250,4.471003968200664,4.495407789945602,4.477181502628196,0.43451483091946397,0.5393479708757987,-1.0,-1.0,0.1519294553848964,0.1519294553848964,3332.124347783698,3289.3192486284734,3327.6661988214596,509980.51283002214,0.0,1.3019993786068036,0.8009990659814671,0.9818718762931248
