target_id,prot_ps,prot_acf,prot_cs,e_prot_ps,E_prot_ps,e_prot_acf,E_prot_acf,e_prot_cs,E_prot_cs,sph_ps,sph_acf,sph_cs,h_ps,fa_prob_ps,hacf,gacf,hcs
5515865,74.40908203328294,93.56439281068742,46.16185146979952,12.205841599232201,18.16545440380054,-1.0,-1.0,1.1643455243270244,1.1643455243270244,314.7222788007937,315.3259031730494,310.8328316707056,22958.076032189252,0.0,0.07265595387624765,0.14045022091564044,0.1433757011974096
