target_id,prot_ps,prot_acf,prot_cs,e_prot_ps,E_prot_ps,e_prot_acf,E_prot_acf,e_prot_cs,E_prot_cs,sph_ps,sph_acf,sph_cs,h_ps,fa_prob_ps,hacf,gacf,hcs
5597401,1.6010993702433804,3.187601437792182,3.10736555014737,0.10729829093724241,0.12390543134061205,-1.0,-1.0,0.04268692984695132,0.04268692984695132,17374.87307293868,17905.375547677366,17786.078212730397,3290090.241982125,0.0,1.3263550386621794,0.9275608156995465,0.15385461093806818
