target_id,prot_ps,prot_acf,prot_cs,e_prot_ps,E_prot_ps,e_prot_acf,E_prot_acf,e_prot_cs,E_prot_cs,sph_ps,sph_acf,sph_cs,h_ps,fa_prob_ps,hacf,gacf,hcs
5559651,72.32629392029614,57.11223104270175,54.649559813626105,11.746096210241,17.396687577454472,-1.0,-1.0,5.1482016273311,5.1482016273311,646.5666510683645,645.4635740952692,636.470979500085,27722.374627689675,0.0,0.3710237775250017,0.1982114347496799,0.4367929860059044
