target_id,prot_ps,prot_acf,prot_cs,e_prot_ps,E_prot_ps,e_prot_acf,E_prot_acf,e_prot_cs,E_prot_cs,sph_ps,sph_acf,sph_cs,h_ps,fa_prob_ps,hacf,gacf,hcs
5522955,45.224261462011185,46.425417587161064,46.126063552103,4.857401247270786,6.186306139829291,-1.0,-1.0,4.728138474103372,4.728138474103372,1481.999463348644,1435.207482867948,1417.6350674690996,54866.43898222206,0.0,0.6021465258364302,0.2528318036702843,0.9957841994407348
