target_id,prot_ps,prot_acf,prot_cs,e_prot_ps,E_prot_ps,e_prot_acf,E_prot_acf,e_prot_cs,E_prot_cs,sph_ps,sph_acf,sph_cs,h_ps,fa_prob_ps,hacf,gacf,hcs
5653841,72.32538570697366,73.94972104020417,38.8408700601384,10.981636032671744,15.770804764239344,-1.0,-1.0,5.534240682002101,5.534240682002101,536.1459780670091,539.7163177253411,527.7106892286598,20026.93842882877,0.0,0.36474769197597556,0.18244227536152838,0.9281095244397737
