target_id,prot_ps,prot_acf,prot_cs,e_prot_ps,E_prot_ps,e_prot_acf,E_prot_acf,e_prot_cs,E_prot_cs,sph_ps,sph_acf,sph_cs,h_ps,fa_prob_ps,hacf,gacf,hcs
5621887,72.21308768551815,58.9512948715128,43.79662317603361,12.143825695001631,18.298073372633425,-1.0,-1.0,2.6792897783907477,2.6792897783907477,1407.6590643497902,1428.1304998803453,1408.293508383523,10002.667337525925,0.0,0.11310195073421409,0.07730278918382424,0.3538058841151923
