target_id,prot_ps,prot_acf,prot_cs,e_prot_ps,E_prot_ps,e_prot_acf,E_prot_acf,e_prot_cs,E_prot_cs,sph_ps,sph_acf,sph_cs,h_ps,fa_prob_ps,hacf,gacf,hcs
5687665,33.08729148949007,32.87727663433179,33.53625250223558,4.5993399400900365,6.370387017289204,-1.0,-1.0,1.6233827507021503,1.6233827507021503,1442.5421610543137,1443.5444841357785,1444.1066595024931,447853.14800096105,0.0,0.6328990951860924,0.292546311718219,0.9922494440069177
