target_id,prot_ps,prot_acf,prot_cs,e_prot_ps,E_prot_ps,e_prot_acf,E_prot_acf,e_prot_cs,E_prot_cs,sph_ps,sph_acf,sph_cs,h_ps,fa_prob_ps,hacf,gacf,hcs
5688091,54.015011711094175,55.496376587077975,56.95938857663422,9.47322126427239,14.591304106757974,-1.0,-1.0,6.20863557590919,6.20863557590919,846.5851658248808,846.5851658248808,846.5851658248808,2452.5209899966467,0.0,0.1959008968625049,0.0683379982525477,0.16343416985802706
