target_id,prot_ps,prot_acf,prot_cs,e_prot_ps,E_prot_ps,e_prot_acf,E_prot_acf,e_prot_cs,E_prot_cs,sph_ps,sph_acf,sph_cs,h_ps,fa_prob_ps,hacf,gacf,hcs
5689016,21.52735470564601,21.659357910975814,21.323776167242382,3.0726809330280673,4.3002680492948535,-1.0,-1.0,0.2147922592433748,0.2147922592433748,3398.565910375161,3397.0621034329047,3385.498954554314,982264.1378029773,0.0,0.6104390281260142,0.3588102658120444,0.469834756222986
