target_id,prot_ps,prot_acf,prot_cs,e_prot_ps,E_prot_ps,e_prot_acf,E_prot_acf,e_prot_cs,E_prot_cs,sph_ps,sph_acf,sph_cs,h_ps,fa_prob_ps,hacf,gacf,hcs
5630990,90.40767637930007,66.2460786215961,34.01300436766389,6.033793052815923,6.963244588473572,-1.0,-1.0,0.6826741012127501,0.6826741012127501,451.6519694134161,475.43559002003184,461.7945105417387,2876.0103934601652,0.0,0.0856498178006283,0.051699267032743385,0.27932976371959056
