target_id,prot_ps,prot_acf,prot_cs,e_prot_ps,E_prot_ps,e_prot_acf,E_prot_acf,e_prot_cs,E_prot_cs,sph_ps,sph_acf,sph_cs,h_ps,fa_prob_ps,hacf,gacf,hcs
5636733,51.66098655034139,51.963099678047,51.60530420995318,6.797400948882874,9.224996994117099,-1.0,-1.0,4.98453492061892,4.98453492061892,236.848149927834,236.4977968187652,236.76233546947398,7174.56625349545,0.0,0.21821360524021574,0.11303567214738891,0.08229626288707957
