target_id,prot_ps,prot_acf,prot_cs,e_prot_ps,E_prot_ps,e_prot_acf,E_prot_acf,e_prot_cs,E_prot_cs,sph_ps,sph_acf,sph_cs,h_ps,fa_prob_ps,hacf,gacf,hcs
5632729,60.271684123076525,67.9828290855512,41.02836274850889,6.458915079741956,8.220866030530146,-1.0,-1.0,9.098277478350406,9.098277478350406,544.1213518840716,546.0061521000448,532.3740377263339,5876.834587303218,0.0,0.16103334549636522,0.07857662379758941,0.09860049509630048
