target_id,prot_ps,prot_acf,prot_cs,e_prot_ps,E_prot_ps,e_prot_acf,E_prot_acf,e_prot_cs,E_prot_cs,sph_ps,sph_acf,sph_cs,h_ps,fa_prob_ps,hacf,gacf,hcs
5612536,72.32524774694863,83.81920049153268,41.920110133339115,8.668674546733044,11.401854764101387,-1.0,-1.0,1.0984866947156955,1.0984866947156955,465.46054805841356,457.11297031017597,457.92871234216165,159647.30883515734,0.0,0.5819550935599034,0.2734460153006762,0.18067061234596396
