target_id,prot_ps,prot_acf,prot_cs,e_prot_ps,E_prot_ps,e_prot_acf,E_prot_acf,e_prot_cs,E_prot_cs,sph_ps,sph_acf,sph_cs,h_ps,fa_prob_ps,hacf,gacf,hcs
5638251,61.38118006755466,61.23992503574118,41.79211100412066,18.329966919342027,45.51206641008624,-1.0,-1.0,6.486942496566647,6.486942496566647,1219.1154563716145,1219.2334265264403,1215.2191249236325,3648.90293659489,0.0,0.12163890166923719,0.02141536488876196,0.2540509336905012
