target_id,prot_ps,prot_acf,prot_cs,e_prot_ps,E_prot_ps,e_prot_acf,E_prot_acf,e_prot_cs,E_prot_cs,sph_ps,sph_acf,sph_cs,h_ps,fa_prob_ps,hacf,gacf,hcs
5640239,47.21225999111686,50.307826014235616,-1.0,5.595945441198005,7.334661959418433,-1.0,-1.0,-1.0,-1.0,316.0266657206043,315.20774281518015,-1.0,6508.653774257791,0.0,0.14268045990759318,0.0063567446392600495,0.0827989026909068
