target_id,prot_ps,prot_acf,prot_cs,e_prot_ps,E_prot_ps,e_prot_acf,E_prot_acf,e_prot_cs,E_prot_cs,sph_ps,sph_acf,sph_cs,h_ps,fa_prob_ps,hacf,gacf,hcs
5637313,5.168022056787747,5.231035828590393,5.204912733240262,0.4612647514540491,0.5614958404189956,-1.0,-1.0,0.047499226267799406,0.047499226267799406,3514.445159326508,3518.1476752689,3530.6706781620496,2385203.7225752603,0.0,1.2323965622503517,0.7905003802636933,0.6417654647348524
