target_id,prot_ps,prot_acf,prot_cs,e_prot_ps,E_prot_ps,e_prot_acf,E_prot_acf,e_prot_cs,E_prot_cs,sph_ps,sph_acf,sph_cs,h_ps,fa_prob_ps,hacf,gacf,hcs
5641801,14.168976373250192,14.24231141898781,14.30719444957669,1.466001404195234,1.8485172310230595,-1.0,-1.0,0.15541931041990237,0.15541931041990237,3414.907141429905,3417.0367501851747,3424.5177393764657,3433868.424098946,0.0,0.8619424146102941,0.6062606978512641,0.24554076341678227
