target_id,prot_ps,prot_acf,prot_cs,e_prot_ps,E_prot_ps,e_prot_acf,E_prot_acf,e_prot_cs,E_prot_cs,sph_ps,sph_acf,sph_cs,h_ps,fa_prob_ps,hacf,gacf,hcs
5629662,72.32546926289439,77.52584715280682,42.184359487649026,13.797864536280848,22.310369413414122,-1.0,-1.0,7.037800596254673,7.037800596254673,450.81818471372435,451.67465200373255,448.21493609999027,6231.087602070203,0.0,0.16512654266516533,0.10109154070379972,0.16769461708329758
