target_id,prot_ps,prot_acf,prot_cs,e_prot_ps,E_prot_ps,e_prot_acf,E_prot_acf,e_prot_cs,E_prot_cs,sph_ps,sph_acf,sph_cs,h_ps,fa_prob_ps,hacf,gacf,hcs
5690161,89.96473490674416,98.07824268937111,-1.0,4.284034995559239,4.734986047723382,-1.0,-1.0,-1.0,-1.0,891.3405032496211,891.3405032496211,-1.0,1940.8010406269748,0.0,0.13071494391192856,0.16556851294542127,0.42360462627804363
