target_id,prot_ps,prot_acf,prot_cs,e_prot_ps,E_prot_ps,e_prot_acf,E_prot_acf,e_prot_cs,E_prot_cs,sph_ps,sph_acf,sph_cs,h_ps,fa_prob_ps,hacf,gacf,hcs
5796099,72.32591520121004,79.36426902934909,40.739442058556826,9.014322397815008,12.007401338424074,-1.0,-1.0,0.9869904871171763,0.9869904871171763,610.8610134845427,613.4339894102616,609.2729960401174,5912.578430985993,0.0,0.16271436019671004,0.10430849098349056,0.1393844006708389
