target_id,prot_ps,prot_acf,prot_cs,e_prot_ps,E_prot_ps,e_prot_acf,E_prot_acf,e_prot_cs,E_prot_cs,sph_ps,sph_acf,sph_cs,h_ps,fa_prob_ps,hacf,gacf,hcs
5702820,51.66094236626205,56.437948057428,52.68897255775518,5.143363203675541,6.4221395832059756,-1.0,-1.0,2.9912540524672693,2.9912540524672693,346.3602626484692,344.48682085534443,343.3797864408454,2568.2012458635404,0.0,0.16231582058126504,0.1281067501389341,0.09180556803975741
