target_id,prot_ps,prot_acf,prot_cs,e_prot_ps,E_prot_ps,e_prot_acf,E_prot_acf,e_prot_cs,E_prot_cs,sph_ps,sph_acf,sph_cs,h_ps,fa_prob_ps,hacf,gacf,hcs
5705922,65.73771185000153,57.069391916971654,57.631503972695214,3.13036670136686,3.4598789241074286,-1.0,-1.0,5.550908967198138,5.550908967198138,592.5011622301784,592.5011622301784,592.5011622301784,5521.362772631007,0.0,0.26722037055975223,0.19812755808236723,0.3197911562204722
