target_id,prot_ps,prot_acf,prot_cs,e_prot_ps,E_prot_ps,e_prot_acf,E_prot_acf,e_prot_cs,E_prot_cs,sph_ps,sph_acf,sph_cs,h_ps,fa_prob_ps,hacf,gacf,hcs
5781846,62.62048688132504,48.59159924834967,38.35507798701526,31.467581347399527,-6262.048688132403,-1.0,-1.0,3.762928035730877,3.762928035730877,649.1672193352922,652.279653199708,629.8967825836953,5268.115507935623,0.0,0.12858470107687053,0.052188181021170295,0.27699174968786233
