target_id,prot_ps,prot_acf,prot_cs,e_prot_ps,E_prot_ps,e_prot_acf,E_prot_acf,e_prot_cs,E_prot_cs,sph_ps,sph_acf,sph_cs,h_ps,fa_prob_ps,hacf,gacf,hcs
5770431,0.19427899181648367,0.2043337281793356,-1.0,0.009541408627514458,0.010580683358542065,-1.0,-1.0,-1.0,-1.0,40901.25984941412,40878.69709106122,-1.0,173482164.42896318,0.0,1.39567181405992,0.7619471168248466,0.006971062528923615
