target_id,prot_ps,prot_acf,prot_cs,e_prot_ps,E_prot_ps,e_prot_acf,E_prot_acf,e_prot_cs,E_prot_cs,sph_ps,sph_acf,sph_cs,h_ps,fa_prob_ps,hacf,gacf,hcs
5784101,7.963840929872472,7.744388957042247,7.956927566186971,0.9006100957234535,1.1638417885198606,-1.0,-1.0,0.3349390061699753,0.3349390061699753,1306.3289678265373,1304.0136470606653,1308.2782284109633,289852.6855891555,0.0,0.8005456704144163,0.5462642483796916,0.9253313000791206
