target_id,prot_ps,prot_acf,prot_cs,e_prot_ps,E_prot_ps,e_prot_acf,E_prot_acf,e_prot_cs,E_prot_cs,sph_ps,sph_acf,sph_cs,h_ps,fa_prob_ps,hacf,gacf,hcs
5792823,72.32607529540002,70.9253312931396,-1.0,10.798757162194356,15.396291727177669,-1.0,-1.0,-1.0,-1.0,579.2759585387116,581.8048658405999,-1.0,13840.028909586403,0.0,0.22751303853881538,0.1355048064211885,0.039474369157898585
