target_id,prot_ps,prot_acf,prot_cs,e_prot_ps,E_prot_ps,e_prot_acf,E_prot_acf,e_prot_cs,E_prot_cs,sph_ps,sph_acf,sph_cs,h_ps,fa_prob_ps,hacf,gacf,hcs
5784065,9.402474918652587,9.113453747704625,9.406678100349383,1.0855506951907916,1.4114695008567377,-1.0,-1.0,0.7361594543352257,0.7361594543352257,2098.9615228387647,2104.0602673362964,2099.3225643508217,270429.8008182765,0.0,0.8479073019459198,0.4998362181843661,0.873650063573193
