target_id,prot_ps,prot_acf,prot_cs,e_prot_ps,E_prot_ps,e_prot_acf,E_prot_acf,e_prot_cs,E_prot_cs,sph_ps,sph_acf,sph_cs,h_ps,fa_prob_ps,hacf,gacf,hcs
5707157,0.40707487022082883,0.4086547251790762,0.40675919778095837,0.004027656590621376,0.004108965976719392,-1.0,-1.0,0.008243314795840062,0.008243314795840062,361.27354327073766,362.8820130936171,361.27354327073766,3382.897874225633,0.0,0.690713508868685,0.6803875660651243,0.25115202919822754
