target_id,prot_ps,prot_acf,prot_cs,e_prot_ps,E_prot_ps,e_prot_acf,E_prot_acf,e_prot_cs,E_prot_cs,sph_ps,sph_acf,sph_cs,h_ps,fa_prob_ps,hacf,gacf,hcs
5701440,11.665503824182164,11.647209897637367,11.68820115289273,1.219933376704688,1.5425642003933664,-1.0,-1.0,0.3904453205943264,0.3904453205943264,3739.909876851195,3747.059174276015,3735.778353867559,1080070.6068373364,0.0,0.7933966220938478,0.5358743258081654,0.5424183167739237
