target_id,prot_ps,prot_acf,prot_cs,e_prot_ps,E_prot_ps,e_prot_acf,E_prot_acf,e_prot_cs,E_prot_cs,sph_ps,sph_acf,sph_cs,h_ps,fa_prob_ps,hacf,gacf,hcs
5782846,98.60673252591042,10.236962073482573,16.695647386470807,4.695558691710019,5.189828027679482,-1.0,-1.0,1.501213568083183,1.501213568083183,379.1544320249401,350.65092296208866,358.6727270159596,907.5185996958666,0.0,0.00014112923733857613,0.10491456397562295,0.7211735743478451
