target_id,prot_ps,prot_acf,prot_cs,e_prot_ps,E_prot_ps,e_prot_acf,E_prot_acf,e_prot_cs,E_prot_cs,sph_ps,sph_acf,sph_cs,h_ps,fa_prob_ps,hacf,gacf,hcs
5730601,55.63551109265878,58.583455791231245,56.48184761606266,10.955292523776315,18.072783848797336,-1.0,-1.0,1.7092560572758522,1.7092560572758522,433.5680015904889,431.359133782159,432.98432418578307,13033.96876059741,0.0,0.15650238565950253,0.13080206722802057,0.13718027470998256
