target_id,prot_ps,prot_acf,prot_cs,e_prot_ps,E_prot_ps,e_prot_acf,E_prot_acf,e_prot_cs,E_prot_cs,sph_ps,sph_acf,sph_cs,h_ps,fa_prob_ps,hacf,gacf,hcs
5726023,27.53382632321166,28.25994709599763,27.531277744267133,3.7270278341569387,5.110583126228203,-1.0,-1.0,2.183358956987593,2.183358956987593,698.856529432718,691.2469996736237,698.900501259375,707440.6394482529,0.0,0.7947666740749968,0.40750246037161386,0.953402419731832
