target_id,prot_ps,prot_acf,prot_cs,e_prot_ps,E_prot_ps,e_prot_acf,E_prot_acf,e_prot_cs,E_prot_cs,sph_ps,sph_acf,sph_cs,h_ps,fa_prob_ps,hacf,gacf,hcs
5771734,74.40898206549153,56.08952146489173,53.22426857918419,17.09740051703284,31.635610518693568,-1.0,-1.0,1.4951519207727364,1.4951519207727364,763.1647333520713,757.400119751076,760.1064464451703,5702.219276461218,0.0,0.13333786633393443,0.0274248789655786,0.08922627075596386
