target_id,prot_ps,prot_acf,prot_cs,e_prot_ps,E_prot_ps,e_prot_acf,E_prot_acf,e_prot_cs,E_prot_cs,sph_ps,sph_acf,sph_cs,h_ps,fa_prob_ps,hacf,gacf,hcs
5769516,49.30336468854221,58.0502265826799,44.93021417438427,2.347778873693109,2.59491344576616,-1.0,-1.0,4.685362336993849,4.685362336993849,630.6878764786887,630.6878764786887,630.6878764786887,6371.926832168065,0.0,0.20311004097341306,0.023413817337246345,0.3599496739638972
