target_id,prot_ps,prot_acf,prot_cs,e_prot_ps,E_prot_ps,e_prot_acf,E_prot_acf,e_prot_cs,E_prot_cs,sph_ps,sph_acf,sph_cs,h_ps,fa_prob_ps,hacf,gacf,hcs
5702714,90.40772898808143,93.19802792742848,53.60776721499861,12.099013573901715,16.52090720558111,-1.0,-1.0,10.93523830449941,10.93523830449941,598.1091593857855,596.5680971679466,584.1267240456873,2677.6313392070915,0.0,0.06394405064830469,0.052683996922438414,0.49509720504499044
