target_id,prot_ps,prot_acf,prot_cs,e_prot_ps,E_prot_ps,e_prot_acf,E_prot_acf,e_prot_cs,E_prot_cs,sph_ps,sph_acf,sph_cs,h_ps,fa_prob_ps,hacf,gacf,hcs
5706433,72.32609677264612,75.74770584469661,40.73433362098746,12.30081758979157,18.64180534854377,-1.0,-1.0,1.0535487182960093,1.0535487182960093,396.5055360082656,396.50979812912914,394.4101290601155,5126.655371371966,0.0,0.13577768229874607,0.07057634856073601,0.15344485627365184
