target_id,prot_ps,prot_acf,prot_cs,e_prot_ps,E_prot_ps,e_prot_acf,E_prot_acf,e_prot_cs,E_prot_cs,sph_ps,sph_acf,sph_cs,h_ps,fa_prob_ps,hacf,gacf,hcs
5858361,21.04119058493612,20.842041224241257,21.215563296377656,2.010503409706942,2.485483470572248,-1.0,-1.0,2.054554396393941,2.054554396393941,3129.175033244281,3181.605844715619,3159.4010122310133,973177.2413613228,0.0,1.3174940188071245,0.6502545961793674,0.978487157257114
