target_id,prot_ps,prot_acf,prot_cs,e_prot_ps,E_prot_ps,e_prot_acf,E_prot_acf,e_prot_cs,E_prot_cs,sph_ps,sph_acf,sph_cs,h_ps,fa_prob_ps,hacf,gacf,hcs
5807917,72.32625008797599,10.911596889607608,11.609742190699356,10.259610797053242,14.323137185927976,-1.0,-1.0,0.09448100226443062,0.09448100226443062,2593.257010022631,2459.247875364013,2506.4238028717787,100844.41377495424,0.0,0.14870776143791367,0.006737752024639749,0.8937546794150505
