target_id,prot_ps,prot_acf,prot_cs,e_prot_ps,E_prot_ps,e_prot_acf,E_prot_acf,e_prot_cs,E_prot_cs,sph_ps,sph_acf,sph_cs,h_ps,fa_prob_ps,hacf,gacf,hcs
5893143,25.0123255405233,50.28743125498295,47.777146439999335,3.074572696705271,4.076842429974224,-1.0,-1.0,4.409125621208178,4.409125621208178,706.4178285815668,722.7262699131896,723.3493854411313,10747.837483757941,0.0,0.42556848904288097,0.21482804313901693,0.1680582678405865
