target_id,prot_ps,prot_acf,prot_cs,e_prot_ps,E_prot_ps,e_prot_acf,E_prot_acf,e_prot_cs,E_prot_cs,sph_ps,sph_acf,sph_cs,h_ps,fa_prob_ps,hacf,gacf,hcs
5879321,5.529844029740141,5.639711402356625,5.586955035962417,0.4568572253928034,0.5472873230855475,-1.0,-1.0,0.02721648389563709,0.02721648389563709,5882.415681193809,5965.983009453947,5922.066478861415,715956.7046578942,0.0,1.323167904344753,0.7962258333543829,0.7723736217984706
