target_id,prot_ps,prot_acf,prot_cs,e_prot_ps,E_prot_ps,e_prot_acf,E_prot_acf,e_prot_cs,E_prot_cs,sph_ps,sph_acf,sph_cs,h_ps,fa_prob_ps,hacf,gacf,hcs
5892037,73.7862222194199,16.08132350584492,17.695099208643523,11.154434274041307,15.988459145183242,-1.0,-1.0,0.23994256766489303,0.23994256766489303,975.7326569821622,930.005114167209,917.4039243502629,23834.89046695522,0.0,0.33061421571129584,0.20606169744253636,0.9619625254512594
