target_id,prot_ps,prot_acf,prot_cs,e_prot_ps,E_prot_ps,e_prot_acf,E_prot_acf,e_prot_cs,E_prot_cs,sph_ps,sph_acf,sph_cs,h_ps,fa_prob_ps,hacf,gacf,hcs
5814526,72.32609682441107,79.83444476267323,46.076153355007875,13.094987814396482,20.528586539877494,-1.0,-1.0,1.6326186303227317,1.6326186303227317,826.3823522003804,837.707377646227,817.4026831484653,9234.530205924946,0.0,0.24560105658359782,0.19102777220751152,0.20915852215829303
