target_id,prot_ps,prot_acf,prot_cs,e_prot_ps,E_prot_ps,e_prot_acf,E_prot_acf,e_prot_cs,E_prot_cs,sph_ps,sph_acf,sph_cs,h_ps,fa_prob_ps,hacf,gacf,hcs
5809184,46.98087424621285,49.38832873851061,47.11877372602066,3.9274787326731087,4.715963218902083,-1.0,-1.0,1.4059963075990412,1.4059963075990412,382.91513756388,382.294098561186,383.0340563708546,6068.335351813765,0.0,0.16158879549755195,0.10956174368285115,0.07980026518304928
