target_id,prot_ps,prot_acf,prot_cs,e_prot_ps,E_prot_ps,e_prot_acf,E_prot_acf,e_prot_cs,E_prot_cs,sph_ps,sph_acf,sph_cs,h_ps,fa_prob_ps,hacf,gacf,hcs
5801326,72.86900385701104,73.29582117497921,45.968278633910444,16.898026107280167,31.513931705366304,-1.0,-1.0,1.2579136998487177,1.2579136998487177,217.41985986378006,216.9139787695572,215.80340335930194,19628.59104334074,0.0,0.19216574967350544,0.100468007416664,0.163577467051249
