target_id,prot_ps,prot_acf,prot_cs,e_prot_ps,E_prot_ps,e_prot_acf,E_prot_acf,e_prot_cs,E_prot_cs,sph_ps,sph_acf,sph_cs,h_ps,fa_prob_ps,hacf,gacf,hcs
5807205,18.684372381993217,18.6764496313408,18.844196667444354,1.9663213301696274,2.4905201389106217,-1.0,-1.0,0.2945721066137219,0.2945721066137219,203.44751088103527,203.47867704139327,203.07878399485676,64807.46510293843,0.0,0.6957628978460109,0.292034818816403,0.971224490225179
