target_id,prot_ps,prot_acf,prot_cs,e_prot_ps,E_prot_ps,e_prot_acf,E_prot_acf,e_prot_cs,E_prot_cs,sph_ps,sph_acf,sph_cs,h_ps,fa_prob_ps,hacf,gacf,hcs
5888258,60.271609777843516,29.240550321992487,14.178295354242435,8.28416305909218,11.424767235385438,-1.0,-1.0,0.7445742888004534,0.7445742888004534,1090.0949982083696,1072.9747551381438,976.7455315612463,13369.251920996147,0.0,0.2880282064559408,0.0764452213225773,0.19676646679305654
