target_id,prot_ps,prot_acf,prot_cs,e_prot_ps,E_prot_ps,e_prot_acf,E_prot_acf,e_prot_cs,E_prot_cs,sph_ps,sph_acf,sph_cs,h_ps,fa_prob_ps,hacf,gacf,hcs
5809890,30.776690027761003,29.996721079573035,30.768911876301285,5.334546936782175,8.16505843129443,-1.0,-1.0,2.396352666310401,2.396352666310401,1581.7141953069604,1592.7014447182237,1581.691403194811,136218.69199897454,0.0,0.6278359472858636,0.33436061579800297,0.9336926827546308
