target_id,prot_ps,prot_acf,prot_cs,e_prot_ps,E_prot_ps,e_prot_acf,E_prot_acf,e_prot_cs,E_prot_cs,sph_ps,sph_acf,sph_cs,h_ps,fa_prob_ps,hacf,gacf,hcs
5819225,72.3261823991895,58.685639068484306,28.933769313979962,14.980038698584316,25.573486427629987,-1.0,-1.0,2.251008010438894,2.251008010438894,724.4604205196404,720.2725741970834,720.5389887541718,9560.512893010087,0.0,0.19424244490907222,0.11881494176299234,0.12747498745586858
