target_id,prot_ps,prot_acf,prot_cs,e_prot_ps,E_prot_ps,e_prot_acf,E_prot_acf,e_prot_cs,E_prot_cs,sph_ps,sph_acf,sph_cs,h_ps,fa_prob_ps,hacf,gacf,hcs
5881857,90.4073386226759,105.49883579090238,52.367424998139136,11.12654951943182,14.759488716299416,-1.0,-1.0,2.3296745822322316,2.3296745822322316,472.908542030149,471.815266223195,464.94370163398054,4244.257860485302,0.0,0.07212863569358702,0.09302691516534564,0.2731410619648017
