target_id,prot_ps,prot_acf,prot_cs,e_prot_ps,E_prot_ps,e_prot_acf,E_prot_acf,e_prot_cs,E_prot_cs,sph_ps,sph_acf,sph_cs,h_ps,fa_prob_ps,hacf,gacf,hcs
5877658,72.21322347581817,74.64452958852053,36.83900634236633,10.03085146984455,13.889530188152548,-1.0,-1.0,7.674755324221342,7.674755324221342,753.2832672416655,761.6876065860353,755.0878031811988,7845.341458638668,0.0,0.15270577253609705,0.11068373111638445,0.1824627448251895
