target_id,prot_ps,prot_acf,prot_cs,e_prot_ps,E_prot_ps,e_prot_acf,E_prot_acf,e_prot_cs,E_prot_cs,sph_ps,sph_acf,sph_cs,h_ps,fa_prob_ps,hacf,gacf,hcs
5963681,72.20835136827684,67.57434812420979,22.784939673147456,15.715381110114556,27.828564287250472,-1.0,-1.0,0.541753139085275,0.541753139085275,1145.89319635314,1173.397267398248,1117.8530573014964,19725.753710176916,0.0,0.5099808585881931,0.2309543293766237,0.13418975118391854
