target_id,prot_ps,prot_acf,prot_cs,e_prot_ps,E_prot_ps,e_prot_acf,E_prot_acf,e_prot_cs,E_prot_cs,sph_ps,sph_acf,sph_cs,h_ps,fa_prob_ps,hacf,gacf,hcs
5984541,72.32545043860408,55.559495405294,46.086319500227255,10.055666420946302,13.92881153278536,-1.0,-1.0,1.5237233842204705,1.5237233842204705,534.7093629686565,534.8477977107655,535.3887235352365,5875.603531319114,0.0,0.13879549846144884,0.008953573466718929,0.12566292733686446
