target_id,prot_ps,prot_acf,prot_cs,e_prot_ps,E_prot_ps,e_prot_acf,E_prot_acf,e_prot_cs,E_prot_cs,sph_ps,sph_acf,sph_cs,h_ps,fa_prob_ps,hacf,gacf,hcs
5981689,91.08631102470311,88.33510730462149,4.086341605084018,12.346246781072907,16.93793364002228,-1.0,-1.0,0.32419459376607324,0.32419459376607324,286.54594659148756,287.5415619761797,250.24484709193752,17213.59172787326,0.0,0.08655128261809403,0.09405221565786676,0.26255719525344595
