target_id,prot_ps,prot_acf,prot_cs,e_prot_ps,E_prot_ps,e_prot_acf,E_prot_acf,e_prot_cs,E_prot_cs,sph_ps,sph_acf,sph_cs,h_ps,fa_prob_ps,hacf,gacf,hcs
5963456,15.213874094740964,15.30484945513308,15.210241373721509,1.9039097855733953,2.539514755566108,-1.0,-1.0,0.9854328091891738,0.9854328091891738,1504.8390470367979,1503.8069148519542,1505.1480056792896,23833.421251536907,0.0,0.6225727648844002,0.3695723938167126,0.9847540407952705
