target_id,prot_ps,prot_acf,prot_cs,e_prot_ps,E_prot_ps,e_prot_acf,E_prot_acf,e_prot_cs,E_prot_cs,sph_ps,sph_acf,sph_cs,h_ps,fa_prob_ps,hacf,gacf,hcs
5984745,64.162335770958,61.17888452298939,57.83611440972426,8.660594617858628,11.863159229655736,-1.0,-1.0,1.8613211135770138,1.8613211135770138,222.95865560100464,222.34919426260885,220.5604513672501,4996.203741201182,0.0,0.20690090387482413,0.16214231851332317,0.2001868269561915
