target_id,prot_ps,prot_acf,prot_cs,e_prot_ps,E_prot_ps,e_prot_acf,E_prot_acf,e_prot_cs,E_prot_cs,sph_ps,sph_acf,sph_cs,h_ps,fa_prob_ps,hacf,gacf,hcs
5962674,21.58986559224806,21.43493145890534,21.64974830873949,2.3222901769858915,2.958813149634743,-1.0,-1.0,0.38972019543844694,0.38972019543844694,3177.0210855672644,3171.4345803669557,3170.004419595839,121338.76868688082,0.0,0.6867437463782606,0.38783239008329373,0.9875596977025601
