target_id,prot_ps,prot_acf,prot_cs,e_prot_ps,E_prot_ps,e_prot_acf,E_prot_acf,e_prot_cs,E_prot_cs,sph_ps,sph_acf,sph_cs,h_ps,fa_prob_ps,hacf,gacf,hcs
5938531,14.88184758045118,14.83465638756752,14.939371289249591,1.5241979690323788,1.91684409106173,-1.0,-1.0,0.306472255921849,0.306472255921849,3248.397437584566,3274.639058665597,3219.025961671857,72611.169237199,0.0,0.9171578982920893,0.547962465240543,0.9722487208582885
