target_id,prot_ps,prot_acf,prot_cs,e_prot_ps,E_prot_ps,e_prot_acf,E_prot_acf,e_prot_cs,E_prot_cs,sph_ps,sph_acf,sph_cs,h_ps,fa_prob_ps,hacf,gacf,hcs
5953057,93.53652992328472,70.00553933344781,13.429059892744036,4.454120472537369,4.92297525912025,-1.0,-1.0,2.4078180967943603,2.4078180967943603,285.308708278874,285.308708278874,290.62022250131656,722.5687052115537,1.55739412e-314,0.05728561628454133,0.09340354057720751,0.13836693819548143
