target_id,prot_ps,prot_acf,prot_cs,e_prot_ps,E_prot_ps,e_prot_acf,E_prot_acf,e_prot_cs,E_prot_cs,sph_ps,sph_acf,sph_cs,h_ps,fa_prob_ps,hacf,gacf,hcs
5975663,5.367586397969419,5.476239759474993,5.317123935354548,0.5651960566470837,0.7159781832088816,-1.0,-1.0,0.016441363046231686,0.016441363046231686,4166.48287284129,4173.40530199011,4165.979564196188,1542358.971324103,0.0,1.1480369725664055,0.7481815672458676,0.9164059107000757
