target_id,prot_ps,prot_acf,prot_cs,e_prot_ps,E_prot_ps,e_prot_acf,E_prot_acf,e_prot_cs,E_prot_cs,sph_ps,sph_acf,sph_cs,h_ps,fa_prob_ps,hacf,gacf,hcs
5905644,20.215555650874112,20.209083295892924,20.225430380459873,2.531171488466857,3.376778191399975,-1.0,-1.0,0.866883462585591,0.866883462585591,2629.563854841076,2630.4982816157253,2627.58693659148,466488.23279091186,0.0,0.7459150230372285,0.4125906548724074,0.9855062839791072
