target_id,prot_ps,prot_acf,prot_cs,e_prot_ps,E_prot_ps,e_prot_acf,E_prot_acf,e_prot_cs,E_prot_cs,sph_ps,sph_acf,sph_cs,h_ps,fa_prob_ps,hacf,gacf,hcs
5977594,90.4065401044996,86.47557089477777,46.4750639658145,15.496108989449809,23.579324794059346,-1.0,-1.0,1.8186755926653813,1.8186755926653813,365.8227447858355,360.6765245565816,365.4377696915337,14128.566470740001,0.0,0.21680843952622164,0.11654142619906195,0.11668301850352199
