target_id,prot_ps,prot_acf,prot_cs,e_prot_ps,E_prot_ps,e_prot_acf,E_prot_acf,e_prot_cs,E_prot_cs,sph_ps,sph_acf,sph_cs,h_ps,fa_prob_ps,hacf,gacf,hcs
6044064,5.040107028551814,5.0675880163908005,5.07447778663788,0.4601672571318405,0.5629660907091019,-1.0,-1.0,0.09996160973205293,0.09996160973205293,949268.29313219,951586.7886513754,948044.9173292709,122823.12750464716,0.0,1.0949702776552663,0.7074588121724003,0.9477997712886969
