target_id,prot_ps,prot_acf,prot_cs,e_prot_ps,E_prot_ps,e_prot_acf,E_prot_acf,e_prot_cs,E_prot_cs,sph_ps,sph_acf,sph_cs,h_ps,fa_prob_ps,hacf,gacf,hcs
6019560,46.88485334733941,53.004233109764755,46.61657353420581,6.881359897529961,9.740663267259585,-1.0,-1.0,1.011625853254831,1.011625853254831,135.4061014554549,131.8373567879193,134.86468339995733,15281.729301783582,0.0,0.23226781738629415,0.11500250899882393,0.12191495615126492
