target_id,prot_ps,prot_acf,prot_cs,e_prot_ps,E_prot_ps,e_prot_acf,E_prot_acf,e_prot_cs,E_prot_cs,sph_ps,sph_acf,sph_cs,h_ps,fa_prob_ps,hacf,gacf,hcs
6043042,65.73769582337034,18.57360996119678,56.68077289346606,3.130366467779538,3.4598787275457994,-1.0,-1.0,4.285037633729571,4.285037633729571,612.4584519992289,602.5776141952238,612.4584519992289,4867.658956979628,0.0,3.078964248718133e-05,0.03493903861273747,7.656409818061908
