target_id,prot_ps,prot_acf,prot_cs,e_prot_ps,E_prot_ps,e_prot_acf,E_prot_acf,e_prot_cs,E_prot_cs,sph_ps,sph_acf,sph_cs,h_ps,fa_prob_ps,hacf,gacf,hcs
6061235,90.40781259421716,88.21229170868173,46.12601730103942,26.574615902557362,64.48321013301775,-1.0,-1.0,5.748537013613015,5.748537013613015,837.5883365929009,840.7714303964361,831.2894797887226,8245.341729716773,0.0,0.07356930356839894,0.10712048321046262,0.20634936133201626
