target_id,prot_ps,prot_acf,prot_cs,e_prot_ps,E_prot_ps,e_prot_acf,E_prot_acf,e_prot_cs,E_prot_cs,sph_ps,sph_acf,sph_cs,h_ps,fa_prob_ps,hacf,gacf,hcs
6060311,56.05322094893606,6.191427803132683,5.711676412096556,27.887174601460725,5605.322094893585,-1.0,-1.0,0.19745978310688897,0.19745978310688897,569.4087623943249,536.9497368490419,533.5249741315866,11644.436398166226,0.0,0.12734171063306493,0.13848490346708328,0.8425389113231095
