target_id,prot_ps,prot_acf,prot_cs,e_prot_ps,E_prot_ps,e_prot_acf,E_prot_acf,e_prot_cs,E_prot_cs,sph_ps,sph_acf,sph_cs,h_ps,fa_prob_ps,hacf,gacf,hcs
6029099,46.768118917566206,45.77112540602684,46.68286987728439,2.2270532817888693,2.4614799430298007,-1.0,-1.0,6.213145042664946,6.213145042664946,412.50259161886345,412.50259161886345,412.50259161886345,3407.105359656933,0.0,0.09090058280443976,0.06784742718094884,1.860269311994183
