target_id,prot_ps,prot_acf,prot_cs,e_prot_ps,E_prot_ps,e_prot_acf,E_prot_acf,e_prot_cs,E_prot_cs,sph_ps,sph_acf,sph_cs,h_ps,fa_prob_ps,hacf,gacf,hcs
6029090,90.46060265848384,89.02948965271935,40.175451179069164,14.65706009876493,21.683773724556573,-1.0,-1.0,9.743230590511203,9.743230590511203,729.4118063012921,729.900377210401,725.987982867354,3030.676587813828,0.0,0.05966257615939247,0.06945631345526779,0.13522436011307531
