target_id,prot_ps,prot_acf,prot_cs,e_prot_ps,E_prot_ps,e_prot_acf,E_prot_acf,e_prot_cs,E_prot_cs,sph_ps,sph_acf,sph_cs,h_ps,fa_prob_ps,hacf,gacf,hcs
6044382,74.13669501646373,63.22215794213116,31.225493282516823,36.883927868887426,7413.669501646409,-1.0,-1.0,5.454412413742879,5.454412413742879,971.0290956340026,957.9098585582293,946.6423312074375,8217.404242967417,0.0,0.199073146400058,0.11613204121856799,0.06355134555136041
