target_id,prot_ps,prot_acf,prot_cs,e_prot_ps,E_prot_ps,e_prot_acf,E_prot_acf,e_prot_cs,E_prot_cs,sph_ps,sph_acf,sph_cs,h_ps,fa_prob_ps,hacf,gacf,hcs
6070481,72.32614430343135,77.79112671408802,41.782206703369106,8.940780655775598,11.8772549326238,-1.0,-1.0,0.9754423577593975,0.9754423577593975,882.2538950065984,880.2766449259173,870.9312346428027,107377.70752086141,0.0,0.8064459302900665,0.34678023533677327,0.9367700136131545
