target_id,prot_ps,prot_acf,prot_cs,e_prot_ps,E_prot_ps,e_prot_acf,E_prot_acf,e_prot_cs,E_prot_cs,sph_ps,sph_acf,sph_cs,h_ps,fa_prob_ps,hacf,gacf,hcs
6038860,20.17150957009895,19.94332318753004,20.376625234508218,3.1477685886836504,4.5759131262288015,-1.0,-1.0,0.47340918058672815,0.47340918058672815,2046.8679617010898,2038.7498174235795,2032.8625545738219,21436.186443807353,0.0,0.39447596223705617,0.16707831095634504,0.9872740913123876
