target_id,prot_ps,prot_acf,prot_cs,e_prot_ps,E_prot_ps,e_prot_acf,E_prot_acf,e_prot_cs,E_prot_cs,sph_ps,sph_acf,sph_cs,h_ps,fa_prob_ps,hacf,gacf,hcs
6045893,61.24378421653072,65.44895373890176,54.81091003561049,7.793538112386571,10.454230877190703,-1.0,-1.0,2.5082383713172347,2.5082383713172347,880.7036368171593,893.242677662348,884.7530536003527,3593.294836773695,0.0,0.13346846892607955,0.09958762915650134,0.10474114330919752
