target_id,prot_ps,prot_acf,prot_cs,e_prot_ps,E_prot_ps,e_prot_acf,E_prot_acf,e_prot_cs,E_prot_cs,sph_ps,sph_acf,sph_cs,h_ps,fa_prob_ps,hacf,gacf,hcs
6105180,7.420040034212187,14.671159342862666,13.9717251028819,0.9570739724139719,1.2898050081123849,-1.0,-1.0,1.2257020987617226,1.2257020987617226,508.08775101693476,561.2112574789991,539.9306203066868,24659.036690599005,0.0,0.33112821055612546,0.2342653535609587,0.7047031098614418
