target_id,prot_ps,prot_acf,prot_cs,e_prot_ps,E_prot_ps,e_prot_acf,E_prot_acf,e_prot_cs,E_prot_cs,sph_ps,sph_acf,sph_cs,h_ps,fa_prob_ps,hacf,gacf,hcs
6101339,74.67987253319261,83.08215446583927,45.980639382647354,14.620879419081518,24.030165923450923,-1.0,-1.0,7.83186431073728,7.83186431073728,997.1599056649721,993.6068263448959,992.4318843797046,4367.724723325995,0.0,0.11596772516019421,0.06349518070956485,0.21431715684778666
