target_id,prot_ps,prot_acf,prot_cs,e_prot_ps,E_prot_ps,e_prot_acf,E_prot_acf,e_prot_cs,E_prot_cs,sph_ps,sph_acf,sph_cs,h_ps,fa_prob_ps,hacf,gacf,hcs
6110417,72.8438270298994,63.6304582497105,37.364813686966215,8.787809346084245,11.58238494119739,-1.0,-1.0,9.490022367240696,9.490022367240696,264.3902579587614,256.98254305238567,256.3771001646297,7143.938090615395,0.0,0.14940017148077053,0.07163578710871453,0.07636823905174664
