target_id,prot_ps,prot_acf,prot_cs,e_prot_ps,E_prot_ps,e_prot_acf,E_prot_acf,e_prot_cs,E_prot_cs,sph_ps,sph_acf,sph_cs,h_ps,fa_prob_ps,hacf,gacf,hcs
6130383,74.1374330777542,71.31349823437631,36.838836759841065,17.146785093326052,31.905004688663908,-1.0,-1.0,4.225764646967722,4.225764646967722,1005.2434937649107,999.4681448382853,972.4849236815837,20652.333104894064,0.0,0.32531561824969524,0.14314471510592372,0.1288959166377575
