target_id,prot_ps,prot_acf,prot_cs,e_prot_ps,E_prot_ps,e_prot_acf,E_prot_acf,e_prot_cs,E_prot_cs,sph_ps,sph_acf,sph_cs,h_ps,fa_prob_ps,hacf,gacf,hcs
6142199,29.147620232570006,29.1793976649642,29.51622597685289,2.971357841536488,3.7323148541911024,-1.0,-1.0,1.693715804053009,1.693715804053009,323.98008731578545,323.3902591752652,321.9168886284694,14432.794854578438,0.0,0.22177455994591952,0.16835299371451648,0.5226368216276063
