target_id,prot_ps,prot_acf,prot_cs,e_prot_ps,E_prot_ps,e_prot_acf,E_prot_acf,e_prot_cs,E_prot_cs,sph_ps,sph_acf,sph_cs,h_ps,fa_prob_ps,hacf,gacf,hcs
6115516,72.2132403455276,67.69695050967857,32.958994948263275,7.462141050328128,9.406095025437367,-1.0,-1.0,4.546958161161321,4.546958161161321,1148.1261714536972,1084.8526102014275,1063.0870937545674,30633.645099212954,0.0,0.2802284467557963,0.18277813136643795,0.09179547569900708
