target_id,prot_ps,prot_acf,prot_cs,e_prot_ps,E_prot_ps,e_prot_acf,E_prot_acf,e_prot_cs,E_prot_cs,sph_ps,sph_acf,sph_cs,h_ps,fa_prob_ps,hacf,gacf,hcs
6125019,16.07246339005912,15.509171719662845,16.23075069006578,1.6922850422635989,2.143712019982658,-1.0,-1.0,0.12705037127498445,0.12705037127498445,1045.9027282225684,1032.1083748101228,1044.8586794335743,68568.79798035217,0.0,0.4693963329529279,0.24365843358795888,0.8913477446301855
