target_id,prot_ps,prot_acf,prot_cs,e_prot_ps,E_prot_ps,e_prot_acf,E_prot_acf,e_prot_cs,E_prot_cs,sph_ps,sph_acf,sph_cs,h_ps,fa_prob_ps,hacf,gacf,hcs
6149774,27.828454098845352,26.64569865912199,26.829603021033105,3.8117378747530566,5.249932499327077,-1.0,-1.0,2.0051649919905454,2.0051649919905454,1594.0115763972105,1629.781336895285,1627.2948788958993,48559.780351304216,0.0,0.5870344497302268,0.34204397364665035,0.9563659146411471
