target_id,prot_ps,prot_acf,prot_cs,e_prot_ps,E_prot_ps,e_prot_acf,E_prot_acf,e_prot_cs,E_prot_cs,sph_ps,sph_acf,sph_cs,h_ps,fa_prob_ps,hacf,gacf,hcs
6147892,92.23407565976179,13.772315489128232,13.786210406832396,9.027579637764617,11.224893863657101,-1.0,-1.0,0.5832056858008693,0.5832056858008693,1448.8588419705047,1377.557858395912,1377.441740536057,21905.57474395552,0.0,0.6488950199099714,0.3372333410454469,0.9315410368413283
