target_id,prot_ps,prot_acf,prot_cs,e_prot_ps,E_prot_ps,e_prot_acf,E_prot_acf,e_prot_cs,E_prot_cs,sph_ps,sph_acf,sph_cs,h_ps,fa_prob_ps,hacf,gacf,hcs
6114904,33.640065644189555,34.26732691191137,19.541571508012716,4.347651865292786,5.863166569923045,-1.0,-1.0,2.144588535904047,2.144588535904047,343.72889766425214,343.61311480559397,342.8132639730668,4185.760569730885,0.0,0.0835842311011588,0.03612081293388029,0.4282203857533159
