target_id,prot_ps,prot_acf,prot_cs,e_prot_ps,E_prot_ps,e_prot_acf,E_prot_acf,e_prot_cs,E_prot_cs,sph_ps,sph_acf,sph_cs,h_ps,fa_prob_ps,hacf,gacf,hcs
6147228,72.32631502475219,72.78491467423737,31.76823884335555,8.463155089021896,11.048894720598582,-1.0,-1.0,0.4459920464471324,0.4459920464471324,405.64343841318816,405.42585095006336,404.21521681889817,30102.39210815853,0.0,0.3420518665761015,0.2963134852862796,1.005837512322109
