target_id,prot_ps,prot_acf,prot_cs,e_prot_ps,E_prot_ps,e_prot_acf,E_prot_acf,e_prot_cs,E_prot_cs,sph_ps,sph_acf,sph_cs,h_ps,fa_prob_ps,hacf,gacf,hcs
6199422,60.72418415844515,56.09062842093408,28.318656499713917,30.21103689474883,6072.418415844526,-1.0,-1.0,0.38224082099193585,0.38224082099193585,200.47649496718162,202.50824004860638,200.81949700714935,2824.536085116724,0.0,0.026235866795971004,0.04903749789260552,0.3786594555404311
