target_id,prot_ps,prot_acf,prot_cs,e_prot_ps,E_prot_ps,e_prot_acf,E_prot_acf,e_prot_cs,E_prot_cs,sph_ps,sph_acf,sph_cs,h_ps,fa_prob_ps,hacf,gacf,hcs
6143356,45.54322406188438,8.663923624902964,9.710133270174266,6.6009070142364195,9.29540755491054,-1.0,-1.0,0.35304232747420145,0.35304232747420145,270.1955291179389,258.37503161187493,260.69008138943184,9994.419482082687,0.0,0.19646132636916688,0.1910570012875049,0.4775196333839819
