target_id,prot_ps,prot_acf,prot_cs,e_prot_ps,E_prot_ps,e_prot_acf,E_prot_acf,e_prot_cs,E_prot_cs,sph_ps,sph_acf,sph_cs,h_ps,fa_prob_ps,hacf,gacf,hcs
6183900,4.495786397297747,4.229902692139149,4.477532024639924,1.1695712934649873,2.4381136498071756,-1.0,-1.0,0.36102829736498254,0.36102829736498254,501.95885688391724,468.9101470575775,500.8381950024476,5200.723543503139,0.0,0.4171158815962822,0.2690666832020671,0.9241930683386809
