target_id,prot_ps,prot_acf,prot_cs,e_prot_ps,E_prot_ps,e_prot_acf,E_prot_acf,e_prot_cs,E_prot_cs,sph_ps,sph_acf,sph_cs,h_ps,fa_prob_ps,hacf,gacf,hcs
6143935,72.32617801606288,60.0342603744939,26.571055988934116,11.507264931261119,16.877888350130718,-1.0,-1.0,0.36163574332988685,0.36163574332988685,640.8711295834811,639.9646627293157,635.8471748510946,4615.6934375766,0.0,0.10608813454661523,0.04809337099376387,0.1623528690078986
