target_id,prot_ps,prot_acf,prot_cs,e_prot_ps,E_prot_ps,e_prot_acf,E_prot_acf,e_prot_cs,E_prot_cs,sph_ps,sph_acf,sph_cs,h_ps,fa_prob_ps,hacf,gacf,hcs
6146617,52.04937779791378,6.579675448127091,7.4444327927380805,8.67167168809165,13.005090421691861,-1.0,-1.0,0.3185461529697978,0.3185461529697978,576.5365998961782,538.896505741052,547.732444536312,36994.9087476737,0.0,0.19379827237221225,0.21531771074301337,0.7419923552960714
