target_id,prot_ps,prot_acf,prot_cs,e_prot_ps,E_prot_ps,e_prot_acf,E_prot_acf,e_prot_cs,E_prot_cs,sph_ps,sph_acf,sph_cs,h_ps,fa_prob_ps,hacf,gacf,hcs
6141033,17.880532617385352,17.777362908236682,17.95487215760713,2.396094157985436,3.273404088365478,-1.0,-1.0,0.19106538541462162,0.19106538541462162,3226.5855840311524,3228.0536695705705,3225.70230274731,147377.05959195315,0.0,0.5973622404085802,0.2724203948165237,0.971031215804905
