target_id,prot_ps,prot_acf,prot_cs,e_prot_ps,E_prot_ps,e_prot_acf,E_prot_acf,e_prot_cs,E_prot_cs,sph_ps,sph_acf,sph_cs,h_ps,fa_prob_ps,hacf,gacf,hcs
6139092,72.21321823661951,55.23245269199833,26.42008260717865,7.822915985427542,9.98663676359952,-1.0,-1.0,0.3948056910616387,0.3948056910616387,1130.1508400262123,1136.1480946671186,1126.851262792203,15613.098653047386,0.0,0.18477929490887232,0.010741127000104203,0.07961045137451893
