target_id,prot_ps,prot_acf,prot_cs,e_prot_ps,E_prot_ps,e_prot_acf,E_prot_acf,e_prot_cs,E_prot_cs,sph_ps,sph_acf,sph_cs,h_ps,fa_prob_ps,hacf,gacf,hcs
6207387,72.32612051004851,74.58300734870136,46.14665218520909,12.932200196747011,20.131322463817583,-1.0,-1.0,7.923827656493493,7.923827656493493,639.2192592694278,638.4887562688102,636.5168761747599,13733.323764705192,0.0,0.25348403383131457,0.17096576746566283,0.05758541780457872
