target_id,prot_ps,prot_acf,prot_cs,e_prot_ps,E_prot_ps,e_prot_acf,E_prot_acf,e_prot_cs,E_prot_cs,sph_ps,sph_acf,sph_cs,h_ps,fa_prob_ps,hacf,gacf,hcs
6268520,61.83117784891014,60.83015365153551,6.549854244322396,10.140384020302228,15.089908636478022,-1.0,-1.0,0.01919690824606463,0.01919690824606463,292.7215673914156,290.6664488970091,222.84613697531012,9117.845772006025,0.0,0.18267616484872418,0.10508754576859505,0.12672445154520898
