target_id,prot_ps,prot_acf,prot_cs,e_prot_ps,E_prot_ps,e_prot_acf,E_prot_acf,e_prot_cs,E_prot_cs,sph_ps,sph_acf,sph_cs,h_ps,fa_prob_ps,hacf,gacf,hcs
6267785,50.880418514035796,61.70884638093412,45.960421850234276,13.347218530086003,28.078747439069872,-1.0,-1.0,4.894567258452406,4.894567258452406,498.83637991744394,501.94652485663283,466.3543202418426,60949.493405459776,0.0,0.1978602629018354,0.09683340036238905,1.672491354687325
