target_id,prot_ps,prot_acf,prot_cs,e_prot_ps,E_prot_ps,e_prot_acf,E_prot_acf,e_prot_cs,E_prot_cs,sph_ps,sph_acf,sph_cs,h_ps,fa_prob_ps,hacf,gacf,hcs
6291911,44.16313717229305,43.01312315510586,44.75022117641713,7.232448107769201,10.755101567800274,-1.0,-1.0,1.7525242987081542,1.7525242987081542,215.04286237421974,219.37269119281828,214.21764847925888,23100.513770433667,0.0,0.26581923360345716,0.1783910581290311,0.1406222093501758
