target_id,prot_ps,prot_acf,prot_cs,e_prot_ps,E_prot_ps,e_prot_acf,E_prot_acf,e_prot_cs,E_prot_cs,sph_ps,sph_acf,sph_cs,h_ps,fa_prob_ps,hacf,gacf,hcs
6280366,15.81688805495446,15.427542426623404,15.653704006284737,1.9615538481713308,2.60856318973695,-1.0,-1.0,0.12929750249849908,0.12929750249849908,269.84888434306265,271.2204370077738,270.8293457144365,325868.84732208,0.0,0.5497565002013394,0.18466849597091606,0.9560387484694277
