target_id,prot_ps,prot_acf,prot_cs,e_prot_ps,E_prot_ps,e_prot_acf,E_prot_acf,e_prot_cs,E_prot_cs,sph_ps,sph_acf,sph_cs,h_ps,fa_prob_ps,hacf,gacf,hcs
6268136,53.41971335777535,54.802242203615606,31.348639808486343,10.359683376613766,16.923714086230873,-1.0,-1.0,8.01332860339545,8.01332860339545,664.4478441036041,663.2953206590498,647.3978252867003,5280.109800848634,0.0,0.12188784550275254,0.012654622619109377,0.0917210921668973
