target_id,prot_ps,prot_acf,prot_cs,e_prot_ps,E_prot_ps,e_prot_acf,E_prot_acf,e_prot_cs,E_prot_cs,sph_ps,sph_acf,sph_cs,h_ps,fa_prob_ps,hacf,gacf,hcs
6226669,75.30556505894972,86.86357037723064,46.10366597332495,11.573872052294405,16.710379361527856,-1.0,-1.0,1.2752439269126796,1.2752439269126796,1430.641136153265,1403.6301791191054,1414.7280469684529,16730.512966318453,0.0,0.2778600907441878,0.23888228230548098,0.2152484781610925
