target_id,prot_ps,prot_acf,prot_cs,e_prot_ps,E_prot_ps,e_prot_acf,E_prot_acf,e_prot_cs,E_prot_cs,sph_ps,sph_acf,sph_cs,h_ps,fa_prob_ps,hacf,gacf,hcs
6271821,43.24498436345849,82.98115808749571,42.54230034558569,4.863878587140547,6.275529662983907,-1.0,-1.0,2.341424720261884,2.341424720261884,661.9275111823414,669.5065196229053,663.1773721553371,6906.0375969032375,0.0,0.11222609311575908,0.16353115783631142,0.3204225491458293
