target_id,prot_ps,prot_acf,prot_cs,e_prot_ps,E_prot_ps,e_prot_acf,E_prot_acf,e_prot_cs,E_prot_cs,sph_ps,sph_acf,sph_cs,h_ps,fa_prob_ps,hacf,gacf,hcs
6369520,72.21319664433706,74.91014629136771,45.45550129010808,8.872385895181907,11.762839646472301,-1.0,-1.0,4.0730381556847535,4.0730381556847535,1075.393167741372,1113.7979803827236,1068.2450593867322,19779.231127345553,0.0,0.2936021210870184,0.19537215501022767,0.07281369952007342
