target_id,prot_ps,prot_acf,prot_cs,e_prot_ps,E_prot_ps,e_prot_acf,E_prot_acf,e_prot_cs,E_prot_cs,sph_ps,sph_acf,sph_cs,h_ps,fa_prob_ps,hacf,gacf,hcs
6304015,72.32631503241507,66.87956926692277,35.12597530132159,8.545473862902632,11.18961753759541,-1.0,-1.0,5.230312809775252,5.230312809775252,418.31793701040385,417.6730449629916,408.0902909549494,42380.736237772144,0.0,0.2645467953745451,0.21820565503764167,0.16926365858893466
