target_id,prot_ps,prot_acf,prot_cs,e_prot_ps,E_prot_ps,e_prot_acf,E_prot_acf,e_prot_cs,E_prot_cs,sph_ps,sph_acf,sph_cs,h_ps,fa_prob_ps,hacf,gacf,hcs
6344463,46.884951702323534,53.76029209513217,46.22301065625209,4.685733794080392,5.856304947757771,-1.0,-1.0,1.151896373645158,1.151896373645158,160.04126371404172,161.0319414825687,160.34757230138572,7738.189968319571,0.0,0.1217000160424217,0.010186108663313894,0.2135815632685579
