target_id,prot_ps,prot_acf,prot_cs,e_prot_ps,E_prot_ps,e_prot_acf,E_prot_acf,e_prot_cs,E_prot_cs,sph_ps,sph_acf,sph_cs,h_ps,fa_prob_ps,hacf,gacf,hcs
6383801,72.32611179915148,70.70059617049992,45.58324861939624,11.13015441719746,16.078855127655032,-1.0,-1.0,1.097500408285056,1.097500408285056,549.9335417902995,553.1431101570021,540.234637879607,18221.67497758418,0.0,0.34923346745285877,0.2918005333804386,0.09467500397819736
