target_id,prot_ps,prot_acf,prot_cs,e_prot_ps,E_prot_ps,e_prot_acf,E_prot_acf,e_prot_cs,E_prot_cs,sph_ps,sph_acf,sph_cs,h_ps,fa_prob_ps,hacf,gacf,hcs
6353125,25.90553003025669,25.72601445345208,26.264809943579152,5.02108934247498,8.199653270906747,-1.0,-1.0,0.7314912165801032,0.7314912165801032,522.3541207791251,523.5578791485885,517.9634092590795,15102.184443898108,0.0,0.38915271851991556,0.16379963017349253,0.42707489416946354
