target_id,prot_ps,prot_acf,prot_cs,e_prot_ps,E_prot_ps,e_prot_acf,E_prot_acf,e_prot_cs,E_prot_cs,sph_ps,sph_acf,sph_cs,h_ps,fa_prob_ps,hacf,gacf,hcs
6386799,51.6609665685142,54.088188028894365,52.6890878270287,7.070820243871239,9.735926691332821,-1.0,-1.0,2.0826262577985175,2.0826262577985175,399.428975513804,409.53957041724067,398.6036466768814,5228.791564484854,0.0,0.12686350761349496,0.06396968427417504,0.18033235752189058
