target_id,prot_ps,prot_acf,prot_cs,e_prot_ps,E_prot_ps,e_prot_acf,E_prot_acf,e_prot_cs,E_prot_cs,sph_ps,sph_acf,sph_cs,h_ps,fa_prob_ps,hacf,gacf,hcs
6356556,23.424523970129783,23.58044916484505,23.424131629220206,3.2685221160760882,4.533747832291571,-1.0,-1.0,1.5364624692949505,1.5364624692949505,727.4987822925931,722.4194906699287,727.4987822925931,40227.02513606178,0.0,0.3511099001617744,0.15939624321225204,0.973325723644062
