target_id,prot_ps,prot_acf,prot_cs,e_prot_ps,E_prot_ps,e_prot_acf,E_prot_acf,e_prot_cs,E_prot_cs,sph_ps,sph_acf,sph_cs,h_ps,fa_prob_ps,hacf,gacf,hcs
6311552,32.87509483789644,32.6531005082652,16.035778276515188,5.711867368838462,8.753672521218306,-1.0,-1.0,1.04044472247439,1.04044472247439,915.8096196324716,916.9900687386978,906.6868139849873,14719.373612865913,0.0,0.20670842141675516,0.06560900069117072,0.35224550891184164
