target_id,prot_ps,prot_acf,prot_cs,e_prot_ps,E_prot_ps,e_prot_acf,E_prot_acf,e_prot_cs,E_prot_cs,sph_ps,sph_acf,sph_cs,h_ps,fa_prob_ps,hacf,gacf,hcs
6352940,12.45571586921747,12.64848001068458,12.582010593731539,1.1934500325935478,1.4763677079228366,-1.0,-1.0,0.07767853198720534,0.07767853198720534,5972.097528975268,5958.550626552073,5982.486933116219,10340657.017209444,0.0,1.0052189408575865,0.6341915131585703,0.9419161959324706
