target_id,prot_ps,prot_acf,prot_cs,e_prot_ps,E_prot_ps,e_prot_acf,E_prot_acf,e_prot_cs,E_prot_cs,sph_ps,sph_acf,sph_cs,h_ps,fa_prob_ps,hacf,gacf,hcs
6359566,72.21319090874628,60.259139746427536,39.998711682526285,10.92378899915505,15.662306380458844,-1.0,-1.0,0.8511139663659182,0.8511139663659182,782.6827855584262,783.6818687872997,781.7165302043273,2028.7233601142048,0.0,0.07808768955102718,0.057945351723166484,0.6074088819843941
