target_id,prot_ps,prot_acf,prot_cs,e_prot_ps,E_prot_ps,e_prot_acf,E_prot_acf,e_prot_cs,E_prot_cs,sph_ps,sph_acf,sph_cs,h_ps,fa_prob_ps,hacf,gacf,hcs
6310904,72.32629392337131,59.21690359991044,28.36158656266518,14.357686147905618,23.811425891460487,-1.0,-1.0,3.2657409320860595,3.2657409320860595,445.35233257851326,446.1701527248987,440.7697662140328,18491.589727354793,0.0,0.18370556231804647,0.05670003107789957,1.9847093197923942
