target_id,prot_ps,prot_acf,prot_cs,e_prot_ps,E_prot_ps,e_prot_acf,E_prot_acf,e_prot_cs,E_prot_cs,sph_ps,sph_acf,sph_cs,h_ps,fa_prob_ps,hacf,gacf,hcs
6357076,72.32554456959959,88.60106509178877,44.76417603457497,8.154611691423085,10.528837289573204,-1.0,-1.0,13.83576775756756,13.83576775756756,440.9400213825521,445.9804828808083,435.17059347140895,1737.0014564116643,0.0,0.053636169533515875,0.009877358752373675,0.24059155235519217
