target_id,prot_ps,prot_acf,prot_cs,e_prot_ps,E_prot_ps,e_prot_acf,E_prot_acf,e_prot_cs,E_prot_cs,sph_ps,sph_acf,sph_cs,h_ps,fa_prob_ps,hacf,gacf,hcs
6357770,42.54469980150086,39.31437015533447,39.73849829386213,8.782218677841257,14.957283097017104,-1.0,-1.0,4.242414910924826,4.242414910924826,1113.0371694247049,1092.7350985199214,1118.895947859471,18723.02641630874,0.0,0.5303827661160188,0.29250893866629524,0.31235111779353003
