target_id,prot_ps,prot_acf,prot_cs,e_prot_ps,E_prot_ps,e_prot_acf,E_prot_acf,e_prot_cs,E_prot_cs,sph_ps,sph_acf,sph_cs,h_ps,fa_prob_ps,hacf,gacf,hcs
6312787,61.95120568260155,46.752610720694065,19.612980633748005,9.159998025285198,13.006123976449778,-1.0,-1.0,0.18827183721260007,0.18827183721260007,255.74347839181138,256.2601620348251,252.73666384185137,6425.800880222149,0.0,0.10610984080661363,0.021949541517612362,0.14321960088950397
