target_id,prot_ps,prot_acf,prot_cs,e_prot_ps,E_prot_ps,e_prot_acf,E_prot_acf,e_prot_cs,E_prot_cs,sph_ps,sph_acf,sph_cs,h_ps,fa_prob_ps,hacf,gacf,hcs
6357692,76.13294093171395,63.61015214165673,33.641453961278316,17.028379856876114,30.81127137205391,-1.0,-1.0,6.491219654374443,6.491219654374443,460.3216902886195,455.60429306547456,454.8854570952815,2932.068488164727,0.0,0.11152149725260002,0.10684204353160026,0.36475437010048456
