target_id,prot_ps,prot_acf,prot_cs,e_prot_ps,E_prot_ps,e_prot_acf,E_prot_acf,e_prot_cs,E_prot_cs,sph_ps,sph_acf,sph_cs,h_ps,fa_prob_ps,hacf,gacf,hcs
6441032,72.32614268960158,60.87201502500102,28.361577514065434,15.080749458199826,25.868413428245674,-1.0,-1.0,1.7371539894039079,1.7371539894039079,912.9461830268635,915.5006741824254,898.639292032927,11422.717201084928,0.0,0.2592695318937338,0.16311980844746696,0.0976452411304427
