target_id,prot_ps,prot_acf,prot_cs,e_prot_ps,E_prot_ps,e_prot_acf,E_prot_acf,e_prot_cs,E_prot_cs,sph_ps,sph_acf,sph_cs,h_ps,fa_prob_ps,hacf,gacf,hcs
6444709,52.68773731927349,0.061301198322325945,52.552400023987204,6.366586911403921,8.395563096016495,-1.0,-1.0,1.0518549410962927,1.0518549410962927,425.44450858490336,291.8709538188219,425.6560211077697,4809.4660069692,0.0,0.20139051354241683,0.2890400921260971,0.08985752523092723
