target_id,prot_ps,prot_acf,prot_cs,e_prot_ps,E_prot_ps,e_prot_acf,E_prot_acf,e_prot_cs,E_prot_cs,sph_ps,sph_acf,sph_cs,h_ps,fa_prob_ps,hacf,gacf,hcs
6465248,15.967223509848301,16.122221772093326,15.973872811300678,1.7502228023612627,2.241653688708544,-1.0,-1.0,0.6447243366726221,0.6447243366726221,4662.111725013364,4697.425889078668,4662.348491597418,286630.99216737715,0.0,1.1141626655607264,0.6148426149143971,0.9597867525883933
