target_id,prot_ps,prot_acf,prot_cs,e_prot_ps,E_prot_ps,e_prot_acf,E_prot_acf,e_prot_cs,E_prot_cs,sph_ps,sph_acf,sph_cs,h_ps,fa_prob_ps,hacf,gacf,hcs
6465365,91.08637958703282,62.302554873749614,27.531231316365297,9.668038573349989,12.273490165237376,-1.0,-1.0,5.157187157432532,5.157187157432532,295.89179045076685,289.53452881453217,286.9890178931011,4965.370741935436,0.0,0.13157320707495304,0.05832767376505062,0.160642761347833
