target_id,prot_ps,prot_acf,prot_cs,e_prot_ps,E_prot_ps,e_prot_acf,E_prot_acf,e_prot_cs,E_prot_cs,sph_ps,sph_acf,sph_cs,h_ps,fa_prob_ps,hacf,gacf,hcs
6441286,73.7872912713382,80.65185871301219,47.0554867280561,14.032999851047855,22.647152166551706,-1.0,-1.0,1.214560986587085,1.214560986587085,694.0847870951429,700.7391296313192,693.1851322577235,7869.525347261938,0.0,0.19826970855465065,0.12382724024120641,0.23060397220044782
