target_id,prot_ps,prot_acf,prot_cs,e_prot_ps,E_prot_ps,e_prot_acf,E_prot_acf,e_prot_cs,E_prot_cs,sph_ps,sph_acf,sph_cs,h_ps,fa_prob_ps,hacf,gacf,hcs
6466312,1.4350469029961639,2.962888078764081,2.898347942150859,0.10202446745601179,0.11893593640974687,-1.0,-1.0,0.012327489658936139,0.012327489658936139,739.1727258894691,770.9336696919595,770.566955164824,24478.692511812435,0.0,0.6556010269960533,0.6374718929143923,0.29516989698098134
