target_id,prot_ps,prot_acf,prot_cs,e_prot_ps,E_prot_ps,e_prot_acf,E_prot_acf,e_prot_cs,E_prot_cs,sph_ps,sph_acf,sph_cs,h_ps,fa_prob_ps,hacf,gacf,hcs
6449102,7.268884209706009,7.417450575158,7.369402938654783,0.7379610716806289,0.9259776811729967,-1.0,-1.0,0.22171303000218606,0.22171303000218606,5940.174493146411,5928.9717904193385,5943.683998064992,2117182.1518195965,0.0,1.186341107339746,0.7316354135675812,0.8966326134570288
