target_id,prot_ps,prot_acf,prot_cs,e_prot_ps,E_prot_ps,e_prot_acf,E_prot_acf,e_prot_cs,E_prot_cs,sph_ps,sph_acf,sph_cs,h_ps,fa_prob_ps,hacf,gacf,hcs
6431832,27.292942353606005,26.093854155857116,52.81277565598022,3.0421705677838666,3.9149109874225765,-1.0,-1.0,2.8393230520837194,2.8393230520837194,379.60641422759164,386.36916853199745,380.2106313509896,21254.290821079736,0.0,0.09411333292703923,0.011872484978071649,0.1876557677556085
