target_id,prot_ps,prot_acf,prot_cs,e_prot_ps,E_prot_ps,e_prot_acf,E_prot_acf,e_prot_cs,E_prot_cs,sph_ps,sph_acf,sph_cs,h_ps,fa_prob_ps,hacf,gacf,hcs
6587113,45.66926582383356,44.15677727712318,45.39309403815594,6.083623198425364,8.293070381218804,-1.0,-1.0,4.310424961926227,4.310424961926227,185.72684422731174,172.58506793972225,184.8222714610783,773.9756903414576,0.0,0.05199024572880195,0.0370142746440137,1.1143149952683373
