target_id,prot_ps,prot_acf,prot_cs,e_prot_ps,E_prot_ps,e_prot_acf,E_prot_acf,e_prot_cs,E_prot_cs,sph_ps,sph_acf,sph_cs,h_ps,fa_prob_ps,hacf,gacf,hcs
6503533,21.10106963898006,21.311989878769964,21.309924550196694,2.1114955013074805,2.6398036515534216,-1.0,-1.0,0.745301000248942,0.745301000248942,1851.3643165644328,1805.491040345547,1804.611628772137,106405.12501151353,0.0,0.9725867047636856,0.5371003677859477,0.9997464465718153
