target_id,prot_ps,prot_acf,prot_cs,e_prot_ps,E_prot_ps,e_prot_acf,E_prot_acf,e_prot_cs,E_prot_cs,sph_ps,sph_acf,sph_cs,h_ps,fa_prob_ps,hacf,gacf,hcs
6504437,74.40912010228428,52.96331803500652,52.94065031656153,12.584173239086795,19.016298669131103,-1.0,-1.0,1.248485825239672,1.248485825239672,247.04437902156604,247.14341495176714,247.14389434927176,8490.665356691452,0.0,0.14572705416155116,0.04891286895182875,0.06997186502773285
