target_id,prot_ps,prot_acf,prot_cs,e_prot_ps,E_prot_ps,e_prot_acf,E_prot_acf,e_prot_cs,E_prot_cs,sph_ps,sph_acf,sph_cs,h_ps,fa_prob_ps,hacf,gacf,hcs
6584502,74.67983883598045,65.10085042007267,45.96046479374171,9.96083184146697,13.584698805501915,-1.0,-1.0,3.5891156036588594,3.5891156036588594,1157.1664581884152,1159.7814515055366,1116.834119110587,22027.87435345587,0.0,0.21944353102438025,0.09225367394274483,0.06880189877814466
