target_id,prot_ps,prot_acf,prot_cs,e_prot_ps,E_prot_ps,e_prot_acf,E_prot_acf,e_prot_cs,E_prot_cs,sph_ps,sph_acf,sph_cs,h_ps,fa_prob_ps,hacf,gacf,hcs
6504214,21.750328206485833,21.884118349291384,21.974406877509235,2.249520766090402,2.8361835203079266,-1.0,-1.0,0.25230389585574,0.25230389585574,1851.358812137802,1845.5608770335143,1835.7439267922516,89944.3235684354,0.0,1.008036059479072,0.558390281234029,0.994007710212557
