target_id,prot_ps,prot_acf,prot_cs,e_prot_ps,E_prot_ps,e_prot_acf,E_prot_acf,e_prot_cs,E_prot_cs,sph_ps,sph_acf,sph_cs,h_ps,fa_prob_ps,hacf,gacf,hcs
6585265,15.462029975037064,15.263752800878137,15.457665805001445,2.1190708342006914,2.9192322537873796,-1.0,-1.0,1.2899183463499646,1.2899183463499646,1212.0795287955007,1208.6180988097408,1212.1571883464896,122109.17518351409,0.0,0.5441703383687939,0.3403044068598498,0.9825001260252553
