target_id,prot_ps,prot_acf,prot_cs,e_prot_ps,E_prot_ps,e_prot_acf,E_prot_acf,e_prot_cs,E_prot_cs,sph_ps,sph_acf,sph_cs,h_ps,fa_prob_ps,hacf,gacf,hcs
6516874,0.45886353881543995,0.46997672133147717,0.9189625504796857,0.013802358873343523,0.014685842763581147,-1.0,-1.0,0.008769999997955705,0.008769999997955705,31847.39977289929,31863.054856011033,31970.830651433513,5021744.338169393,0.0,0.6982667480490414,0.31603057478074403,0.0996208465162951
