target_id,prot_ps,prot_acf,prot_cs,e_prot_ps,E_prot_ps,e_prot_acf,E_prot_acf,e_prot_cs,E_prot_cs,sph_ps,sph_acf,sph_cs,h_ps,fa_prob_ps,hacf,gacf,hcs
6530559,98.60700279791301,67.388332888484,52.25088635914028,4.6955723561874265,5.189843222944106,-1.0,-1.0,8.65109913259105,8.65109913259105,626.9272593557456,626.9272593557456,626.9272593557456,7652.007044583376,0.0,0.20427645900033625,0.027193269035678716,0.18656401487668814
