target_id,prot_ps,prot_acf,prot_cs,e_prot_ps,E_prot_ps,e_prot_acf,E_prot_acf,e_prot_cs,E_prot_cs,sph_ps,sph_acf,sph_cs,h_ps,fa_prob_ps,hacf,gacf,hcs
6595404,90.40753869308196,59.6254664612934,46.301029121217084,20.941853116938162,39.01796910963577,-1.0,-1.0,1.7473963174112035,1.7473963174112035,639.3304915840162,624.8705076171814,632.8994305341034,8184.023876380973,0.0,0.15942812073038923,0.0035624407223557248,0.13481367517566895
