target_id,prot_ps,prot_acf,prot_cs,e_prot_ps,E_prot_ps,e_prot_acf,E_prot_acf,e_prot_cs,E_prot_cs,sph_ps,sph_acf,sph_cs,h_ps,fa_prob_ps,hacf,gacf,hcs
6528708,24.34463857169545,23.825709610246122,51.77019500294424,2.4756002983860483,3.10762818795299,-1.0,-1.0,2.5346451089732507,2.5346451089732507,1138.3184962185862,1153.9272938476836,1177.8241985929674,61396.25663943057,0.0,0.37445197779256384,0.03505479064292735,4.470065308212753
