target_id,prot_ps,prot_acf,prot_cs,e_prot_ps,E_prot_ps,e_prot_acf,E_prot_acf,e_prot_cs,E_prot_cs,sph_ps,sph_acf,sph_cs,h_ps,fa_prob_ps,hacf,gacf,hcs
6600109,40.99280752364545,41.60290263593197,40.98703255467116,6.110884471156908,8.706752459325877,-1.0,-1.0,3.7180128146687865,3.7180128146687865,2079.8888231084884,2074.013216356351,2079.999923148764,106222.92753401665,0.0,0.8530785602573998,0.44335738306057765,0.9804562915968894
