target_id,prot_ps,prot_acf,prot_cs,e_prot_ps,E_prot_ps,e_prot_acf,E_prot_acf,e_prot_cs,E_prot_cs,sph_ps,sph_acf,sph_cs,h_ps,fa_prob_ps,hacf,gacf,hcs
6620551,62.621392693022244,70.00609292183071,43.837177854054616,6.75874535761168,8.619315983126967,-1.0,-1.0,9.782803560835188,9.782803560835188,563.3836248973365,561.1764911033672,562.8675985941746,3196.0097656476682,0.0,0.08806642189771018,0.06127510791183308,0.1956252974468949
