target_id,prot_ps,prot_acf,prot_cs,e_prot_ps,E_prot_ps,e_prot_acf,E_prot_acf,e_prot_cs,E_prot_cs,sph_ps,sph_acf,sph_cs,h_ps,fa_prob_ps,hacf,gacf,hcs
6690088,72.32609499279033,57.37781310081482,45.853350766028555,10.14765573422114,14.105886224910677,-1.0,-1.0,1.2464267662560151,1.2464267662560151,1206.8432730433494,1205.9231063635575,1214.8137158756606,12457.372534387605,0.0,0.14291168592171083,0.02875546563650863,0.19546871624997614
