target_id,prot_ps,prot_acf,prot_cs,e_prot_ps,E_prot_ps,e_prot_acf,E_prot_acf,e_prot_cs,E_prot_cs,sph_ps,sph_acf,sph_cs,h_ps,fa_prob_ps,hacf,gacf,hcs
6605424,72.32619393827959,68.84120963327587,28.934559116922316,10.664672985248231,15.12515454105477,-1.0,-1.0,4.761364757459332,4.761364757459332,612.0070605590051,619.0947248048141,597.0635598320982,17071.120715165278,0.0,0.26522183287429374,0.1666730817681156,0.07265025589335516
