target_id,prot_ps,prot_acf,prot_cs,e_prot_ps,E_prot_ps,e_prot_acf,E_prot_acf,e_prot_cs,E_prot_cs,sph_ps,sph_acf,sph_cs,h_ps,fa_prob_ps,hacf,gacf,hcs
6632445,61.24393697069434,62.87447395455092,52.98396740572436,11.62261755121068,18.7326098456843,-1.0,-1.0,1.4923423690199578,1.4923423690199578,1047.0761376557662,1030.0641292220203,1053.4854087785416,7961.429692330736,0.0,0.1595797083687655,0.08622577289745932,0.11026402475178647
