target_id,prot_ps,prot_acf,prot_cs,e_prot_ps,E_prot_ps,e_prot_acf,E_prot_acf,e_prot_cs,E_prot_cs,sph_ps,sph_acf,sph_cs,h_ps,fa_prob_ps,hacf,gacf,hcs
6610100,72.32609500209392,70.96621969342232,36.547171549864814,16.343321960222468,29.82000568852696,-1.0,-1.0,0.5927168229243833,0.5927168229243833,871.6548369171035,874.0335407203785,858.8264361703896,15445.258952547538,0.0,0.2198711265358938,0.12373209272799195,0.09955374670673246
