target_id,prot_ps,prot_acf,prot_cs,e_prot_ps,E_prot_ps,e_prot_acf,E_prot_acf,e_prot_cs,E_prot_cs,sph_ps,sph_acf,sph_cs,h_ps,fa_prob_ps,hacf,gacf,hcs
6633929,0.17939270239864405,0.1838981006294489,-1.0,-1.0,-1.0,-1.0,-1.0,-1.0,-1.0,38661.728060837755,38656.59219883512,-1.0,2448753.8084340845,0.0,1.262071688933983,0.7132313019430577,0.022256741745656273
