target_id,prot_ps,prot_acf,prot_cs,e_prot_ps,E_prot_ps,e_prot_acf,E_prot_acf,e_prot_cs,E_prot_cs,sph_ps,sph_acf,sph_cs,h_ps,fa_prob_ps,hacf,gacf,hcs
6678230,53.100809341970276,11.524633426219225,12.937867327910029,7.047344354608967,9.593870984111135,-1.0,-1.0,0.5385511670107389,0.5385511670107389,203.7463717621006,195.79550141888222,196.52163030890844,5493.085486028424,0.0,0.11078584523676366,0.04945455472999682,4.684537062019227
