target_id,prot_ps,prot_acf,prot_cs,e_prot_ps,E_prot_ps,e_prot_acf,E_prot_acf,e_prot_cs,E_prot_cs,sph_ps,sph_acf,sph_cs,h_ps,fa_prob_ps,hacf,gacf,hcs
6690679,23.608163307633323,22.068457547575235,23.607732461518612,4.018388761672327,6.092378638183778,-1.0,-1.0,1.9613775656818941,1.9613775656818941,1332.1459577208127,1313.2035870437646,1332.1459577208127,12239.270906902071,0.0,0.41045929428504685,0.1420137712243715,0.729309415431625
