target_id,prot_ps,prot_acf,prot_cs,e_prot_ps,E_prot_ps,e_prot_acf,E_prot_acf,e_prot_cs,E_prot_cs,sph_ps,sph_acf,sph_cs,h_ps,fa_prob_ps,hacf,gacf,hcs
6696542,72.21333222888101,60.74956091120839,54.197964119808425,8.498910590775786,11.115258057634719,-1.0,-1.0,1.8370031260497681,1.8370031260497681,889.8762862602607,892.7142375394702,887.3556423340151,9301.199637018453,0.0,0.21066957002806605,0.12659597545050166,0.09167730213739235
