target_id,prot_ps,prot_acf,prot_cs,e_prot_ps,E_prot_ps,e_prot_acf,E_prot_acf,e_prot_cs,E_prot_cs,sph_ps,sph_acf,sph_cs,h_ps,fa_prob_ps,hacf,gacf,hcs
6611419,25.574643314746243,25.70564403105527,25.858086371418786,2.5404630998210465,3.1703100646545543,-1.0,-1.0,0.4564645228792817,0.4564645228792817,31086.83554713035,31241.729001582607,31414.484187334794,30894109.45764115,0.0,1.5144960558024696,0.7541193364975614,0.9958083336025595
