target_id,prot_ps,prot_acf,prot_cs,e_prot_ps,E_prot_ps,e_prot_acf,E_prot_acf,e_prot_cs,E_prot_cs,sph_ps,sph_acf,sph_cs,h_ps,fa_prob_ps,hacf,gacf,hcs
6751866,46.46327600575618,57.7457538228482,53.308158154869446,5.787654401326485,7.707912080668386,-1.0,-1.0,2.662997613149343,2.662997613149343,359.99291500910357,359.54813865767653,357.1046165758553,12024.387380177173,0.0,0.20422706490873493,0.08913962543950835,0.10248963590963724
