target_id,prot_ps,prot_acf,prot_cs,e_prot_ps,E_prot_ps,e_prot_acf,E_prot_acf,e_prot_cs,E_prot_cs,sph_ps,sph_acf,sph_cs,h_ps,fa_prob_ps,hacf,gacf,hcs
6756058,61.46837211540326,58.15336578711867,-1.0,7.974632618235752,10.76883354862634,-1.0,-1.0,-1.0,-1.0,648.7931308145965,648.8889154675328,-1.0,9626.556713038108,0.0,0.1698897628034873,0.11863091350808783,0.028061550573242035
