target_id,prot_ps,prot_acf,prot_cs,e_prot_ps,E_prot_ps,e_prot_acf,E_prot_acf,e_prot_cs,E_prot_cs,sph_ps,sph_acf,sph_cs,h_ps,fa_prob_ps,hacf,gacf,hcs
6716137,35.63035977250969,11.769617915153503,56.32027806138619,6.136277742773849,9.360373986912649,-1.0,-1.0,7.076980233406803,7.076980233406803,1516.7143885457547,1403.6662028271683,1511.5923285901713,3315.246570734652,0.0,0.15186177888683594,0.12570868343479144,0.8646488976021383
