target_id,prot_ps,prot_acf,prot_cs,e_prot_ps,E_prot_ps,e_prot_acf,E_prot_acf,e_prot_cs,E_prot_cs,sph_ps,sph_acf,sph_cs,h_ps,fa_prob_ps,hacf,gacf,hcs
6778487,0.19506593445992962,0.20433046855032444,-1.0,0.009917819219547624,0.011040491957142462,-1.0,-1.0,-1.0,-1.0,62878.9661381955,62873.406070429664,-1.0,12796641.968731869,0.0,1.258597482765984,0.7703234509568615,0.055393998672572185
