target_id,prot_ps,prot_acf,prot_cs,e_prot_ps,E_prot_ps,e_prot_acf,E_prot_acf,e_prot_cs,E_prot_cs,sph_ps,sph_acf,sph_cs,h_ps,fa_prob_ps,hacf,gacf,hcs
6720468,72.21212516291449,77.48492657393217,41.75092999041546,8.370076323854477,10.895970914963371,-1.0,-1.0,3.424098115310003,3.424098115310003,1409.1283965323978,1471.4174311373827,1444.6771213943746,68916.63464129336,0.0,0.39128443406580027,0.3163674839201565,0.08776813395814365
