target_id,prot_ps,prot_acf,prot_cs,e_prot_ps,E_prot_ps,e_prot_acf,E_prot_acf,e_prot_cs,E_prot_cs,sph_ps,sph_acf,sph_cs,h_ps,fa_prob_ps,hacf,gacf,hcs
6785479,72.32617648626665,71.59974253177643,28.653767232973824,11.145380960993997,16.11064477852895,-1.0,-1.0,0.35572617634709636,0.35572617634709636,384.8073854793134,385.8541899836333,378.8196192441022,11652.882590721569,0.0,0.26124343194554833,0.19398504532202962,0.08713623128248515
