target_id,prot_ps,prot_acf,prot_cs,e_prot_ps,E_prot_ps,e_prot_acf,E_prot_acf,e_prot_cs,E_prot_cs,sph_ps,sph_acf,sph_cs,h_ps,fa_prob_ps,hacf,gacf,hcs
6775078,54.656531125419555,61.9141933741048,28.604242293413638,8.903792532536158,13.20663046622439,-1.0,-1.0,0.422812575413266,0.422812575413266,577.6714349358887,580.6058196971802,568.5495737129038,9275.828495360443,0.0,0.22173497114149684,0.13291138213970463,0.625481146128822
