target_id,prot_ps,prot_acf,prot_cs,e_prot_ps,E_prot_ps,e_prot_acf,E_prot_acf,e_prot_cs,E_prot_cs,sph_ps,sph_acf,sph_cs,h_ps,fa_prob_ps,hacf,gacf,hcs
6776058,72.21321423635514,75.82967909658328,45.965163856760626,9.01287790955729,12.011061274685929,-1.0,-1.0,1.4495757390203607,1.4495757390203607,1406.152514156698,1477.3911226167347,1455.8361650879183,33584.62990643313,0.0,0.3203798151558491,0.19618298631268588,0.9788646161767731
