target_id,prot_ps,prot_acf,prot_cs,e_prot_ps,E_prot_ps,e_prot_acf,E_prot_acf,e_prot_cs,E_prot_cs,sph_ps,sph_acf,sph_cs,h_ps,fa_prob_ps,hacf,gacf,hcs
6765437,50.25457062066497,50.34873017668724,51.28561705923639,8.739243485476258,13.39961581761176,-1.0,-1.0,2.830384150769728,2.830384150769728,391.19126453832723,391.2826413298478,391.73026702995566,20405.309992927778,0.0,0.4638788883144706,0.2434076866769867,0.2170242080449498
