target_id,prot_ps,prot_acf,prot_cs,e_prot_ps,E_prot_ps,e_prot_acf,E_prot_acf,e_prot_cs,E_prot_cs,sph_ps,sph_acf,sph_cs,h_ps,fa_prob_ps,hacf,gacf,hcs
6755461,74.40912396233912,65.46854888834059,34.47029439222068,17.587364427929145,33.354926878239155,-1.0,-1.0,4.571502391564063,4.571502391564063,451.16199890718167,445.74992163247293,438.32435794042266,30827.17468624308,0.0,0.16748283775827802,0.06993702615024301,0.16772997423152622
