target_id,prot_ps,prot_acf,prot_cs,e_prot_ps,E_prot_ps,e_prot_acf,E_prot_acf,e_prot_cs,E_prot_cs,sph_ps,sph_acf,sph_cs,h_ps,fa_prob_ps,hacf,gacf,hcs
6802602,4.526052092317439,4.495441596955061,4.531405129730702,0.48073479553019194,0.6104026842952619,-1.0,-1.0,0.14062318872197732,0.14062318872197732,921.8394112746315,919.92083418097,920.7646226528053,144100.58278811973,0.0,0.9650850843607328,0.697551457904161,0.1777047874205107
