target_id,prot_ps,prot_acf,prot_cs,e_prot_ps,E_prot_ps,e_prot_acf,E_prot_acf,e_prot_cs,E_prot_cs,sph_ps,sph_acf,sph_cs,h_ps,fa_prob_ps,hacf,gacf,hcs
6875450,93.53711143136451,30.875398366246372,4.0054239495378,4.454147409859644,4.923004944280834,-1.0,-1.0,0.47926975232999547,0.47926975232999547,419.4024336221788,419.4024336221788,308.5649190826853,3807.949306736704,0.0,6.186187368696985e-06,0.008667614269626424,6.374846102127634
