target_id,prot_ps,prot_acf,prot_cs,e_prot_ps,E_prot_ps,e_prot_acf,E_prot_acf,e_prot_cs,E_prot_cs,sph_ps,sph_acf,sph_cs,h_ps,fa_prob_ps,hacf,gacf,hcs
6870808,98.60691062398618,88.67958502843976,47.7411381268812,4.695567966952069,5.189838371683891,-1.0,-1.0,6.939245726507595,6.939245726507595,1237.0510854462161,1237.0510854462161,1237.0510854462161,36855.15981519921,0.0,0.30750939539762673,0.11392591909608138,0.9660292464686185
