target_id,prot_ps,prot_acf,prot_cs,e_prot_ps,E_prot_ps,e_prot_acf,E_prot_acf,e_prot_cs,E_prot_cs,sph_ps,sph_acf,sph_cs,h_ps,fa_prob_ps,hacf,gacf,hcs
6843172,52.76485580707159,55.10893333470449,53.42195592006294,8.005708189369585,11.493347148347262,-1.0,-1.0,1.385668157599381,1.385668157599381,138.72383616828702,139.76368957511107,136.90526020097198,18985.30131789665,0.0,0.2885231768529078,0.1907977403112339,0.10747917399213419
