target_id,prot_ps,prot_acf,prot_cs,e_prot_ps,E_prot_ps,e_prot_acf,E_prot_acf,e_prot_cs,E_prot_cs,sph_ps,sph_acf,sph_cs,h_ps,fa_prob_ps,hacf,gacf,hcs
6838270,18.217492740584508,18.308619141578674,18.392907126898137,1.6483096759280826,2.012487390861388,-1.0,-1.0,0.5406861196356936,0.5406861196356936,4620.102380629678,4614.357428766218,4613.177832410465,4873405.207136408,0.0,1.0790527203999503,0.6028109702128734,0.9670840991556313
