target_id,prot_ps,prot_acf,prot_cs,e_prot_ps,E_prot_ps,e_prot_acf,E_prot_acf,e_prot_cs,E_prot_cs,sph_ps,sph_acf,sph_cs,h_ps,fa_prob_ps,hacf,gacf,hcs
6841911,61.468379444923855,53.801065725274384,54.33519404204563,6.523524615616324,8.281277788556608,-1.0,-1.0,7.340073392584786,7.340073392584786,913.1062366275388,820.6195353579711,833.6945322144815,31791.574331344305,0.0,0.3016415020461632,0.20609156807123719,0.5766622856136691
