target_id,prot_ps,prot_acf,prot_cs,e_prot_ps,E_prot_ps,e_prot_acf,E_prot_acf,e_prot_cs,E_prot_cs,sph_ps,sph_acf,sph_cs,h_ps,fa_prob_ps,hacf,gacf,hcs
6864359,72.32618389761272,61.05595178715885,33.519372304956995,16.76318511343974,31.248016279492973,-1.0,-1.0,1.0580016142252033,1.0580016142252033,667.7254872182085,669.2077993464865,663.215269059827,4795.33661735136,0.0,0.19036694086326064,0.11559891129424946,0.15779559286436734
