target_id,prot_ps,prot_acf,prot_cs,e_prot_ps,E_prot_ps,e_prot_acf,E_prot_acf,e_prot_cs,E_prot_cs,sph_ps,sph_acf,sph_cs,h_ps,fa_prob_ps,hacf,gacf,hcs
6888154,46.768656599054324,1.307763785123825,44.828507849313326,2.2270788856692576,2.461508242055487,-1.0,-1.0,5.946157855942565,5.946157855942565,641.0245935619112,391.009149060922,641.0245935619112,5413.756383366317,0.0,0.42113696343056894,0.6113851807396946,0.38221886296806806
