target_id,prot_ps,prot_acf,prot_cs,e_prot_ps,E_prot_ps,e_prot_acf,E_prot_acf,e_prot_cs,E_prot_cs,sph_ps,sph_acf,sph_cs,h_ps,fa_prob_ps,hacf,gacf,hcs
6879140,70.4653965014875,64.65211391448975,33.56045461893083,14.154059539221166,23.65834509492467,-1.0,-1.0,3.386524335296423,3.386524335296423,657.4843464463995,668.8809221997516,648.7686217838938,1731.8881097549163,0.0,0.09093220585349955,0.07280575372120318,0.2738116530481756
