target_id,prot_ps,prot_acf,prot_cs,e_prot_ps,E_prot_ps,e_prot_acf,E_prot_acf,e_prot_cs,E_prot_cs,sph_ps,sph_acf,sph_cs,h_ps,fa_prob_ps,hacf,gacf,hcs
6864510,72.32611884384835,26.502509130630642,55.63074873411097,18.645389714537387,38.49109770047919,-1.0,-1.0,5.4815913983852145,5.4815913983852145,1127.8411226942103,1111.0784302154664,1125.7731336125719,8590.991612454845,0.0,0.2684905203809407,0.0041737487954769,0.19202016903006175
