target_id,prot_ps,prot_acf,prot_cs,e_prot_ps,E_prot_ps,e_prot_acf,E_prot_acf,e_prot_cs,E_prot_cs,sph_ps,sph_acf,sph_cs,h_ps,fa_prob_ps,hacf,gacf,hcs
6865853,8.218884370988969,8.234788490459323,8.301564911485125,0.7097168598286832,0.8578753058426791,-1.0,-1.0,0.032710414725946206,0.032710414725946206,377.6896051814287,377.8747642708373,378.8500419820269,16892.720879139637,0.0,0.4634692594179447,0.3771847542827753,0.8967174259597949
