target_id,prot_ps,prot_acf,prot_cs,e_prot_ps,E_prot_ps,e_prot_acf,E_prot_acf,e_prot_cs,E_prot_cs,sph_ps,sph_acf,sph_cs,h_ps,fa_prob_ps,hacf,gacf,hcs
6853020,4.857951431995263,5.026718194596469,4.88989055066444,0.62927350854594,0.8493016592689528,-1.0,-1.0,0.060708672656699984,0.060708672656699984,460.69523957396916,462.4086146169462,463.61222107622893,91526.47298651548,0.0,0.3760020156304564,0.3405742181375653,0.8427591963313614
