target_id,prot_ps,prot_acf,prot_cs,e_prot_ps,E_prot_ps,e_prot_acf,E_prot_acf,e_prot_cs,E_prot_cs,sph_ps,sph_acf,sph_cs,h_ps,fa_prob_ps,hacf,gacf,hcs
6853086,72.8689882143685,1.307759016752243,4.64467966982023,11.05990186517387,15.880528265812544,-1.0,-1.0,0.08272280783494144,0.08272280783494144,218.5572441619934,152.9498494830916,172.51725656476606,17026.996442069907,0.0,0.3365495942638631,0.4898881816961832,0.1412494322572286
