target_id,prot_ps,prot_acf,prot_cs,e_prot_ps,E_prot_ps,e_prot_acf,E_prot_acf,e_prot_cs,E_prot_cs,sph_ps,sph_acf,sph_cs,h_ps,fa_prob_ps,hacf,gacf,hcs
6801987,40.482820776673535,4.801933658309281,34.37536881832622,6.217078452869117,8.973150162165872,-1.0,-1.0,0.7900458004965718,0.7900458004965718,402.43399269644004,359.82045248280747,404.26627070049614,10496.43206308593,0.0,0.2420673455892365,0.29346106038586195,0.1750074429958258
