target_id,prot_ps,prot_acf,prot_cs,e_prot_ps,E_prot_ps,e_prot_acf,E_prot_acf,e_prot_cs,E_prot_cs,sph_ps,sph_acf,sph_cs,h_ps,fa_prob_ps,hacf,gacf,hcs
6837899,53.5749865116057,55.27315016370267,54.01047799693417,6.716730048029127,8.964500203606669,-1.0,-1.0,1.7850847566145944,1.7850847566145944,997.543537761305,1045.027946394416,990.4320609328264,22802.03393827236,0.0,0.21912347042013947,0.17500743583479028,0.17857199038349678
