target_id,prot_ps,prot_acf,prot_cs,e_prot_ps,E_prot_ps,e_prot_acf,E_prot_acf,e_prot_cs,E_prot_cs,sph_ps,sph_acf,sph_cs,h_ps,fa_prob_ps,hacf,gacf,hcs
6868871,74.13725405490032,37.434452563524246,44.707748242232014,16.90299999103837,31.071238260106455,-1.0,-1.0,1.2459912803899111,1.2459912803899111,1411.163435761942,1394.560485857841,1424.1534942517294,17429.754629944124,0.0,0.22821512308692027,0.043197271658097405,2.187195490241185
