target_id,prot_ps,prot_acf,prot_cs,e_prot_ps,E_prot_ps,e_prot_acf,E_prot_acf,e_prot_cs,E_prot_cs,sph_ps,sph_acf,sph_cs,h_ps,fa_prob_ps,hacf,gacf,hcs
6954914,19.43202139548735,19.064662685617805,19.505196367055675,1.8612846956238656,2.3023415469040565,-1.0,-1.0,0.4467031594209541,0.4467031594209541,659.6800754576753,656.1339213209751,659.7326343246584,171843.67312707202,0.0,0.7947599729436453,0.4620688733141329,0.9276638858021782
