target_id,prot_ps,prot_acf,prot_cs,e_prot_ps,E_prot_ps,e_prot_acf,E_prot_acf,e_prot_cs,E_prot_cs,sph_ps,sph_acf,sph_cs,h_ps,fa_prob_ps,hacf,gacf,hcs
6962977,75.63505655860915,46.077937197405845,31.245949838599174,11.109016533422889,15.729650191862959,-1.0,-1.0,6.137121557743975,6.137121557743975,837.0889411406675,831.4655378933971,818.6107701955608,1954.017273261083,0.0,0.07314654717663473,0.0041577824128790145,0.17103985676345623
