target_id,prot_ps,prot_acf,prot_cs,e_prot_ps,E_prot_ps,e_prot_acf,E_prot_acf,e_prot_cs,E_prot_cs,sph_ps,sph_acf,sph_cs,h_ps,fa_prob_ps,hacf,gacf,hcs
6953213,27.497779685182408,27.42212000116706,27.80913634412847,3.3096311418989437,4.3589066325715535,-1.0,-1.0,0.6722158584928929,0.6722158584928929,1414.4380669908887,1413.424883543066,1413.9640068718504,2997185.289586714,0.0,0.9208802794616376,0.5090596124188967,0.989605740061247
