target_id,prot_ps,prot_acf,prot_cs,e_prot_ps,E_prot_ps,e_prot_acf,E_prot_acf,e_prot_cs,E_prot_cs,sph_ps,sph_acf,sph_cs,h_ps,fa_prob_ps,hacf,gacf,hcs
6953275,50.254614173039094,51.28881770186126,50.829698195895396,5.545961201208442,7.116725837380983,-1.0,-1.0,1.2027075423312628,1.2027075423312628,129.80095985405146,129.86315229058323,129.63606741223794,12960.29256440627,0.0,0.4952272876788859,0.3521732457392686,0.33721867658181964
