target_id,prot_ps,prot_acf,prot_cs,e_prot_ps,E_prot_ps,e_prot_acf,E_prot_acf,e_prot_cs,E_prot_cs,sph_ps,sph_acf,sph_cs,h_ps,fa_prob_ps,hacf,gacf,hcs
6964223,91.34383264102478,43.053959333803505,5.1528320716428455,21.621388425063444,41.05898411775213,-1.0,-1.0,0.08792968112773374,0.08792968112773374,253.62251295011959,241.38804197827184,154.85507736747215,2264.3808908934975,0.0,0.0024113914366568965,0.0008744125234429551,0.42956958937038564
