target_id,prot_ps,prot_acf,prot_cs,e_prot_ps,E_prot_ps,e_prot_acf,E_prot_acf,e_prot_cs,E_prot_cs,sph_ps,sph_acf,sph_cs,h_ps,fa_prob_ps,hacf,gacf,hcs
6944978,4.5950276667211405,4.658883534371853,4.622920222878455,0.36676869228779374,0.4364408985157775,-1.0,-1.0,0.10613531204910316,0.10613531204910316,1455.7023813788037,1465.7419915345818,1455.175348188707,39453.75830714161,0.0,1.0925635487307441,0.7489731768991434,0.913084675113757
