target_id,prot_ps,prot_acf,prot_cs,e_prot_ps,E_prot_ps,e_prot_acf,E_prot_acf,e_prot_cs,E_prot_cs,sph_ps,sph_acf,sph_cs,h_ps,fa_prob_ps,hacf,gacf,hcs
6945291,98.60676833974578,68.0215695751831,47.23892655006609,4.695559602750748,5.189828942198304,-1.0,-1.0,10.006270509049779,10.006270509049779,1216.97364061729,1216.97364061729,1216.97364061729,33500.782841313325,0.0,0.29366849045198057,0.08242867375454375,0.8704447619136068
