target_id,prot_ps,prot_acf,prot_cs,e_prot_ps,E_prot_ps,e_prot_acf,E_prot_acf,e_prot_cs,E_prot_cs,sph_ps,sph_acf,sph_cs,h_ps,fa_prob_ps,hacf,gacf,hcs
6947848,18.684383120343792,17.695640004239976,18.67176093149465,3.2193732288513655,4.912117227742723,-1.0,-1.0,1.370042174247333,1.370042174247333,387.1985381092095,386.600154356584,386.92966962744674,9959.876946550023,0.0,0.26648900937677145,0.1179028937288801,0.7219066460785626
