target_id,prot_ps,prot_acf,prot_cs,e_prot_ps,E_prot_ps,e_prot_acf,E_prot_acf,e_prot_cs,E_prot_cs,sph_ps,sph_acf,sph_cs,h_ps,fa_prob_ps,hacf,gacf,hcs
6951011,72.32614110696656,57.90912609919906,28.649924045702285,12.264292386335072,18.55803956811684,-1.0,-1.0,0.37488077378637763,0.37488077378637763,764.5592065210496,761.0459125153836,752.4313315228704,7811.432542030907,0.0,0.1962980841798764,0.10922403430913193,0.13575921166633811
