target_id,prot_ps,prot_acf,prot_cs,e_prot_ps,E_prot_ps,e_prot_acf,E_prot_acf,e_prot_cs,E_prot_cs,sph_ps,sph_acf,sph_cs,h_ps,fa_prob_ps,hacf,gacf,hcs
6961604,1.434447589188694,1.450793869793415,1.4492070979626925,0.13767799393903846,0.17038503796152082,-1.0,-1.0,0.061671520502903476,0.061671520502903476,398.9155058564207,399.85602921717464,400.00204737437457,11811.910103584283,0.0,0.8490316373199127,0.6865638985653129,0.15840548754951533
