target_id,prot_ps,prot_acf,prot_cs,e_prot_ps,E_prot_ps,e_prot_acf,E_prot_acf,e_prot_cs,E_prot_cs,sph_ps,sph_acf,sph_cs,h_ps,fa_prob_ps,hacf,gacf,hcs
6937828,72.32608528215592,31.835691092535853,46.770724354272495,16.329343488382847,29.773505200665213,-1.0,-1.0,1.692761146909221,1.692761146909221,841.2967311168654,832.9951876178864,843.7803402869354,10009.694102529527,0.0,0.34055377194220493,0.09218593951170369,0.24647745226579165
