target_id,prot_ps,prot_acf,prot_cs,e_prot_ps,E_prot_ps,e_prot_acf,E_prot_acf,e_prot_cs,E_prot_cs,sph_ps,sph_acf,sph_cs,h_ps,fa_prob_ps,hacf,gacf,hcs
7036871,53.57486731617102,57.33692480623722,53.52821971837503,5.882032752886872,7.53702657304509,-1.0,-1.0,1.987697406540908,1.987697406540908,479.6259659444056,492.0849855365579,479.5973179890595,7105.18509828473,0.0,0.1878164724285985,0.14185908567220404,0.16212509263486638
