target_id,prot_ps,prot_acf,prot_cs,e_prot_ps,E_prot_ps,e_prot_acf,E_prot_acf,e_prot_cs,E_prot_cs,sph_ps,sph_acf,sph_cs,h_ps,fa_prob_ps,hacf,gacf,hcs
7045031,61.24383275671672,49.265548962168396,41.88718759266115,14.476178627597413,27.45543983529486,-1.0,-1.0,0.3482317201868241,0.3482317201868241,710.5713226575273,711.2367384362964,709.6278212923972,707.3234365492801,6.506307512282276e-308,0.046215219013167774,0.008948484787041572,0.42694030015228646
