target_id,prot_ps,prot_acf,prot_cs,e_prot_ps,E_prot_ps,e_prot_acf,E_prot_acf,e_prot_cs,E_prot_cs,sph_ps,sph_acf,sph_cs,h_ps,fa_prob_ps,hacf,gacf,hcs
7018659,93.90726852467466,64.50909737544134,37.01968061928638,11.848991780488802,15.848423088945708,-1.0,-1.0,7.853339970090517,7.853339970090517,300.7469823251477,291.70385435273704,290.84358605324826,9905.749311086709,0.0,0.16326768242027473,0.09329433602499151,0.15468842141485512
