target_id,prot_ps,prot_acf,prot_cs,e_prot_ps,E_prot_ps,e_prot_acf,E_prot_acf,e_prot_cs,E_prot_cs,sph_ps,sph_acf,sph_cs,h_ps,fa_prob_ps,hacf,gacf,hcs
7041486,72.32615872604217,61.70980969443917,53.76847774883357,19.686657841390087,43.209028670222864,-1.0,-1.0,2.0561038107155665,2.0561038107155665,739.9853736938319,741.5117074044863,710.5211631074129,14878.265438672148,0.0,0.28202277963760636,0.18052943784550768,0.07734034375195709
