target_id,prot_ps,prot_acf,prot_cs,e_prot_ps,E_prot_ps,e_prot_acf,E_prot_acf,e_prot_cs,E_prot_cs,sph_ps,sph_acf,sph_cs,h_ps,fa_prob_ps,hacf,gacf,hcs
7010449,90.4066052040634,57.31667137239128,54.525992102688505,13.467898824604504,19.183417682404553,-1.0,-1.0,3.2420371864516686,3.2420371864516686,933.6894437216433,919.944203174241,929.0908792695524,20829.077760132135,0.0,0.21624447797642665,0.08120063583047482,0.1848229409593522
