target_id,prot_ps,prot_acf,prot_cs,e_prot_ps,E_prot_ps,e_prot_acf,E_prot_acf,e_prot_cs,E_prot_cs,sph_ps,sph_acf,sph_cs,h_ps,fa_prob_ps,hacf,gacf,hcs
7024901,9.342216685205953,9.15435129404068,9.414267399530809,0.9690188277165142,1.222658693714699,-1.0,-1.0,0.07122355359540689,0.07122355359540689,4843.134150059026,4916.798457877431,4941.679494120678,2907826.778459154,0.0,1.0055165964582005,0.5863109642298301,0.9291835544938857
