target_id,prot_ps,prot_acf,prot_cs,e_prot_ps,E_prot_ps,e_prot_acf,E_prot_acf,e_prot_cs,E_prot_cs,sph_ps,sph_acf,sph_cs,h_ps,fa_prob_ps,hacf,gacf,hcs
7093430,16.62669615183786,16.755636436864734,16.809569502539738,1.6658180377594967,2.083258759199726,-1.0,-1.0,0.251513265394222,0.251513265394222,5397.802239804175,5392.7412413200345,5437.397937410207,4063493.8648147504,0.0,1.2183010492531594,0.6765164531015577,0.9905452347836333
