target_id,prot_ps,prot_acf,prot_cs,e_prot_ps,E_prot_ps,e_prot_acf,E_prot_acf,e_prot_cs,E_prot_cs,sph_ps,sph_acf,sph_cs,h_ps,fa_prob_ps,hacf,gacf,hcs
7091660,53.57433423847501,53.43430618522689,28.61312399568402,9.852291138651253,15.584109948072829,-1.0,-1.0,0.42184115421293666,0.42184115421293666,463.0473470493852,464.24252232688747,466.7976361368749,9664.147469333117,0.0,0.2832394191334944,0.05449339902549647,0.32493228804711943
