target_id,prot_ps,prot_acf,prot_cs,e_prot_ps,E_prot_ps,e_prot_acf,E_prot_acf,e_prot_cs,E_prot_cs,sph_ps,sph_acf,sph_cs,h_ps,fa_prob_ps,hacf,gacf,hcs
7018095,51.66148541136614,30.34402885939926,52.099442951432,7.6927890470655385,10.955505692861735,-1.0,-1.0,1.640687863656802,1.640687863656802,1117.902644252412,1097.760449157219,1113.997680418891,29109.941348631404,0.0,0.23283220884345263,0.028735739486743857,1.8204551826266306
