target_id,prot_ps,prot_acf,prot_cs,e_prot_ps,E_prot_ps,e_prot_acf,E_prot_acf,e_prot_cs,E_prot_cs,sph_ps,sph_acf,sph_cs,h_ps,fa_prob_ps,hacf,gacf,hcs
7050913,61.38124558064628,55.25289652496576,26.36151866500178,30.53793312469963,6138.124558064415,-1.0,-1.0,0.456381551497647,0.456381551497647,497.4845455127476,495.2638194533212,496.1516227437188,2643.7472765828365,0.0,0.10446458738671313,0.06638606376765488,0.22863223321796494
