target_id,prot_ps,prot_acf,prot_cs,e_prot_ps,E_prot_ps,e_prot_acf,E_prot_acf,e_prot_cs,E_prot_cs,sph_ps,sph_acf,sph_cs,h_ps,fa_prob_ps,hacf,gacf,hcs
7038372,17.42798781787937,17.51168903382495,17.618373977748508,1.7139364123562135,2.1335869690886753,-1.0,-1.0,0.1691072453267971,0.1691072453267971,3203.224492749904,3203.847961856777,3203.0722097775115,491312.9054581378,0.0,0.9824309347765208,0.5530846373600036,0.9589722545149805
