target_id,prot_ps,prot_acf,prot_cs,e_prot_ps,E_prot_ps,e_prot_acf,E_prot_acf,e_prot_cs,E_prot_cs,sph_ps,sph_acf,sph_cs,h_ps,fa_prob_ps,hacf,gacf,hcs
7122183,72.2133146800372,57.60275044897571,45.435267730867494,7.69449155069529,9.7782890571131,-1.0,-1.0,2.9926090267310883,2.9926090267310883,794.2400959400231,801.0043716105752,798.0485060444556,3041.75953165897,0.0,0.09313632523396383,0.023615353010917894,0.17686671745386282
