target_id,prot_ps,prot_acf,prot_cs,e_prot_ps,E_prot_ps,e_prot_acf,E_prot_acf,e_prot_cs,E_prot_cs,sph_ps,sph_acf,sph_cs,h_ps,fa_prob_ps,hacf,gacf,hcs
7173935,59.97671522395461,63.791866154409945,-1.0,2.856033575108775,3.1566686320638766,-1.0,-1.0,-1.0,-1.0,3043.4483800345192,3043.4483800345192,-1.0,12133.423022325538,0.0,0.2434993814306068,0.06060887071812623,0.3322117616984919
