target_id,prot_ps,prot_acf,prot_cs,e_prot_ps,E_prot_ps,e_prot_acf,E_prot_acf,e_prot_cs,E_prot_cs,sph_ps,sph_acf,sph_cs,h_ps,fa_prob_ps,hacf,gacf,hcs
7102500,7.4855136918535505,7.233548820018768,7.511623778001899,0.7210464626849751,0.8931039848862712,-1.0,-1.0,0.12519681905230667,0.12519681905230667,2909.5502516427646,2857.845117078186,2916.9797398400005,177566.8504105908,0.0,0.6327513011500984,0.5404308977668207,0.9751201324551536
