target_id,prot_ps,prot_acf,prot_cs,e_prot_ps,E_prot_ps,e_prot_acf,E_prot_acf,e_prot_cs,E_prot_cs,sph_ps,sph_acf,sph_cs,h_ps,fa_prob_ps,hacf,gacf,hcs
7174562,72.3261339313626,72.49878475256264,37.82953077112789,13.690220330104701,22.03015766541786,-1.0,-1.0,3.899793614148168,3.899793614148168,414.6163405895012,414.87335593640194,417.26093094700093,9440.237691530954,0.0,0.21349832149961168,0.13059335332500432,0.184471977633502
