target_id,prot_ps,prot_acf,prot_cs,e_prot_ps,E_prot_ps,e_prot_acf,E_prot_acf,e_prot_cs,E_prot_cs,sph_ps,sph_acf,sph_cs,h_ps,fa_prob_ps,hacf,gacf,hcs
7108658,9.097538017710253,9.154338777065277,9.188436118764617,0.75152688117225,0.9002644739127827,-1.0,-1.0,0.04742754246385039,0.04742754246385039,6441.919595192952,6417.569964584925,6389.999107164702,1419779.1157428322,0.0,1.0549975683692097,0.6635182534728049,0.8996607999332286
