target_id,prot_ps,prot_acf,prot_cs,e_prot_ps,E_prot_ps,e_prot_acf,E_prot_acf,e_prot_cs,E_prot_cs,sph_ps,sph_acf,sph_cs,h_ps,fa_prob_ps,hacf,gacf,hcs
7109448,91.08987083220237,104.10992779769003,28.660584548869203,10.031326129502176,12.864817456851043,-1.0,-1.0,0.3782616275152439,0.3782616275152439,629.1377915155932,623.7030842596901,608.4688581388858,16496.699207102145,0.0,0.12525201079606701,0.18901679796196683,0.16108805821376593
