target_id,prot_ps,prot_acf,prot_cs,e_prot_ps,E_prot_ps,e_prot_acf,E_prot_acf,e_prot_cs,E_prot_cs,sph_ps,sph_acf,sph_cs,h_ps,fa_prob_ps,hacf,gacf,hcs
7121057,15.5195193015615,15.304857477080077,15.365629407216721,1.598852662462816,2.0137801789975764,-1.0,-1.0,0.42741256303942055,0.42741256303942055,5513.740092930545,5538.260075194298,5524.360988654944,5158366.770069479,0.0,1.1892128559959063,0.6064614772598808,0.9700699082071245
