target_id,prot_ps,prot_acf,prot_cs,e_prot_ps,E_prot_ps,e_prot_acf,E_prot_acf,e_prot_cs,E_prot_cs,sph_ps,sph_acf,sph_cs,h_ps,fa_prob_ps,hacf,gacf,hcs
7106387,53.97703385073611,1.2873253994621336,4.632532401778736,13.322443891913096,26.309899089809186,-1.0,-1.0,0.18716236633620895,0.18716236633620895,211.98610377523104,159.78479210691307,184.73892730097117,22401.602827928866,0.0,0.27592877530257365,0.3978673009444034,0.18350049725610681
