target_id,prot_ps,prot_acf,prot_cs,e_prot_ps,E_prot_ps,e_prot_acf,E_prot_acf,e_prot_cs,E_prot_cs,sph_ps,sph_acf,sph_cs,h_ps,fa_prob_ps,hacf,gacf,hcs
7287128,7.9918556802050995,7.723943947814405,7.990885144842366,0.7993054183690784,0.999169233216409,-1.0,-1.0,0.3584468258707455,0.3584468258707455,2059.92363296017,2044.046372992695,2059.92363296017,41854.32663695817,0.0,0.6197763286874176,0.4708195035676895,0.9659289617446246
