target_id,prot_ps,prot_acf,prot_cs,e_prot_ps,E_prot_ps,e_prot_acf,E_prot_acf,e_prot_cs,E_prot_cs,sph_ps,sph_acf,sph_cs,h_ps,fa_prob_ps,hacf,gacf,hcs
7211354,73.7873864531694,22.313602628186345,23.324457868128086,7.46281688360483,9.355170858701527,-1.0,-1.0,1.349110134863987,1.349110134863987,582.4706755278986,573.8762120305237,570.8270039499307,8515.254066068685,0.0,0.15099684699348992,0.050221568528647065,1.4544816663635691
