target_id,prot_ps,prot_acf,prot_cs,e_prot_ps,E_prot_ps,e_prot_acf,E_prot_acf,e_prot_cs,E_prot_cs,sph_ps,sph_acf,sph_cs,h_ps,fa_prob_ps,hacf,gacf,hcs
7202230,72.32606775100759,20.924094200134277,22.252283773384992,6.35516983885347,7.710120452926745,-1.0,-1.0,1.8615506777240944,1.8615506777240944,2432.870287592405,2361.6647464023504,2342.5740052193964,54962.65239189762,0.0,0.6766702409133378,0.27899699860905064,0.6463732245640245
