target_id,prot_ps,prot_acf,prot_cs,e_prot_ps,E_prot_ps,e_prot_acf,E_prot_acf,e_prot_cs,E_prot_cs,sph_ps,sph_acf,sph_cs,h_ps,fa_prob_ps,hacf,gacf,hcs
7220937,90.40776586146555,84.51375119388103,43.796554308850325,24.99302931803153,55.89976519678879,-1.0,-1.0,4.367402896746865,4.367402896746865,476.4169963329159,467.196099525317,466.2151401997757,3161.1591275742912,0.0,0.08350920289696546,0.12745947722972473,0.3615976135622483
