target_id,prot_ps,prot_acf,prot_cs,e_prot_ps,E_prot_ps,e_prot_acf,E_prot_acf,e_prot_cs,E_prot_cs,sph_ps,sph_acf,sph_cs,h_ps,fa_prob_ps,hacf,gacf,hcs
7270857,72.32506814488353,88.02833623252809,47.59128987598232,14.862017618696242,25.231698944408777,-1.0,-1.0,6.707691946311278,6.707691946311278,657.4504654720496,664.9317905691828,653.508041861406,9035.647323100478,0.0,0.21503973193010728,0.11955201716711657,0.20979471133124641
