target_id,prot_ps,prot_acf,prot_cs,e_prot_ps,E_prot_ps,e_prot_acf,E_prot_acf,e_prot_cs,E_prot_cs,sph_ps,sph_acf,sph_cs,h_ps,fa_prob_ps,hacf,gacf,hcs
7272157,77.67079739206477,94.28109906613827,47.570678951189954,9.11105875779998,11.903766412892821,-1.0,-1.0,7.392949476155805,7.392949476155805,681.2338100945391,687.5668530628382,678.0286910713288,9055.500419083213,0.0,0.06480322184617593,0.12525897194192057,0.24289877130376838
