target_id,prot_ps,prot_acf,prot_cs,e_prot_ps,E_prot_ps,e_prot_acf,E_prot_acf,e_prot_cs,E_prot_cs,sph_ps,sph_acf,sph_cs,h_ps,fa_prob_ps,hacf,gacf,hcs
7281356,72.32617325083959,59.68688310589641,57.856022193096585,13.663941661861578,21.962181530139205,-1.0,-1.0,1.4825769955268635,1.4825769955268635,722.4789843354829,718.3711348485929,714.1373463410303,10092.297930311412,0.0,0.2737811417061995,0.18909058656062022,0.18789448756067278
