target_id,prot_ps,prot_acf,prot_cs,e_prot_ps,E_prot_ps,e_prot_acf,E_prot_acf,e_prot_cs,E_prot_cs,sph_ps,sph_acf,sph_cs,h_ps,fa_prob_ps,hacf,gacf,hcs
7207081,72.32537755973702,66.28717564791441,32.8728402662091,9.583329125921907,13.038649281541481,-1.0,-1.0,5.8493201561988215,5.8493201561988215,253.46260072270968,251.8002464891262,251.53746173308335,9294.16320382747,0.0,0.20699287263617963,0.16266970597514002,0.05495191727083214
