target_id,prot_ps,prot_acf,prot_cs,e_prot_ps,E_prot_ps,e_prot_acf,E_prot_acf,e_prot_cs,E_prot_cs,sph_ps,sph_acf,sph_cs,h_ps,fa_prob_ps,hacf,gacf,hcs
7213390,57.93882981263231,55.64096431620419,58.7951279496605,10.06618764751235,15.426549260249061,-1.0,-1.0,6.8489605689000035,6.8489605689000035,242.60764402285804,243.56633146501957,242.31256657371546,1991.6720071211498,0.0,0.11098611073579633,0.08074629553555707,0.10701448599460443
