target_id,prot_ps,prot_acf,prot_cs,e_prot_ps,E_prot_ps,e_prot_acf,E_prot_acf,e_prot_cs,E_prot_cs,sph_ps,sph_acf,sph_cs,h_ps,fa_prob_ps,hacf,gacf,hcs
7287728,72.3260986194116,74.46038478240371,37.72708840979798,8.512802694020742,11.133676594878409,-1.0,-1.0,5.271304197374616,5.271304197374616,1018.1911823721057,1018.0803534235783,1007.0539822114927,20542.649476485938,0.0,0.20822552932160704,0.24174963836390168,0.5328715421728053
