target_id,prot_ps,prot_acf,prot_cs,e_prot_ps,E_prot_ps,e_prot_acf,E_prot_acf,e_prot_cs,E_prot_cs,sph_ps,sph_acf,sph_cs,h_ps,fa_prob_ps,hacf,gacf,hcs
7336529,90.40757607084502,51.0842096991837,23.42415351546369,6.529841195764703,7.632361872505754,-1.0,-1.0,3.3279721145493335,3.3279721145493335,1468.589423287637,1466.0505803050867,1456.3776935864428,6074.52500368184,0.0,0.1426755420644407,0.056050057477599974,0.16809926903720798
