target_id,prot_ps,prot_acf,prot_cs,e_prot_ps,E_prot_ps,e_prot_acf,E_prot_acf,e_prot_cs,E_prot_cs,sph_ps,sph_acf,sph_cs,h_ps,fa_prob_ps,hacf,gacf,hcs
7367141,19.547638438824027,19.371153507381678,19.689456051084168,1.8829779952225572,2.3323098256012074,-1.0,-1.0,0.44566573955339067,0.44566573955339067,3059.6788515729063,3061.8147823676277,3049.450239378849,254088.28011888216,0.0,1.038788204467414,0.6322561173945231,0.9834630796454682
