target_id,prot_ps,prot_acf,prot_cs,e_prot_ps,E_prot_ps,e_prot_acf,E_prot_acf,e_prot_cs,E_prot_cs,sph_ps,sph_acf,sph_cs,h_ps,fa_prob_ps,hacf,gacf,hcs
7353250,39.88496017431554,40.152180588338524,39.8726478501968,5.639582947651597,7.8632510278473475,-1.0,-1.0,1.7545745380002689,1.7545745380002689,1762.7665463536712,1755.0750200064904,1762.8721800069675,30709.736705652063,0.0,0.5207115461171861,0.19568770780274125,0.9861637462278602
