target_id,prot_ps,prot_acf,prot_cs,e_prot_ps,E_prot_ps,e_prot_acf,E_prot_acf,e_prot_cs,E_prot_cs,sph_ps,sph_acf,sph_cs,h_ps,fa_prob_ps,hacf,gacf,hcs
7376530,80.36145160697022,61.260402055457234,45.48732645129286,39.98082169501006,8036.145160696949,-1.0,-1.0,7.553271814289422,7.553271814289422,125.6428476347764,126.24120312977398,123.70142549504665,3794.119742419858,0.0,0.17879505435344537,0.07786964336549193,0.1894434101161951
