target_id,prot_ps,prot_acf,prot_cs,e_prot_ps,E_prot_ps,e_prot_acf,E_prot_acf,e_prot_cs,E_prot_cs,sph_ps,sph_acf,sph_cs,h_ps,fa_prob_ps,hacf,gacf,hcs
7367544,72.32607526828173,52.67804784607142,26.53523737996149,8.712941808750095,11.478518856114903,-1.0,-1.0,0.40734372652648193,0.40734372652648193,919.1999306869996,903.5896922302096,898.3433155790459,15538.064947046243,0.0,0.15508409987348667,0.06358405440504715,0.46190863102027857
