target_id,prot_ps,prot_acf,prot_cs,e_prot_ps,E_prot_ps,e_prot_acf,E_prot_acf,e_prot_cs,E_prot_cs,sph_ps,sph_acf,sph_cs,h_ps,fa_prob_ps,hacf,gacf,hcs
7367854,11.856740515599144,11.58590773679316,11.854406551010909,1.1873891311672349,1.484773345775059,-1.0,-1.0,0.5185289469199118,0.5185289469199118,3345.7207048368537,3391.5226543350896,3349.377582096876,645318.8475080687,0.0,0.9795609934124719,0.5786908670122994,0.9600815008394684
