target_id,prot_ps,prot_acf,prot_cs,e_prot_ps,E_prot_ps,e_prot_acf,E_prot_acf,e_prot_cs,E_prot_cs,sph_ps,sph_acf,sph_cs,h_ps,fa_prob_ps,hacf,gacf,hcs
7379728,23.506170550212946,23.84617266850546,23.981444016462188,2.8884885913990814,3.8296894875410636,-1.0,-1.0,0.6918744790671683,0.6918744790671683,337.9930678381353,343.8401103794294,342.7680915581163,30121.630850707563,0.0,0.6928242974780356,0.4070505644608818,0.4845665499890898
