target_id,prot_ps,prot_acf,prot_cs,e_prot_ps,E_prot_ps,e_prot_acf,E_prot_acf,e_prot_cs,E_prot_cs,sph_ps,sph_acf,sph_cs,h_ps,fa_prob_ps,hacf,gacf,hcs
7423752,54.46709940560916,54.16971448203549,54.64949754353612,10.95159560845881,18.317876441596937,-1.0,-1.0,6.159442109422514,6.159442109422514,928.0006878699803,928.9395457354664,928.9015218959423,7788.336046264276,0.0,0.20897125382696247,0.13060577718267882,0.10532391512691472
