target_id,prot_ps,prot_acf,prot_cs,e_prot_ps,E_prot_ps,e_prot_acf,E_prot_acf,e_prot_cs,E_prot_cs,sph_ps,sph_acf,sph_cs,h_ps,fa_prob_ps,hacf,gacf,hcs
7434397,97.76672428032118,94.25662050070241,44.658799052927634,4.655559086675638,5.145618029538255,-1.0,-1.0,12.842963584501355,12.842963584501355,1469.5448827732816,1469.5448827732816,1469.5448827732816,47543.00812798307,0.0,0.10294272423586567,0.0014568027135223869,0.5905502879620216
