target_id,prot_ps,prot_acf,prot_cs,e_prot_ps,E_prot_ps,e_prot_acf,E_prot_acf,e_prot_cs,E_prot_cs,sph_ps,sph_acf,sph_cs,h_ps,fa_prob_ps,hacf,gacf,hcs
7459783,23.713502898007448,16.326541324611753,16.778739521750246,4.752834552733734,7.932691048172266,-1.0,-1.0,0.7757607124705753,0.7757607124705753,445.22234442609283,435.51213642925006,442.2475143625254,5274.103012751521,0.0,0.11938590791568877,0.12000594470178064,0.8307068635905303
