target_id,prot_ps,prot_acf,prot_cs,e_prot_ps,E_prot_ps,e_prot_acf,E_prot_acf,e_prot_cs,E_prot_cs,sph_ps,sph_acf,sph_cs,h_ps,fa_prob_ps,hacf,gacf,hcs
7499730,54.44245922298582,55.436656375881284,53.61791621934193,7.710133168311941,10.756920090114093,-1.0,-1.0,2.3660539098999713,2.3660539098999713,743.4596914279272,740.6321110811392,724.061189143662,13150.056738734147,0.0,0.262750019965378,0.15923211769316373,0.13979656739151125
