target_id,prot_ps,prot_acf,prot_cs,e_prot_ps,E_prot_ps,e_prot_acf,E_prot_acf,e_prot_cs,E_prot_cs,sph_ps,sph_acf,sph_cs,h_ps,fa_prob_ps,hacf,gacf,hcs
7421536,90.40760126691396,44.64761250419542,31.4364146147389,9.765124881521416,12.455904430373494,-1.0,-1.0,1.9527782460017309,1.9527782460017309,559.1265436890216,548.0947117856688,554.3831079466945,11226.65905685628,0.0,0.11056305999507443,0.04799713203575996,0.7907749894176579
