target_id,prot_ps,prot_acf,prot_cs,e_prot_ps,E_prot_ps,e_prot_acf,E_prot_acf,e_prot_cs,E_prot_cs,sph_ps,sph_acf,sph_cs,h_ps,fa_prob_ps,hacf,gacf,hcs
7466295,73.67198189781304,69.14776431396604,45.838614264520224,11.23346048028096,16.162294937354417,-1.0,-1.0,1.2616923697967066,1.2616923697967066,787.6336576764434,771.5145358327671,764.8754996454263,2124.6650994614333,0.0,0.08326819261225255,0.02859350957797935,0.3078227803912398
