target_id,prot_ps,prot_acf,prot_cs,e_prot_ps,E_prot_ps,e_prot_acf,E_prot_acf,e_prot_cs,E_prot_cs,sph_ps,sph_acf,sph_cs,h_ps,fa_prob_ps,hacf,gacf,hcs
7419577,54.65737037063002,59.073885101825,54.670214061252764,11.315757583309718,19.312194766239074,-1.0,-1.0,11.32528620946254,11.32528620946254,902.4335640039337,890.8974569243335,902.4902073743117,25200.90088497412,0.0,0.4039395885348473,0.29997695017204473,0.17716959334215615
