target_id,prot_ps,prot_acf,prot_cs,e_prot_ps,E_prot_ps,e_prot_acf,E_prot_acf,e_prot_cs,E_prot_cs,sph_ps,sph_acf,sph_cs,h_ps,fa_prob_ps,hacf,gacf,hcs
7450601,59.63930001357507,60.79043950885534,59.64410550668835,7.024650676238963,9.189411306745043,-1.0,-1.0,6.660150742926098,6.660150742926098,2162.7224517115897,2174.0770057019245,2162.886221187564,64522.64316444303,0.0,0.8408318557168821,0.5066053140092132,0.48055103657404064
