target_id,prot_ps,prot_acf,prot_cs,e_prot_ps,E_prot_ps,e_prot_acf,E_prot_acf,e_prot_cs,E_prot_cs,sph_ps,sph_acf,sph_cs,h_ps,fa_prob_ps,hacf,gacf,hcs
7432608,72.32604968488319,68.63673476688564,42.54231101000682,17.33256575149742,33.28639003581647,-1.0,-1.0,14.753003966886892,14.753003966886892,1138.808414508263,1161.8143543644585,1119.863260376734,51732.988355588655,0.0,0.32320081452091165,0.21430841865997044,0.9631319198715181
