target_id,prot_ps,prot_acf,prot_cs,e_prot_ps,E_prot_ps,e_prot_acf,E_prot_acf,e_prot_cs,E_prot_cs,sph_ps,sph_acf,sph_cs,h_ps,fa_prob_ps,hacf,gacf,hcs
7455166,14.611183985357705,14.201471463311464,14.605651471288876,2.0699559866179538,2.8883317830972004,-1.0,-1.0,1.122002651529622,1.122002651529622,1787.0469797536164,1780.709272624418,1787.6463332728315,110927.62727518515,0.0,0.45812909681092917,0.2751507853115919,0.8963765871022296
