target_id,prot_ps,prot_acf,prot_cs,e_prot_ps,E_prot_ps,e_prot_acf,E_prot_acf,e_prot_cs,E_prot_cs,sph_ps,sph_acf,sph_cs,h_ps,fa_prob_ps,hacf,gacf,hcs
7435878,53.37447912816956,56.94928693771362,54.20433324409311,6.808716569642755,9.140812437061548,-1.0,-1.0,1.8480001115063818,1.8480001115063818,559.2530861362167,558.4826207008234,557.6810632462013,3969.0712021091613,0.0,0.13171810537890882,0.07131288093179274,0.16859942929770783
