target_id,prot_ps,prot_acf,prot_cs,e_prot_ps,E_prot_ps,e_prot_acf,E_prot_acf,e_prot_cs,E_prot_cs,sph_ps,sph_acf,sph_cs,h_ps,fa_prob_ps,hacf,gacf,hcs
7455026,10.558443661128212,10.686859775800258,10.672656314634127,0.9049934088109683,1.0922294173189648,-1.0,-1.0,0.06479635888829754,0.06479635888829754,6169.680351497214,6254.276211412268,6257.716194454702,1332780.750840559,0.0,1.0658122438983608,0.6423373003279494,0.9778572507025045
