target_id,prot_ps,prot_acf,prot_cs,e_prot_ps,E_prot_ps,e_prot_acf,E_prot_acf,e_prot_cs,E_prot_cs,sph_ps,sph_acf,sph_cs,h_ps,fa_prob_ps,hacf,gacf,hcs
7548531,38.83544839539005,19.718513931147754,38.91502994412472,6.013281217359598,8.710860747676271,-1.0,-1.0,0.9571188387450709,0.9571188387450709,1588.755292319765,1554.665671403968,1589.7963716032016,26602.328265843673,0.0,0.2583342684234057,0.05021567317251957,1.0630166268544445
