target_id,prot_ps,prot_acf,prot_cs,e_prot_ps,E_prot_ps,e_prot_acf,E_prot_acf,e_prot_cs,E_prot_cs,sph_ps,sph_acf,sph_cs,h_ps,fa_prob_ps,hacf,gacf,hcs
7594324,62.89229170870407,0.572158781811595,2.901295259563065,20.20570287981198,56.52726331937706,-1.0,-1.0,0.17162090595073787,0.17162090595073787,270.94783529959943,142.92205457289157,166.40389847692344,5784.147165675201,0.0,0.21192993956849826,0.33639405252356375,0.11298857588076734
