target_id,prot_ps,prot_acf,prot_cs,e_prot_ps,E_prot_ps,e_prot_acf,E_prot_acf,e_prot_cs,E_prot_cs,sph_ps,sph_acf,sph_cs,h_ps,fa_prob_ps,hacf,gacf,hcs
7597744,90.40759050746243,61.15802560793236,47.28798119710563,44.97890074998131,9040.759050746381,-1.0,-1.0,1.9102100284909556,1.9102100284909556,962.244072388206,930.509477059554,921.8912662100973,12689.36010246776,0.0,0.20147071850095535,0.04127408224470437,2.254257951980773
