target_id,prot_ps,prot_acf,prot_cs,e_prot_ps,E_prot_ps,e_prot_acf,E_prot_acf,e_prot_cs,E_prot_cs,sph_ps,sph_acf,sph_cs,h_ps,fa_prob_ps,hacf,gacf,hcs
7599004,20.03786332026626,11.034384928643703,21.483947456069295,1.926128408597311,2.3845567839197415,-1.0,-1.0,3.3125298421924207,3.3125298421924207,484.91003805219236,462.9318221271527,482.74051274023196,671.8302507614077,1.6897767047755628e-292,6.952696293305652e-05,0.04055919149569818,6.064585702339821
