target_id,prot_ps,prot_acf,prot_cs,e_prot_ps,E_prot_ps,e_prot_acf,E_prot_acf,e_prot_cs,E_prot_cs,sph_ps,sph_acf,sph_cs,h_ps,fa_prob_ps,hacf,gacf,hcs
7546791,0.12118348125744441,0.12260224297642708,58.65315980843177,-1.0,-1.0,-1.0,-1.0,0.017087091170140876,0.017087091170140876,14124.34079629509,14127.813876828364,14387.925570214027,56687619.96094866,0.0,0.6967222204337591,0.36897086872733753,0.003760201276814532
