target_id,prot_ps,prot_acf,prot_cs,e_prot_ps,E_prot_ps,e_prot_acf,E_prot_acf,e_prot_cs,E_prot_cs,sph_ps,sph_acf,sph_cs,h_ps,fa_prob_ps,hacf,gacf,hcs
7532052,67.07562576015623,53.78139836713672,55.02090430366806,14.665638039304767,26.062360511121838,-1.0,-1.0,9.020166960731562,9.020166960731562,861.8408135187885,860.7541358478147,862.1934423017016,1607.0964443035725,0.0,0.09691234548462843,0.07085817111397126,0.19251865276986346
