target_id,prot_ps,prot_acf,prot_cs,e_prot_ps,E_prot_ps,e_prot_acf,E_prot_acf,e_prot_cs,E_prot_cs,sph_ps,sph_acf,sph_cs,h_ps,fa_prob_ps,hacf,gacf,hcs
7593258,53.57486253678037,58.70597646199167,24.688155568987913,8.536750914961111,12.529813900714245,-1.0,-1.0,1.3194547544190753,1.3194547544190753,1121.833317448378,1128.0742445818835,1118.0919448019492,8662.90957853289,0.0,0.140492341425593,0.13122344290248936,0.28024790311336806
