target_id,prot_ps,prot_acf,prot_cs,e_prot_ps,E_prot_ps,e_prot_acf,E_prot_acf,e_prot_cs,E_prot_cs,sph_ps,sph_acf,sph_cs,h_ps,fa_prob_ps,hacf,gacf,hcs
7550902,90.40754439934376,78.22011693567038,53.54390559782837,19.59868077519137,34.599927275745486,-1.0,-1.0,2.4592008077790863,2.4592008077790863,398.26425892822346,401.4048534246333,403.4017721108039,872.0678332550731,0.0,0.03348573728170259,0.0392281329555949,0.3082135949805699
