target_id,prot_ps,prot_acf,prot_cs,e_prot_ps,E_prot_ps,e_prot_acf,E_prot_acf,e_prot_cs,E_prot_cs,sph_ps,sph_acf,sph_cs,h_ps,fa_prob_ps,hacf,gacf,hcs
7591157,89.96498674552605,73.33411992853507,57.18651475831401,4.284046987882206,4.734999302396105,-1.0,-1.0,10.123961892905472,10.123961892905472,1359.583553144553,1359.583553144553,1359.583553144553,5991.945034092831,0.0,0.12080841986026399,0.01616102372890613,0.317360091850045
