target_id,prot_ps,prot_acf,prot_cs,e_prot_ps,E_prot_ps,e_prot_acf,E_prot_acf,e_prot_cs,E_prot_cs,sph_ps,sph_acf,sph_cs,h_ps,fa_prob_ps,hacf,gacf,hcs
7598209,14.912608133237221,14.814413723070174,15.072004366547503,1.4862109989606083,1.8561923557668258,-1.0,-1.0,0.18188523708905577,0.18188523708905577,2749.252577472296,2737.619541258863,2683.4063117968267,548555.9092954117,0.0,1.00356799835536,0.5218682789739915,0.9825704787807127
