target_id,prot_ps,prot_acf,prot_cs,e_prot_ps,E_prot_ps,e_prot_acf,E_prot_acf,e_prot_cs,E_prot_cs,sph_ps,sph_acf,sph_cs,h_ps,fa_prob_ps,hacf,gacf,hcs
7511455,52.70512861972213,56.68303004000336,52.73013452405575,6.577969040351029,8.766113783952072,-1.0,-1.0,7.3592913560837765,7.3592913560837765,449.0835809971133,462.3841342889315,448.98172941947274,7221.559371992584,0.0,0.20925168976443567,0.11223121624284813,0.10390367571051212
