target_id,prot_ps,prot_acf,prot_cs,e_prot_ps,E_prot_ps,e_prot_acf,E_prot_acf,e_prot_cs,E_prot_cs,sph_ps,sph_acf,sph_cs,h_ps,fa_prob_ps,hacf,gacf,hcs
7585206,53.10157369366902,55.232350738719106,53.10172653911635,9.185271843659876,14.043706438113723,-1.0,-1.0,5.527459372239412,5.527459372239412,213.39608699152632,207.44571533770642,213.39608699152632,18775.254348810242,0.0,0.2665542367205844,0.19295213420476923,0.9504660279034289
