target_id,prot_ps,prot_acf,prot_cs,e_prot_ps,E_prot_ps,e_prot_acf,E_prot_acf,e_prot_cs,E_prot_cs,sph_ps,sph_acf,sph_cs,h_ps,fa_prob_ps,hacf,gacf,hcs
7679216,72.32612051353756,63.283170892857015,28.934528785180298,11.950847721769051,17.849637890674757,-1.0,-1.0,4.56137344493329,4.56137344493329,722.5646907978338,731.1167176940229,704.7584048495596,14239.645630853058,0.0,0.2303139279885684,0.13105464426598157,0.13674052323552158
