target_id,prot_ps,prot_acf,prot_cs,e_prot_ps,E_prot_ps,e_prot_acf,E_prot_acf,e_prot_cs,E_prot_cs,sph_ps,sph_acf,sph_cs,h_ps,fa_prob_ps,hacf,gacf,hcs
7603635,72.32605161937441,64.44783161301166,34.0086900027643,13.693771456803724,22.039370014110006,-1.0,-1.0,0.5592666079703459,0.5592666079703459,1221.6702315608418,1200.7249602354066,1186.0963232776435,11876.860703366652,0.0,0.22676579227722135,0.13127274129452973,0.644100539345713
