target_id,prot_ps,prot_acf,prot_cs,e_prot_ps,E_prot_ps,e_prot_acf,E_prot_acf,e_prot_cs,E_prot_cs,sph_ps,sph_acf,sph_cs,h_ps,fa_prob_ps,hacf,gacf,hcs
7659497,90.40765849994047,67.41078456770629,45.192402484696366,14.175412959020449,20.651487363674278,-1.0,-1.0,3.8857189864682686,3.8857189864682686,662.8035961578748,662.2035370651831,663.2875868531106,4035.3747428510983,0.0,0.0001507509107949361,0.0002324780611665064,0.2586760379900995
