target_id,prot_ps,prot_acf,prot_cs,e_prot_ps,E_prot_ps,e_prot_acf,E_prot_acf,e_prot_cs,E_prot_cs,sph_ps,sph_acf,sph_cs,h_ps,fa_prob_ps,hacf,gacf,hcs
7668732,72.83912173133639,59.543757539242506,28.934506366066632,12.93966577779706,20.070658050738857,-1.0,-1.0,3.5903378812080367,3.5903378812080367,960.9998940489238,959.0351941460251,948.9403397320781,6880.558863580915,0.0,0.16566842103146232,0.061279895339889395,0.13990603484735445
