target_id,prot_ps,prot_acf,prot_cs,e_prot_ps,E_prot_ps,e_prot_acf,E_prot_acf,e_prot_cs,E_prot_cs,sph_ps,sph_acf,sph_cs,h_ps,fa_prob_ps,hacf,gacf,hcs
7664576,59.97670653180754,63.73063828330487,47.98248902466149,2.8560336443717915,3.15666876483197,-1.0,-1.0,8.540882954845278,8.540882954845278,3365.1167854247024,3365.1167854247024,3365.1167854247024,19425.95292559738,0.0,0.30715467733237983,0.11930061577995722,1.011145365323051
