target_id,prot_ps,prot_acf,prot_cs,e_prot_ps,E_prot_ps,e_prot_acf,E_prot_acf,e_prot_cs,E_prot_cs,sph_ps,sph_acf,sph_cs,h_ps,fa_prob_ps,hacf,gacf,hcs
7688068,21.9216991420065,37.98731686035171,45.35550766912289,3.3373499291635866,4.798346200293523,-1.0,-1.0,3.221813557706606,3.221813557706606,539.506944857731,573.3987565034207,643.6565740846355,1154.9563128648297,0.0,0.04977583030789801,0.02891115636323346,0.44220867968461575
