target_id,prot_ps,prot_acf,prot_cs,e_prot_ps,E_prot_ps,e_prot_acf,E_prot_acf,e_prot_cs,E_prot_cs,sph_ps,sph_acf,sph_cs,h_ps,fa_prob_ps,hacf,gacf,hcs
7662577,72.21321633504552,96.8968866802752,46.373803756702685,9.876464889407089,13.595261149017091,-1.0,-1.0,7.31189085061785,7.31189085061785,3385.2900072351567,3820.823764288159,3767.4322696850286,292141.1395541342,0.0,0.20739277662376704,0.16155108471122845,1.574992247070649
