target_id,prot_ps,prot_acf,prot_cs,e_prot_ps,E_prot_ps,e_prot_acf,E_prot_acf,e_prot_cs,E_prot_cs,sph_ps,sph_acf,sph_cs,h_ps,fa_prob_ps,hacf,gacf,hcs
7667466,12.94511124861862,12.811909573618323,12.940028669354504,1.5216164754648123,1.9892684963841862,-1.0,-1.0,0.9950549512910852,0.9950549512910852,1320.5683962293363,1326.9579871543935,1320.7494664863655,44448.406658324624,0.0,0.8248545892897812,0.4393551288016949,0.9774947453651854
