target_id,prot_ps,prot_acf,prot_cs,e_prot_ps,E_prot_ps,e_prot_acf,E_prot_acf,e_prot_cs,E_prot_cs,sph_ps,sph_acf,sph_cs,h_ps,fa_prob_ps,hacf,gacf,hcs
7732991,53.57491282640036,52.821033105719835,53.795092804707046,7.877036533404485,11.158174918643745,-1.0,-1.0,2.1927151322783254,2.1927151322783254,741.3804259349716,738.3500940821568,741.6339419069287,8654.747327210576,0.0,0.1978891936128611,0.08322596712772587,0.1557606139430307
