target_id,prot_ps,prot_acf,prot_cs,e_prot_ps,E_prot_ps,e_prot_acf,E_prot_acf,e_prot_cs,E_prot_cs,sph_ps,sph_acf,sph_cs,h_ps,fa_prob_ps,hacf,gacf,hcs
7730639,53.57504522476363,53.69981546513736,54.13504113490624,7.4850869497061225,10.387649487603696,-1.0,-1.0,1.930806162583442,1.930806162583442,819.0862660176857,819.1952545910839,830.501377730477,10440.286062452144,0.0,0.16683119215477227,0.029332794566092675,0.1594533141324506
