target_id,prot_ps,prot_acf,prot_cs,e_prot_ps,E_prot_ps,e_prot_acf,E_prot_acf,e_prot_cs,E_prot_cs,sph_ps,sph_acf,sph_cs,h_ps,fa_prob_ps,hacf,gacf,hcs
7799130,75.63454593520761,61.27929684892297,43.52464735742657,16.4284117389491,29.046788630509127,-1.0,-1.0,6.610530990052627,6.610530990052627,777.759845248619,714.0010382249332,606.8373018028489,10930.361960778764,0.0,0.17815239728115734,0.051695431940600396,0.1257422746268848
