target_id,prot_ps,prot_acf,prot_cs,e_prot_ps,E_prot_ps,e_prot_acf,E_prot_acf,e_prot_cs,E_prot_cs,sph_ps,sph_acf,sph_cs,h_ps,fa_prob_ps,hacf,gacf,hcs
7748839,73.78727853507539,61.52589507121593,32.711044074669765,16.40286800167172,29.533368322489963,-1.0,-1.0,0.8294123796487993,0.8294123796487993,560.8118885029719,558.5264374976048,555.7062098818002,6340.96906616787,0.0,0.16423631318804552,0.10634962448548474,0.3228025670803922
