target_id,prot_ps,prot_acf,prot_cs,e_prot_ps,E_prot_ps,e_prot_acf,E_prot_acf,e_prot_cs,E_prot_cs,sph_ps,sph_acf,sph_cs,h_ps,fa_prob_ps,hacf,gacf,hcs
7761021,76.70457626818055,11.442927904427052,12.334847145097434,10.613303593838978,14.6740943921302,-1.0,-1.0,0.19591965139624537,0.19591965139624537,317.30019665099104,304.0256250903755,308.2595143285099,9377.93253457403,0.0,0.140819100116635,0.11076480028229724,0.8315205012092309
