target_id,prot_ps,prot_acf,prot_cs,e_prot_ps,E_prot_ps,e_prot_acf,E_prot_acf,e_prot_cs,E_prot_cs,sph_ps,sph_acf,sph_cs,h_ps,fa_prob_ps,hacf,gacf,hcs
7779199,73.10702786708322,76.89221878629178,-1.0,9.582353700550442,12.986786496516586,-1.0,-1.0,-1.0,-1.0,501.25434815577916,507.1256905076513,-1.0,27619.259344031172,0.0,0.34949074535914115,0.2711590400466193,0.9550390638241718
