target_id,prot_ps,prot_acf,prot_cs,e_prot_ps,E_prot_ps,e_prot_acf,E_prot_acf,e_prot_cs,E_prot_cs,sph_ps,sph_acf,sph_cs,h_ps,fa_prob_ps,hacf,gacf,hcs
7799847,54.5551301738819,60.931626219302416,46.465575443152346,2.5978637811117764,2.8713231776247525,-1.0,-1.0,5.906535774276742,5.906535774276742,1487.3146547839442,1487.3146547839442,1487.3146547839442,8230.451625868935,0.0,0.3060034329338627,0.12292186661985187,0.12104518380581882
