target_id,prot_ps,prot_acf,prot_cs,e_prot_ps,E_prot_ps,e_prot_acf,E_prot_acf,e_prot_cs,E_prot_cs,sph_ps,sph_acf,sph_cs,h_ps,fa_prob_ps,hacf,gacf,hcs
7747991,73.78723004198511,85.45371077489108,28.934520213159768,10.953334287442559,15.578401118631248,-1.0,-1.0,5.262231470836605,5.262231470836605,613.9450876528821,624.0605730399956,596.062903634927,12737.821001751518,0.0,0.19836442567028256,0.08519606775374337,0.11456999939573202
