target_id,prot_ps,prot_acf,prot_cs,e_prot_ps,E_prot_ps,e_prot_acf,E_prot_acf,e_prot_cs,E_prot_cs,sph_ps,sph_acf,sph_cs,h_ps,fa_prob_ps,hacf,gacf,hcs
7758086,27.81772070232629,28.21892258245498,27.865746379809284,3.2168524273400294,4.184691173159379,-1.0,-1.0,1.7368464349060078,1.7368464349060078,1856.4882936071247,1905.6565454217064,1856.992664844686,41249.199607535076,0.0,0.6491704552966915,0.2850852430615485,0.997595234262084
