target_id,prot_ps,prot_acf,prot_cs,e_prot_ps,E_prot_ps,e_prot_acf,E_prot_acf,e_prot_cs,E_prot_cs,sph_ps,sph_acf,sph_cs,h_ps,fa_prob_ps,hacf,gacf,hcs
7700437,97.76646356492793,63.648056127130985,43.04897063627838,4.655545884044187,5.145603345522517,-1.0,-1.0,8.026642055715483,8.026642055715483,380.70106617919487,380.70106617919487,380.70106617919487,3253.178786704247,0.0,0.22270225762372095,0.10710233587637343,0.19188237600764063
