target_id,prot_ps,prot_acf,prot_cs,e_prot_ps,E_prot_ps,e_prot_acf,E_prot_acf,e_prot_cs,E_prot_cs,sph_ps,sph_acf,sph_cs,h_ps,fa_prob_ps,hacf,gacf,hcs
7769045,61.951004116655184,55.60027810698375,31.16522935668549,9.607013245935292,13.926209812332203,-1.0,-1.0,4.900525976913912,4.900525976913912,212.45312139430834,213.29272348695332,210.04571607392577,11768.966048516522,0.0,0.16004567800639224,0.09296459483460286,0.19324157200318848
