target_id,prot_ps,prot_acf,prot_cs,e_prot_ps,E_prot_ps,e_prot_acf,E_prot_acf,e_prot_cs,E_prot_cs,sph_ps,sph_acf,sph_cs,h_ps,fa_prob_ps,hacf,gacf,hcs
7733320,90.40762090214295,53.80191785516217,52.688894510851235,11.105932256119019,14.723216902756135,-1.0,-1.0,6.011730936113696,6.011730936113696,425.19600369520066,406.3015005407288,403.3567196235164,11943.971322950267,0.0,0.2546767772340502,0.13427371141195704,0.23346049564806481
