target_id,prot_ps,prot_acf,prot_cs,e_prot_ps,E_prot_ps,e_prot_acf,E_prot_acf,e_prot_cs,E_prot_cs,sph_ps,sph_acf,sph_cs,h_ps,fa_prob_ps,hacf,gacf,hcs
7730381,53.224038478144024,50.02167637646198,52.77137970372064,6.130057932719275,7.964726483081158,-1.0,-1.0,1.4720818823540942,1.4720818823540942,534.109890022993,527.7106593770435,531.4715296899057,25892.754915334946,0.0,0.20775184743285702,0.14295003079583601,0.1650628125618252
