target_id,prot_ps,prot_acf,prot_cs,e_prot_ps,E_prot_ps,e_prot_acf,E_prot_acf,e_prot_cs,E_prot_cs,sph_ps,sph_acf,sph_cs,h_ps,fa_prob_ps,hacf,gacf,hcs
7763092,50.25460731111765,21.57808130979538,25.576866670684296,25.002292194585895,5025.460731111706,-1.0,-1.0,0.5872481616753802,0.5872481616753802,795.1449841325639,770.6303643567509,764.2927044779817,38542.72399537772,0.0,0.17426449696172253,0.012470385299505525,0.7049268233380895
