target_id,prot_ps,prot_acf,prot_cs,e_prot_ps,E_prot_ps,e_prot_acf,E_prot_acf,e_prot_cs,E_prot_cs,sph_ps,sph_acf,sph_cs,h_ps,fa_prob_ps,hacf,gacf,hcs
7833591,72.21213654429941,54.92603266239166,54.44338649740442,19.950900006728673,44.589356538961724,-1.0,-1.0,7.817489255602246,7.817489255602246,1591.613408166553,1527.8490365602086,1543.344869642308,332849.3326806415,0.0,0.5449806707003324,0.2458101470477651,0.751448710777981
