target_id,prot_ps,prot_acf,prot_cs,e_prot_ps,E_prot_ps,e_prot_acf,E_prot_acf,e_prot_cs,E_prot_cs,sph_ps,sph_acf,sph_cs,h_ps,fa_prob_ps,hacf,gacf,hcs
7879358,72.9216319661815,59.50289694964886,28.656503664143703,11.367030061598044,16.51608859049091,-1.0,-1.0,0.3603612566298804,0.3603612566298804,818.0069107004811,815.7347895219531,811.7791729331442,8560.531489194202,0.0,0.17483201052333175,0.08138573836639654,0.313271792181597
