target_id,prot_ps,prot_acf,prot_cs,e_prot_ps,E_prot_ps,e_prot_acf,E_prot_acf,e_prot_cs,E_prot_cs,sph_ps,sph_acf,sph_cs,h_ps,fa_prob_ps,hacf,gacf,hcs
7832257,18.059111309940082,36.45371197909117,18.242683030748456,2.754687705090342,3.9640046840590237,-1.0,-1.0,0.15355073744583253,0.15355073744583253,1400.00422982333,1438.787157250437,1390.7148844151475,4619.405650817105,0.0,0.13542322444327984,0.021367665369391265,0.8900902420113637
