target_id,prot_ps,prot_acf,prot_cs,e_prot_ps,E_prot_ps,e_prot_acf,E_prot_acf,e_prot_cs,E_prot_cs,sph_ps,sph_acf,sph_cs,h_ps,fa_prob_ps,hacf,gacf,hcs
7870339,52.34384094340035,30.119177281856537,57.91781984400306,8.856672406906092,13.386820969013002,-1.0,-1.0,5.135110790723732,5.135110790723732,2437.5012985398694,1826.6287898812102,2322.548488236166,14044.987210129008,0.0,0.29090396600581125,0.0011216690015616083,7.712992637755373
