target_id,prot_ps,prot_acf,prot_cs,e_prot_ps,E_prot_ps,e_prot_acf,E_prot_acf,e_prot_cs,E_prot_cs,sph_ps,sph_acf,sph_cs,h_ps,fa_prob_ps,hacf,gacf,hcs
7888432,72.32516348840406,67.63559999410063,31.235158213485345,12.686634582865658,19.542617684763258,-1.0,-1.0,5.097082980884566,5.097082980884566,809.8014002664403,825.4732121602556,791.1850093947974,10363.819179772609,0.0,0.20771897257401284,0.12357623141984435,0.0787881970787603
