target_id,prot_ps,prot_acf,prot_cs,e_prot_ps,E_prot_ps,e_prot_acf,E_prot_acf,e_prot_cs,E_prot_cs,sph_ps,sph_acf,sph_cs,h_ps,fa_prob_ps,hacf,gacf,hcs
7803596,9.454384846829958,9.542528414633125,9.550166560956807,0.819433056022385,0.9912631177465343,-1.0,-1.0,0.04817031548923201,0.04817031548923201,7577.153327323508,7568.302243778987,7567.871093740673,2685485.1030704966,0.0,1.042201368220386,0.6112225374365369,0.9062965216701863
