target_id,prot_ps,prot_acf,prot_cs,e_prot_ps,E_prot_ps,e_prot_acf,E_prot_acf,e_prot_cs,E_prot_cs,sph_ps,sph_acf,sph_cs,h_ps,fa_prob_ps,hacf,gacf,hcs
7826063,1.7705133436956515,1.7981715574860573,1.7863915283174734,0.1256181920535473,0.14639113944172522,-1.0,-1.0,0.018141246724778272,0.018141246724778272,6338.491622195474,6338.031569874791,6338.444694391368,1997287.6717022106,0.0,1.6034697938796887,0.9426578608107226,0.022106939692822073
