target_id,prot_ps,prot_acf,prot_cs,e_prot_ps,E_prot_ps,e_prot_acf,E_prot_acf,e_prot_cs,E_prot_cs,sph_ps,sph_acf,sph_cs,h_ps,fa_prob_ps,hacf,gacf,hcs
7817242,94.43267244532011,0.5312777664512396,4.660158827127767,17.514517954577187,27.842449275564533,-1.0,-1.0,0.04163509464595924,0.04163509464595924,1797.5095463931846,1002.9595848775488,1466.996121782166,17701.111342369266,0.0,0.7150029900502484,0.5228419964206946,0.3800733880455823
