target_id,prot_ps,prot_acf,prot_cs,e_prot_ps,E_prot_ps,e_prot_acf,E_prot_acf,e_prot_cs,E_prot_cs,sph_ps,sph_acf,sph_cs,h_ps,fa_prob_ps,hacf,gacf,hcs
7801431,0.573681940350511,0.5721632540225983,0.5727118040470756,0.010767361072446913,0.01118730727752315,-1.0,-1.0,0.008712407672740266,0.008712407672740266,3211.6460568029183,3211.6460568029183,3211.6460568029183,1175.3754479352958,0.0,0.7459357166073075,0.6617553994820375,0.6299578303340685
