target_id,prot_ps,prot_acf,prot_cs,e_prot_ps,E_prot_ps,e_prot_acf,E_prot_acf,e_prot_cs,E_prot_cs,sph_ps,sph_acf,sph_cs,h_ps,fa_prob_ps,hacf,gacf,hcs
7878021,81.9857382412116,14.691813352517784,16.966827246497754,10.257839623836972,13.681401451211258,-1.0,-1.0,0.2827830380406067,0.2827830380406067,1087.2804026465574,1050.5422410096992,1068.0372121135117,18710.19948606951,0.0,0.21826830731944452,0.08555713789597648,0.49487658260896683
