target_id,prot_ps,prot_acf,prot_cs,e_prot_ps,E_prot_ps,e_prot_acf,E_prot_acf,e_prot_cs,E_prot_cs,sph_ps,sph_acf,sph_cs,h_ps,fa_prob_ps,hacf,gacf,hcs
7902140,49.19091225143013,50.471340655349195,49.10296583969546,9.746173240958264,16.142973246720068,-1.0,-1.0,3.0282050755388403,3.0282050755388403,694.7979597815166,674.891500932635,695.1922769333424,4474.5065242258925,0.0,0.23412893066830368,0.11978691042797938,1.0268229019081985
