target_id,prot_ps,prot_acf,prot_cs,e_prot_ps,E_prot_ps,e_prot_acf,E_prot_acf,e_prot_cs,E_prot_cs,sph_ps,sph_acf,sph_cs,h_ps,fa_prob_ps,hacf,gacf,hcs
7916035,72.32525695406441,60.05477073183283,28.93458878927864,9.789058018978032,13.422455213010764,-1.0,-1.0,2.8205365215912477,2.8205365215912477,325.0757643830238,324.5088370471534,323.5112440143647,9194.905162673724,0.0,0.19664976699983877,0.08874620951504998,0.12572079347397125
