target_id,prot_ps,prot_acf,prot_cs,e_prot_ps,E_prot_ps,e_prot_acf,E_prot_acf,e_prot_cs,E_prot_cs,sph_ps,sph_acf,sph_cs,h_ps,fa_prob_ps,hacf,gacf,hcs
7938116,74.13718470567267,57.58198207616806,53.037956545740784,11.226760104818531,16.104128754280808,-1.0,-1.0,1.6653473216418961,1.6653473216418961,1424.3279627038908,1409.2423123807,1428.5486214712396,10345.16651452346,0.0,0.19928365967976022,0.09184280957927592,0.05011178456214268
