target_id,prot_ps,prot_acf,prot_cs,e_prot_ps,E_prot_ps,e_prot_acf,E_prot_acf,e_prot_cs,E_prot_cs,sph_ps,sph_acf,sph_cs,h_ps,fa_prob_ps,hacf,gacf,hcs
7984859,90.40774044575312,90.84832622576505,47.01131432956397,17.61983056154982,28.874832832047275,-1.0,-1.0,1.0828325257358966,1.0828325257358966,661.2734545700729,660.5529229524292,653.562615135199,9895.91369561621,0.0,0.09917850937054024,0.1642602494130145,0.21160037977069743
