target_id,prot_ps,prot_acf,prot_cs,e_prot_ps,E_prot_ps,e_prot_acf,E_prot_acf,e_prot_cs,E_prot_cs,sph_ps,sph_acf,sph_cs,h_ps,fa_prob_ps,hacf,gacf,hcs
7908709,59.51200840987197,64.10100389737636,51.6054970777128,2.8339051623748617,3.132210968940619,-1.0,-1.0,5.506602071684452,5.506602071684452,313.4554026981211,313.4554026981211,313.4554026981211,795.2212449575907,0.0,0.08919068638343433,0.06413507828441582,0.3436268771988576
