target_id,prot_ps,prot_acf,prot_cs,e_prot_ps,E_prot_ps,e_prot_acf,E_prot_acf,e_prot_cs,E_prot_cs,sph_ps,sph_acf,sph_cs,h_ps,fa_prob_ps,hacf,gacf,hcs
7976908,46.1169900451043,48.7343305000104,27.42541443740091,8.887893846290538,14.462439064263343,-1.0,-1.0,4.401596904051411,4.401596904051411,527.6424332473092,524.9311308261155,522.6427521311172,1821.1609112494098,0.0,0.042695719622180814,0.015279607534913885,0.21447079348039452
