target_id,prot_ps,prot_acf,prot_cs,e_prot_ps,E_prot_ps,e_prot_acf,E_prot_acf,e_prot_cs,E_prot_cs,sph_ps,sph_acf,sph_cs,h_ps,fa_prob_ps,hacf,gacf,hcs
7941280,72.86999533258985,52.37156758829951,52.050145521126694,11.350886298184932,16.487309823960004,-1.0,-1.0,6.952961470243393,6.952961470243393,309.4379082071592,305.35843441191406,305.59763898721184,15091.347980087221,0.0,0.3233479415713244,0.18068750534214512,0.06343290859074305
