target_id,prot_ps,prot_acf,prot_cs,e_prot_ps,E_prot_ps,e_prot_acf,E_prot_acf,e_prot_cs,E_prot_cs,sph_ps,sph_acf,sph_cs,h_ps,fa_prob_ps,hacf,gacf,hcs
7905232,15.287931880296632,15.080047018826008,15.175225569502134,1.7123334456723711,2.206646913659281,-1.0,-1.0,0.1890967491969225,0.1890967491969225,943.2313326477832,948.2811364012036,946.004033766501,2979.439346282128,0.0,0.11154556335134733,0.16360234425298775,0.5514030284158242
