target_id,prot_ps,prot_acf,prot_cs,e_prot_ps,E_prot_ps,e_prot_acf,E_prot_acf,e_prot_cs,E_prot_cs,sph_ps,sph_acf,sph_cs,h_ps,fa_prob_ps,hacf,gacf,hcs
7948562,91.16853435500296,58.685610983520746,28.70841042983194,9.490936885915389,11.986630196693852,-1.0,-1.0,0.497696205901454,0.497696205901454,323.36396519387523,315.7481991590413,312.02929104191423,14115.644425413215,0.0,0.22114955420269905,0.0654666840730216,0.11443233976670339
