target_id,prot_ps,prot_acf,prot_cs,e_prot_ps,E_prot_ps,e_prot_acf,E_prot_acf,e_prot_cs,E_prot_cs,sph_ps,sph_acf,sph_cs,h_ps,fa_prob_ps,hacf,gacf,hcs
7976762,46.38607260264461,46.0985189974308,46.27057109404355,5.060760661022584,6.473230831685086,-1.0,-1.0,1.7450433264423721,1.7450433264423721,652.201695646137,651.1036381198167,651.3459972510369,1179.4847242536134,0.0,0.05324111765567806,0.027617880471973597,0.12273225104115967
