target_id,prot_ps,prot_acf,prot_cs,e_prot_ps,E_prot_ps,e_prot_acf,E_prot_acf,e_prot_cs,E_prot_cs,sph_ps,sph_acf,sph_cs,h_ps,fa_prob_ps,hacf,gacf,hcs
7943763,13.650407759539542,13.58838832238689,13.662938387824326,1.3831209817883963,1.7346451474663738,-1.0,-1.0,0.09622881062940807,0.09622881062940807,4749.867439555747,4779.990693446512,4752.309008130582,2398734.372437704,0.0,0.9989956101747165,0.5386753246514568,0.9655318697753228
