target_id,prot_ps,prot_acf,prot_cs,e_prot_ps,E_prot_ps,e_prot_acf,E_prot_acf,e_prot_cs,E_prot_cs,sph_ps,sph_acf,sph_cs,h_ps,fa_prob_ps,hacf,gacf,hcs
7949266,62.62126208556396,63.998537097126245,-1.0,8.928203586287196,12.489605468774307,-1.0,-1.0,-1.0,-1.0,1582.524459070762,1592.790827885064,-1.0,260687.40870541078,0.0,1.3064009179407923,0.6497088735420823,0.9784685505949788
