target_id,prot_ps,prot_acf,prot_cs,e_prot_ps,E_prot_ps,e_prot_acf,E_prot_acf,e_prot_cs,E_prot_cs,sph_ps,sph_acf,sph_cs,h_ps,fa_prob_ps,hacf,gacf,hcs
7902889,61.0660110752032,13.302482506725937,55.06287797423079,9.035166349210272,12.832488965800671,-1.0,-1.0,2.4146757125008773,2.4146757125008773,137.98043710156995,125.4483555937848,132.74133049417634,47383.57601143421,0.0,0.11358844446678508,0.06164497715976081,2.771901903497035
