target_id,prot_ps,prot_acf,prot_cs,e_prot_ps,E_prot_ps,e_prot_acf,E_prot_acf,e_prot_cs,E_prot_cs,sph_ps,sph_acf,sph_cs,h_ps,fa_prob_ps,hacf,gacf,hcs
7918265,73.76516701627823,52.575984842609614,52.538489681398254,12.277768341281657,18.404357564566226,-1.0,-1.0,1.9053147312845793,1.9053147312845793,762.9925788940969,746.9057615266887,747.0286561453386,11961.19887103829,0.0,0.15914765441901046,0.05033771197624646,0.107645493241246
