target_id,prot_ps,prot_acf,prot_cs,e_prot_ps,E_prot_ps,e_prot_acf,E_prot_acf,e_prot_cs,E_prot_cs,sph_ps,sph_acf,sph_cs,h_ps,fa_prob_ps,hacf,gacf,hcs
7958890,1.6820017922037527,1.6960407504811883,1.6974585177744965,0.12723817494529888,0.14992015690308036,-1.0,-1.0,0.026415422052166956,0.026415422052166956,1575.6276015209476,1579.7830685191946,1579.7830685191946,593911.4851471902,0.0,1.454221033216053,0.9095795874256227,0.1885938345695723
