target_id,prot_ps,prot_acf,prot_cs,e_prot_ps,E_prot_ps,e_prot_acf,E_prot_acf,e_prot_cs,E_prot_cs,sph_ps,sph_acf,sph_cs,h_ps,fa_prob_ps,hacf,gacf,hcs
7956389,64.16216007009848,61.17871861439198,6.69594332089182,18.3749697508718,43.0092026838455,-1.0,-1.0,0.23820305049235607,0.23820305049235607,648.5843184781592,652.2941175865453,560.7607886873997,7848.27247749492,0.0,0.15903546642501282,0.1015231127945543,0.22340422101289517
