target_id,prot_ps,prot_acf,prot_cs,e_prot_ps,E_prot_ps,e_prot_acf,E_prot_acf,e_prot_cs,E_prot_cs,sph_ps,sph_acf,sph_cs,h_ps,fa_prob_ps,hacf,gacf,hcs
7901541,24.19260038306518,24.21395126497373,24.394176623756064,2.847492604260214,3.7241693060736196,-1.0,-1.0,1.533044273989401,1.533044273989401,2203.8919934272567,2201.6107653806757,2183.586062861765,104365.9881818964,0.0,0.8334455973017314,0.4480099907919785,0.9990941676247358
