target_id,prot_ps,prot_acf,prot_cs,e_prot_ps,E_prot_ps,e_prot_acf,E_prot_acf,e_prot_cs,E_prot_cs,sph_ps,sph_acf,sph_cs,h_ps,fa_prob_ps,hacf,gacf,hcs
7976231,60.27169626651799,55.273097259923816,52.35803984058285,15.572613064932881,32.22456412747874,-1.0,-1.0,1.1965942090855475,1.1965942090855475,673.2145753536103,667.1541253870997,671.9235554717962,3370.9712923501065,0.0,0.1159055541360027,0.08196747692652542,0.43189354480292164
