target_id,prot_ps,prot_acf,prot_cs,e_prot_ps,E_prot_ps,e_prot_acf,E_prot_acf,e_prot_cs,E_prot_cs,sph_ps,sph_acf,sph_cs,h_ps,fa_prob_ps,hacf,gacf,hcs
7949259,5.0254609335695095,5.0471371710300446,5.076284425751435,0.4502565517416901,0.5485515948487372,-1.0,-1.0,0.13283631834329268,0.13283631834329268,3766.7510756963643,3782.4719577023975,3777.9392003597245,2229282.2181925797,0.0,1.1331264482287242,0.7830853182556108,0.6481253074205995
