target_id,prot_ps,prot_acf,prot_cs,e_prot_ps,E_prot_ps,e_prot_acf,E_prot_acf,e_prot_cs,E_prot_cs,sph_ps,sph_acf,sph_cs,h_ps,fa_prob_ps,hacf,gacf,hcs
7917035,6.696777447535041,13.506692438852042,13.414740674896164,0.632808375497663,0.7802709392016327,-1.0,-1.0,0.583696855375808,0.583696855375808,5318.035736606834,5532.194524769176,5524.912785733278,638993.1667576971,0.0,0.8737137987664291,0.5460221717933752,4.930758194534867
