target_id,prot_ps,prot_acf,prot_cs,e_prot_ps,E_prot_ps,e_prot_acf,E_prot_acf,e_prot_cs,E_prot_cs,sph_ps,sph_acf,sph_cs,h_ps,fa_prob_ps,hacf,gacf,hcs
7905685,70.27356879782359,59.60509934369475,28.91388811186887,16.905958181306872,32.5833289497309,-1.0,-1.0,9.15333328342628,9.15333328342628,855.9595685324346,856.1696329052263,847.5732804936097,979.8292937731793,0.0,0.07086348709886552,0.038597402352929466,0.2341045934387371
