target_id,prot_ps,prot_acf,prot_cs,e_prot_ps,E_prot_ps,e_prot_acf,E_prot_acf,e_prot_cs,E_prot_cs,sph_ps,sph_acf,sph_cs,h_ps,fa_prob_ps,hacf,gacf,hcs
7900727,16.76983982060227,16.857812635134906,16.778734168591907,2.475416181811644,3.5123366331235957,-1.0,-1.0,0.8980977061851446,0.8980977061851446,1655.090417639646,1701.407130561626,1704.0797053396186,22433.258017359978,0.0,0.38703088593859813,0.17657022116396617,0.9566997825083265
