target_id,prot_ps,prot_acf,prot_cs,e_prot_ps,E_prot_ps,e_prot_acf,E_prot_acf,e_prot_cs,E_prot_cs,sph_ps,sph_acf,sph_cs,h_ps,fa_prob_ps,hacf,gacf,hcs
7950108,62.892280115771655,58.97166140098125,53.75165228661985,12.857919478770533,21.752051793312674,-1.0,-1.0,2.497009787216253,2.497009787216253,385.5525593767154,390.7456788869204,382.63056578072997,4630.007393516216,0.0,0.189647317991994,0.15371583810894796,0.21202343180234756
