target_id,prot_ps,prot_acf,prot_cs,e_prot_ps,E_prot_ps,e_prot_acf,E_prot_acf,e_prot_cs,E_prot_cs,sph_ps,sph_acf,sph_cs,h_ps,fa_prob_ps,hacf,gacf,hcs
7909717,45.75950314953855,4.883647998794913,3.4539057910751376,6.724338230843422,9.52319726837979,-1.0,-1.0,0.015529306310006099,0.015529306310006099,974.1445950652138,932.4394769990623,908.8195556730685,2161.129929937059,0.0,0.11432255663945691,0.150212388784766,0.9228076001144703
