target_id,prot_ps,prot_acf,prot_cs,e_prot_ps,E_prot_ps,e_prot_acf,E_prot_acf,e_prot_cs,E_prot_cs,sph_ps,sph_acf,sph_cs,h_ps,fa_prob_ps,hacf,gacf,hcs
7958449,72.32587044048198,64.24513159319758,28.935238943574948,13.091720767537105,20.52059509084239,-1.0,-1.0,4.432664238229383,4.432664238229383,1166.2653887320891,1176.0020517258247,1120.6152466476053,24720.42354364693,0.0,0.19866483398270826,0.046572914923135776,0.8795688677351373
