target_id,prot_ps,prot_acf,prot_cs,e_prot_ps,E_prot_ps,e_prot_acf,E_prot_acf,e_prot_cs,E_prot_cs,sph_ps,sph_acf,sph_cs,h_ps,fa_prob_ps,hacf,gacf,hcs
8016509,72.44141265245133,58.46094010863453,54.10703086660572,10.606675173751555,14.998859971676694,-1.0,-1.0,1.9636862770068568,1.9636862770068568,2847.3250680857946,3109.467485134105,2928.866167334951,372356.9523383876,0.0,0.4737333090989659,0.19311415993096828,0.736047857640589
