target_id,prot_ps,prot_acf,prot_cs,e_prot_ps,E_prot_ps,e_prot_acf,E_prot_acf,e_prot_cs,E_prot_cs,sph_ps,sph_acf,sph_cs,h_ps,fa_prob_ps,hacf,gacf,hcs
8023308,72.32521956157369,65.32664516754448,28.934574942178717,35.98269629929039,7232.521956157194,-1.0,-1.0,5.216817959240646,5.216817959240646,527.4815108527018,512.6857051859071,497.59847658676756,31624.232168131995,0.0,0.42866192196846,0.21547134717857452,0.5202178679557398
