target_id,prot_ps,prot_acf,prot_cs,e_prot_ps,E_prot_ps,e_prot_acf,E_prot_acf,e_prot_cs,E_prot_cs,sph_ps,sph_acf,sph_cs,h_ps,fa_prob_ps,hacf,gacf,hcs
8008485,90.40752811560989,53.43405533814803,41.308305006316715,8.302616960391148,10.170674021300385,-1.0,-1.0,5.379946264939381,5.379946264939381,1095.740817813631,1047.8824562529262,1047.8690689581867,7985.796115413363,0.0,0.1400677056217735,0.009028562428494265,0.1407555927441741
