target_id,prot_ps,prot_acf,prot_cs,e_prot_ps,E_prot_ps,e_prot_acf,E_prot_acf,e_prot_cs,E_prot_cs,sph_ps,sph_acf,sph_cs,h_ps,fa_prob_ps,hacf,gacf,hcs
8085410,47.604711013157434,53.69970899820328,53.52684007197619,5.8975511745060345,7.840108558035475,-1.0,-1.0,4.09955032265173,4.09955032265173,1080.5504772985505,1043.011725891018,1043.512216608897,6041.1334950734135,0.0,0.21935036228917312,0.127133981226654,0.2263473772990214
