target_id,prot_ps,prot_acf,prot_cs,e_prot_ps,E_prot_ps,e_prot_acf,E_prot_acf,e_prot_cs,E_prot_cs,sph_ps,sph_acf,sph_cs,h_ps,fa_prob_ps,hacf,gacf,hcs
8024201,72.32520525837448,64.34581130836159,28.647087311019337,19.576045864088826,42.68039338480433,-1.0,-1.0,0.3723998682854527,0.3723998682854527,577.0238875764571,583.092301695531,539.7625953159732,47410.77101096738,0.0,0.5092622825715578,0.20948987160186253,0.7491184538207453
