target_id,prot_ps,prot_acf,prot_cs,e_prot_ps,E_prot_ps,e_prot_acf,E_prot_acf,e_prot_cs,E_prot_cs,sph_ps,sph_acf,sph_cs,h_ps,fa_prob_ps,hacf,gacf,hcs
8056871,36.16311406795838,36.147208200767636,36.35705399637561,3.9332628715767086,5.026720262223506,-1.0,-1.0,0.9036108950447725,0.9036108950447725,2231.8297197783936,2231.4499493583025,2236.01895092793,47758.37810407367,0.0,0.6336331755802477,0.2791344745024141,0.12437634134000618
