target_id,prot_ps,prot_acf,prot_cs,e_prot_ps,E_prot_ps,e_prot_acf,E_prot_acf,e_prot_cs,E_prot_cs,sph_ps,sph_acf,sph_cs,h_ps,fa_prob_ps,hacf,gacf,hcs
8016816,56.053256879424275,54.55825673416257,33.884355516638614,13.349511823973671,25.491506100105305,-1.0,-1.0,3.3530340785065427,3.3530340785065427,176.16098297178334,176.11778512767862,174.25419954565473,10092.866165781352,0.0,0.22617508002999648,0.12315947706148317,1.0143914649197439
