target_id,prot_ps,prot_acf,prot_cs,e_prot_ps,E_prot_ps,e_prot_acf,E_prot_acf,e_prot_cs,E_prot_cs,sph_ps,sph_acf,sph_cs,h_ps,fa_prob_ps,hacf,gacf,hcs
8043390,72.32520281545254,60.299930300563574,41.55551592731211,9.893267788525137,13.619161598938646,-1.0,-1.0,1.013204603950302,1.013204603950302,438.1810065173635,438.0078606791611,433.1855697676261,5643.904733541967,0.0,0.13960330438220156,0.08496383430901926,0.3023654117769356
