target_id,prot_ps,prot_acf,prot_cs,e_prot_ps,E_prot_ps,e_prot_acf,E_prot_acf,e_prot_cs,E_prot_cs,sph_ps,sph_acf,sph_cs,h_ps,fa_prob_ps,hacf,gacf,hcs
8022522,14.395709848917761,14.814469427801669,14.36500031938396,1.5875889371550258,2.036843685340017,-1.0,-1.0,0.5743230839942843,0.5743230839942843,2207.4676958749324,2177.9827879706054,2212.2103535279193,30556.17146973134,0.0,0.6609202527334492,0.34480364088911913,0.9227289046568558
