target_id,prot_ps,prot_acf,prot_cs,e_prot_ps,E_prot_ps,e_prot_acf,E_prot_acf,e_prot_cs,E_prot_cs,sph_ps,sph_acf,sph_cs,h_ps,fa_prob_ps,hacf,gacf,hcs
8098196,53.57494669516397,53.63850697176531,53.74794939350297,13.954015541623335,29.12643069893646,-1.0,-1.0,2.440184742512968,2.440184742512968,630.8086482359079,631.1051291581988,631.5739159594646,13832.859850228826,0.0,0.25118001162943077,0.13681792737908383,0.25112839854290275
