target_id,prot_ps,prot_acf,prot_cs,e_prot_ps,E_prot_ps,e_prot_acf,E_prot_acf,e_prot_cs,E_prot_cs,sph_ps,sph_acf,sph_cs,h_ps,fa_prob_ps,hacf,gacf,hcs
8021814,39.309852334934035,36.86242452263832,35.97212749578058,7.353925033444728,11.750332513478966,-1.0,-1.0,4.276066876479836,4.276066876479836,597.2938822002233,593.6799753652979,587.4424653504395,89214.52872210421,0.0,0.3530046761241667,0.1724485307260966,0.9053916239179177
