target_id,prot_ps,prot_acf,prot_cs,e_prot_ps,E_prot_ps,e_prot_acf,E_prot_acf,e_prot_cs,E_prot_cs,sph_ps,sph_acf,sph_cs,h_ps,fa_prob_ps,hacf,gacf,hcs
8078253,47.45537878108658,52.22853289358318,48.004070103904226,5.300563240979066,6.825270373473693,-1.0,-1.0,3.177295053876208,3.177295053876208,209.3476106324771,215.46959283851018,208.32446209345383,23898.968051936456,0.0,0.3659362874061972,0.220690193474179,0.812522391820547
