target_id,prot_ps,prot_acf,prot_cs,e_prot_ps,E_prot_ps,e_prot_acf,E_prot_acf,e_prot_cs,E_prot_cs,sph_ps,sph_acf,sph_cs,h_ps,fa_prob_ps,hacf,gacf,hcs
8092245,72.32532854296538,3.637209987267852,7.909705696469174,13.956733932325221,22.7287339828806,-1.0,-1.0,0.44133166003392843,0.44133166003392843,1300.6118445631573,1066.6242331762503,1196.0660645844505,21817.227114762452,0.0,0.18367016060743344,0.29160193906579635,7.72438198068081
