target_id,prot_ps,prot_acf,prot_cs,e_prot_ps,E_prot_ps,e_prot_acf,E_prot_acf,e_prot_cs,E_prot_cs,sph_ps,sph_acf,sph_cs,h_ps,fa_prob_ps,hacf,gacf,hcs
8024918,1.601937138550864,1.2464586081914604,-1.0,0.0400435650761215,0.042150851727442706,-1.0,-1.0,-1.0,-1.0,248.31112857667952,244.7939558077895,-1.0,16303.439424741575,0.0,0.05772019605329534,0.4501980294067447,0.40726257105180685
