target_id,prot_ps,prot_acf,prot_cs,e_prot_ps,E_prot_ps,e_prot_acf,E_prot_acf,e_prot_cs,E_prot_cs,sph_ps,sph_acf,sph_cs,h_ps,fa_prob_ps,hacf,gacf,hcs
8035021,72.32525708575987,58.29746883222833,28.67012856973885,11.36713722101473,16.578238179818356,-1.0,-1.0,0.46444489343570466,0.46444489343570466,524.7054477718034,522.433764830989,521.1752704064372,14924.812540832969,0.0,0.19941470160310887,0.10089944590358925,0.48501543793329965
