target_id,prot_ps,prot_acf,prot_cs,e_prot_ps,E_prot_ps,e_prot_acf,E_prot_acf,e_prot_cs,E_prot_cs,sph_ps,sph_acf,sph_cs,h_ps,fa_prob_ps,hacf,gacf,hcs
8075555,40.48330279054265,40.31572720082477,40.64902144126086,4.5709683437043935,5.904270250864002,-1.0,-1.0,2.497907851099719,2.497907851099719,5026.084367452131,5020.73422621921,5020.610757983142,10893854.361927683,0.0,1.1370445147496002,0.7178600521029402,0.9917686510409859
