target_id,prot_ps,prot_acf,prot_cs,e_prot_ps,E_prot_ps,e_prot_acf,E_prot_acf,e_prot_cs,E_prot_cs,sph_ps,sph_acf,sph_cs,h_ps,fa_prob_ps,hacf,gacf,hcs
8085114,76.70534461888712,89.41796367615461,46.51818350715562,10.597488465521195,14.643823103706154,-1.0,-1.0,7.395075561231625,7.395075561231625,889.7596536101333,892.7189554076514,893.0317197876917,24526.5500935568,0.0,0.030559984064912307,0.04032335141118859,0.7962613623684744
