target_id,prot_ps,prot_acf,prot_cs,e_prot_ps,E_prot_ps,e_prot_acf,E_prot_acf,e_prot_cs,E_prot_cs,sph_ps,sph_acf,sph_cs,h_ps,fa_prob_ps,hacf,gacf,hcs
8078130,53.57482090734577,54.14922279305756,54.21260901881176,9.422537877117065,14.53540119668861,-1.0,-1.0,1.4807010405203418,1.4807010405203418,831.1547394363787,865.0060512347169,864.7178490670567,12222.150409959495,0.0,0.21421107720835972,0.10742455441023503,0.07816545056758055
