target_id,prot_ps,prot_acf,prot_cs,e_prot_ps,E_prot_ps,e_prot_acf,E_prot_acf,e_prot_cs,E_prot_cs,sph_ps,sph_acf,sph_cs,h_ps,fa_prob_ps,hacf,gacf,hcs
8099238,23.569211764981713,3.657674925401807,4.23436122984349,3.465613546322725,4.909355380323245,-1.0,-1.0,0.15093157617512423,0.15093157617512423,473.6539743648028,444.26510666766023,444.9514017180939,584.7228346436027,1.1431401313278676e-254,0.10860671089643713,0.20721520221433107,0.3769633560082642
