target_id,prot_ps,prot_acf,prot_cs,e_prot_ps,E_prot_ps,e_prot_acf,E_prot_acf,e_prot_cs,E_prot_cs,sph_ps,sph_acf,sph_cs,h_ps,fa_prob_ps,hacf,gacf,hcs
8012732,52.17064241653866,54.128729914315045,52.782520300010106,6.109179642636327,7.977512212436039,-1.0,-1.0,1.3656720031910046,1.3656720031910046,321.010718053327,330.1798962044309,330.89328331134374,6882.469438216908,0.0,0.18755311825689813,0.11905102311724679,0.1470678316558732
