target_id,prot_ps,prot_acf,prot_cs,e_prot_ps,E_prot_ps,e_prot_acf,E_prot_acf,e_prot_cs,E_prot_cs,sph_ps,sph_acf,sph_cs,h_ps,fa_prob_ps,hacf,gacf,hcs
8024053,19.676601575456854,19.412016053684056,19.50123501589701,2.378238937214217,3.136412335212505,-1.0,-1.0,0.3640829140441184,0.3640829140441184,3069.425126140422,3077.9115274393707,3080.810260975175,383864.1688031799,0.0,1.025269216132425,0.5608259564190783,0.982914984317051
