target_id,prot_ps,prot_acf,prot_cs,e_prot_ps,E_prot_ps,e_prot_acf,E_prot_acf,e_prot_cs,E_prot_cs,sph_ps,sph_acf,sph_cs,h_ps,fa_prob_ps,hacf,gacf,hcs
8126029,72.86939959284594,53.638857789337635,45.96334304503164,9.839495587597455,13.479838886267132,-1.0,-1.0,0.9898695035515215,0.9898695035515215,244.78789257263082,238.36125227827634,245.54164445853766,49238.07312642856,0.0,0.23222360943255943,0.1670411959720384,16.307819695973727
