target_id,prot_ps,prot_acf,prot_cs,e_prot_ps,E_prot_ps,e_prot_acf,E_prot_acf,e_prot_cs,E_prot_cs,sph_ps,sph_acf,sph_cs,h_ps,fa_prob_ps,hacf,gacf,hcs
8197091,0.16770824466231768,0.18391004484146833,-1.0,-1.0,-1.0,-1.0,-1.0,-1.0,-1.0,1428.1706335123667,1425.4900796048732,-1.0,3723.8872911149897,0.0,0.47695626321618556,0.7005849975092746,0.0642653096779523
