target_id,prot_ps,prot_acf,prot_cs,e_prot_ps,E_prot_ps,e_prot_acf,E_prot_acf,e_prot_cs,E_prot_cs,sph_ps,sph_acf,sph_cs,h_ps,fa_prob_ps,hacf,gacf,hcs
8146379,54.657171822117746,56.11088826134801,54.280327045906766,7.609434119763051,10.545842756192002,-1.0,-1.0,1.9089394146310021,1.9089394146310021,1193.295775078386,1178.32284444586,1195.9988064359404,29444.318770019243,0.0,0.1711156315452545,0.16748599571698902,0.15205870769399887
