target_id,prot_ps,prot_acf,prot_cs,e_prot_ps,E_prot_ps,e_prot_acf,E_prot_acf,e_prot_cs,E_prot_cs,sph_ps,sph_acf,sph_cs,h_ps,fa_prob_ps,hacf,gacf,hcs
8110178,73.78732028914814,67.4721410293132,-1.0,7.2619306841682345,9.041632315560705,-1.0,-1.0,-1.0,-1.0,529.3882671372207,538.7301114229837,-1.0,10002.42567440382,0.0,0.2198871457776922,0.15155555470212861,0.04857674601676487
