target_id,prot_ps,prot_acf,prot_cs,e_prot_ps,E_prot_ps,e_prot_acf,E_prot_acf,e_prot_cs,E_prot_cs,sph_ps,sph_acf,sph_cs,h_ps,fa_prob_ps,hacf,gacf,hcs
8164149,47.60465503353697,19.350704807788134,47.407389442954134,10.392240401886617,18.445779476271355,-1.0,-1.0,1.1096000985568328,1.1096000985568328,894.3538952503167,868.9202700178442,895.320736393262,7678.333899328222,0.0,0.24443233102117284,0.04122617785347599,0.8060167571038233
