target_id,prot_ps,prot_acf,prot_cs,e_prot_ps,E_prot_ps,e_prot_acf,E_prot_acf,e_prot_cs,E_prot_cs,sph_ps,sph_acf,sph_cs,h_ps,fa_prob_ps,hacf,gacf,hcs
8181005,77.04924520784519,1.859466758556664,50.37729022931431,11.287104577605405,15.964429788467385,-1.0,-1.0,1.1887940688348706,1.1887940688348706,475.95361447610543,395.6967173302866,474.4728988246252,6128.695539718786,0.0,0.1849421329990829,0.28591140549867594,0.6887386840154119
