target_id,prot_ps,prot_acf,prot_cs,e_prot_ps,E_prot_ps,e_prot_acf,E_prot_acf,e_prot_cs,E_prot_cs,sph_ps,sph_acf,sph_cs,h_ps,fa_prob_ps,hacf,gacf,hcs
8126552,109.11190617240497,22.497244473081082,24.33741190362937,5.195804176818996,5.742730830006536,-1.0,-1.0,1.7686208108598391,1.7686208108598391,2172.7678749494503,2147.8756246137827,2175.4309811820012,30551.28750219313,0.0,0.2697650468638475,0.16241689804309736,1.1131186978562466
