target_id,prot_ps,prot_acf,prot_cs,e_prot_ps,E_prot_ps,e_prot_acf,E_prot_acf,e_prot_cs,E_prot_cs,sph_ps,sph_acf,sph_cs,h_ps,fa_prob_ps,hacf,gacf,hcs
8143599,3.9072430760691423,3.9028410920873284,3.939585536437443,0.330997789828094,0.3985177783603593,-1.0,-1.0,0.013101333732054543,0.013101333732054543,187.63791481764707,187.7413587745502,189.0738001713545,39455.31795290375,0.0,0.6394746452753539,0.7112911038361689,0.8276840642075589
