target_id,prot_ps,prot_acf,prot_cs,e_prot_ps,E_prot_ps,e_prot_acf,E_prot_acf,e_prot_cs,E_prot_cs,sph_ps,sph_acf,sph_cs,h_ps,fa_prob_ps,hacf,gacf,hcs
8198066,91.60623279377299,108.2178083434701,-1.0,24.050835469052558,50.64311278831377,-1.0,-1.0,-1.0,-1.0,1206.1254748291126,1247.0372439917742,-1.0,10823.231368218576,0.0,0.02783337713629097,0.0012161747168256232,0.4085683370195559
