target_id,prot_ps,prot_acf,prot_cs,e_prot_ps,E_prot_ps,e_prot_acf,E_prot_acf,e_prot_cs,E_prot_cs,sph_ps,sph_acf,sph_cs,h_ps,fa_prob_ps,hacf,gacf,hcs
8174198,25.568152737757845,23.457965852692723,52.56945599672658,4.190307056410337,6.233493531235371,-1.0,-1.0,1.2704176269914178,1.2704176269914178,358.01244338468223,357.7867385424776,363.58750569140335,34936.83460434681,0.0,0.31615479292189486,0.06461055298752319,1.7766631508151611
