target_id,prot_ps,prot_acf,prot_cs,e_prot_ps,E_prot_ps,e_prot_acf,E_prot_acf,e_prot_cs,E_prot_cs,sph_ps,sph_acf,sph_cs,h_ps,fa_prob_ps,hacf,gacf,hcs
8193315,1.3247051331507562,1.3281920249573886,-1.0,0.09679461960872549,0.11336091212649335,-1.0,-1.0,-1.0,-1.0,9393.919323423319,9382.09610802848,-1.0,307340.4684669993,0.0,0.6522859716165816,0.646873115835933,0.2071944699993868
