target_id,prot_ps,prot_acf,prot_cs,e_prot_ps,E_prot_ps,e_prot_acf,E_prot_acf,e_prot_cs,E_prot_cs,sph_ps,sph_acf,sph_cs,h_ps,fa_prob_ps,hacf,gacf,hcs
8143032,59.51288231434575,12.526135381311178,56.38048273187131,2.833946776873617,3.1322569639129227,-1.0,-1.0,7.444556869918983,7.444556869918983,580.9895033049394,563.1724468381831,580.9895033049394,1261.6179949080017,0.0,3.44067130257468e-05,0.03677970709348043,5.10553160334927
