target_id,prot_ps,prot_acf,prot_cs,e_prot_ps,E_prot_ps,e_prot_acf,E_prot_acf,e_prot_cs,E_prot_cs,sph_ps,sph_acf,sph_cs,h_ps,fa_prob_ps,hacf,gacf,hcs
8178937,56.75948394382038,62.11851507425308,56.77530109176411,8.110333728382436,11.35549571808884,-1.0,-1.0,11.957099461189799,11.957099461189799,372.1040315169186,366.88858920660914,372.06863952841,2053.5420083218587,0.0,0.1312833720105366,0.09506569307086388,0.24319404504282036
