target_id,prot_ps,prot_acf,prot_cs,e_prot_ps,E_prot_ps,e_prot_acf,E_prot_acf,e_prot_cs,E_prot_cs,sph_ps,sph_acf,sph_cs,h_ps,fa_prob_ps,hacf,gacf,hcs
8228225,62.53923695060969,51.88113755825907,53.28305362189768,31.114048234134174,6253.923695060914,-1.0,-1.0,2.0031777739636056,2.0031777739636056,211.96374537000634,196.48281403937355,203.7335811830428,4220.44462615405,0.0,0.09965656947495051,0.03300486373679522,0.18000037313878428
