target_id,prot_ps,prot_acf,prot_cs,e_prot_ps,E_prot_ps,e_prot_acf,E_prot_acf,e_prot_cs,E_prot_cs,sph_ps,sph_acf,sph_cs,h_ps,fa_prob_ps,hacf,gacf,hcs
8243448,49.8795138019525,42.54307429399341,19.70937671002466,24.815678508434083,4987.951380195389,-1.0,-1.0,2.5541567946283763,2.5541567946283763,1084.1091765228255,1085.1210994905373,1070.0320946010172,6049.76103705083,0.0,0.02016420231551811,0.004871340365538559,1.7404543019772856
