target_id,prot_ps,prot_acf,prot_cs,e_prot_ps,E_prot_ps,e_prot_acf,E_prot_acf,e_prot_cs,E_prot_cs,sph_ps,sph_acf,sph_cs,h_ps,fa_prob_ps,hacf,gacf,hcs
8284909,74.13711438765418,74.29662400111556,40.256264836248015,21.648070933566785,52.03874521161822,-1.0,-1.0,3.665372685382727,3.665372685382727,596.200267044688,596.1364166947,596.6992589295032,1384.2491240236686,0.0,0.014261610232763112,0.01849694252866188,0.2512845716440937
