target_id,prot_ps,prot_acf,prot_cs,e_prot_ps,E_prot_ps,e_prot_acf,E_prot_acf,e_prot_cs,E_prot_cs,sph_ps,sph_acf,sph_cs,h_ps,fa_prob_ps,hacf,gacf,hcs
8230345,52.70519336890188,56.41746161924675,52.75083745663985,8.967355251879795,13.592741705401345,-1.0,-1.0,3.438945758996586,3.438945758996586,1396.60589361645,1438.7709323195754,1396.4720543883523,13357.428267963567,0.0,0.29657707195275596,0.19850702631466915,0.23074388448010286
