target_id,prot_ps,prot_acf,prot_cs,e_prot_ps,E_prot_ps,e_prot_acf,E_prot_acf,e_prot_cs,E_prot_cs,sph_ps,sph_acf,sph_cs,h_ps,fa_prob_ps,hacf,gacf,hcs
8250792,47.60479646351456,2.26814237376675,4.1482484981836745,8.402420167706858,12.986885442985177,-1.0,-1.0,0.29947337206090135,0.29947337206090135,397.85703054384743,354.5289842154529,372.38076231920036,2275.3258702374646,0.0,0.03359450558209316,0.21873864148236905,2.6352411809944094
