target_id,prot_ps,prot_acf,prot_cs,e_prot_ps,E_prot_ps,e_prot_acf,E_prot_acf,e_prot_cs,E_prot_cs,sph_ps,sph_acf,sph_cs,h_ps,fa_prob_ps,hacf,gacf,hcs
8216813,39.88494322070766,41.64382022526115,23.42413803493475,5.615997159221216,7.817475562017478,-1.0,-1.0,4.268890382859348,4.268890382859348,909.8709782979757,910.9863994068307,893.9374369144923,20811.575648927977,0.0,0.12348428634798911,0.03506693155604642,0.3298157752755189
