target_id,prot_ps,prot_acf,prot_cs,e_prot_ps,E_prot_ps,e_prot_acf,E_prot_acf,e_prot_cs,E_prot_cs,sph_ps,sph_acf,sph_cs,h_ps,fa_prob_ps,hacf,gacf,hcs
8283672,59.97671267647121,54.55621272325516,57.451605754202596,2.856034420149662,3.1566696784849384,-1.0,-1.0,9.318064541483972,9.318064541483972,1110.0021372205904,1110.0021372205904,1110.0021372205904,7675.128671038623,0.0,0.3340171461423848,0.2697456217122401,0.1097823753377593
