target_id,prot_ps,prot_acf,prot_cs,e_prot_ps,E_prot_ps,e_prot_acf,E_prot_acf,e_prot_cs,E_prot_cs,sph_ps,sph_acf,sph_cs,h_ps,fa_prob_ps,hacf,gacf,hcs
8250986,46.38618668645585,82.57280634529889,45.88319153283273,6.649787375157864,9.322752030478668,-1.0,-1.0,1.352439660048967,1.352439660048967,460.3960783551185,458.55509383049736,460.47170381622493,1549.560498830077,0.0,0.021393597722611873,0.03554426500911587,0.3850562269577615
