target_id,prot_ps,prot_acf,prot_cs,e_prot_ps,E_prot_ps,e_prot_acf,E_prot_acf,e_prot_cs,E_prot_cs,sph_ps,sph_acf,sph_cs,h_ps,fa_prob_ps,hacf,gacf,hcs
8241187,74.13734852171977,57.13256840966642,29.945761920618367,20.749030321160106,47.129646274496906,-1.0,-1.0,10.9311089791947,10.9311089791947,1067.9492473573546,1053.8542678319975,997.8185339500317,7793.472831277446,0.0,0.11492325155524365,0.040363381934695186,0.15598945162417693
