target_id,prot_ps,prot_acf,prot_cs,e_prot_ps,E_prot_ps,e_prot_acf,E_prot_acf,e_prot_cs,E_prot_cs,sph_ps,sph_acf,sph_cs,h_ps,fa_prob_ps,hacf,gacf,hcs
8278371,92.92754195283113,69.39288217574358,46.259169217759194,12.31534019420856,16.75676255608515,-1.0,-1.0,12.309702329177307,12.309702329177307,374.538493670704,373.29603829642843,372.0727513037652,17167.68807854481,0.0,0.0764548893125291,0.03831284858723343,1.0731004353700273
