target_id,prot_ps,prot_acf,prot_cs,e_prot_ps,E_prot_ps,e_prot_acf,E_prot_acf,e_prot_cs,E_prot_cs,sph_ps,sph_acf,sph_cs,h_ps,fa_prob_ps,hacf,gacf,hcs
8283255,32.14498416672716,27.340280869044363,13.06387277130503,15.992529436182668,3214.49841667269,-1.0,-1.0,1.3072509039998177,1.3072509039998177,971.11018456781,946.7489111279884,933.1292637402158,50346.7393564406,0.0,0.3493327361950081,0.1486466189104327,0.6208815061430125
