target_id,prot_ps,prot_acf,prot_cs,e_prot_ps,E_prot_ps,e_prot_acf,E_prot_acf,e_prot_cs,E_prot_cs,sph_ps,sph_acf,sph_cs,h_ps,fa_prob_ps,hacf,gacf,hcs
8229922,72.32608377638927,57.582140856422484,53.6346195314293,17.90000265428833,35.44418524732963,-1.0,-1.0,2.3511964781251633,2.3511964781251633,1309.1233475254116,1292.8226845067932,1247.9164419711612,19174.058007013562,0.0,0.30772947671489104,0.18579114125104873,0.14823550674743122
