target_id,prot_ps,prot_acf,prot_cs,e_prot_ps,E_prot_ps,e_prot_acf,E_prot_acf,e_prot_cs,E_prot_cs,sph_ps,sph_acf,sph_cs,h_ps,fa_prob_ps,hacf,gacf,hcs
8280711,87.68646605221322,85.57842109724879,40.92499866784551,17.368166242991606,28.762026024927238,-1.0,-1.0,3.1046904497678214,3.1046904497678214,732.9024563112202,732.8696922001645,700.8891200082284,5119.400424945382,0.0,0.08506013706605313,0.020226379279726755,0.14115351871414308
