target_id,prot_ps,prot_acf,prot_cs,e_prot_ps,E_prot_ps,e_prot_acf,E_prot_acf,e_prot_cs,E_prot_cs,sph_ps,sph_acf,sph_cs,h_ps,fa_prob_ps,hacf,gacf,hcs
8242460,14.75746161368861,14.834877485409379,14.75620768056251,1.9297264914089052,2.613125533890253,-1.0,-1.0,0.6985983774683359,0.6985983774683359,2967.4552512815435,2965.49433014501,2967.7513660330324,132930.13651091902,0.0,0.667597341105769,0.34783024731410517,0.9913502739081256
