target_id,prot_ps,prot_acf,prot_cs,e_prot_ps,E_prot_ps,e_prot_acf,E_prot_acf,e_prot_cs,E_prot_cs,sph_ps,sph_acf,sph_cs,h_ps,fa_prob_ps,hacf,gacf,hcs
8212656,90.40770438575142,99.3894112110138,46.80502178714316,15.020966125031194,22.49637529637981,-1.0,-1.0,1.8164968404786588,1.8164968404786588,826.0697751312542,809.4331781278015,812.1952630114498,10988.49109515335,0.0,0.10834280346918881,0.14503900424926014,0.2120513376424765
