target_id,prot_ps,prot_acf,prot_cs,e_prot_ps,E_prot_ps,e_prot_acf,E_prot_acf,e_prot_cs,E_prot_cs,sph_ps,sph_acf,sph_cs,h_ps,fa_prob_ps,hacf,gacf,hcs
8256543,30.13552325490378,30.548445116728544,30.51847897644922,2.8899963495617946,3.575842948661908,-1.0,-1.0,0.6736977758732001,0.6736977758732001,809.0372367692695,795.4910055278767,795.6178466735948,44040.71274985944,0.0,0.48112634057353276,0.4135559718757931,0.08008237474123998
