target_id,prot_ps,prot_acf,prot_cs,e_prot_ps,E_prot_ps,e_prot_acf,E_prot_acf,e_prot_cs,E_prot_cs,sph_ps,sph_acf,sph_cs,h_ps,fa_prob_ps,hacf,gacf,hcs
8322336,13.35965898562598,13.057137686759233,13.169870005819421,1.9208303661015584,2.6961171852625085,-1.0,-1.0,0.8825656081991865,0.8825656081991865,1166.8725501750016,1166.6817541923058,1168.2656615106503,9840.347860635518,0.0,0.4445568243030553,0.2839847368249379,0.9821091158436328
