target_id,prot_ps,prot_acf,prot_cs,e_prot_ps,E_prot_ps,e_prot_acf,E_prot_acf,e_prot_cs,E_prot_cs,sph_ps,sph_acf,sph_cs,h_ps,fa_prob_ps,hacf,gacf,hcs
8398332,72.3261823351892,74.62393937259912,28.361592379622163,30.591515236076717,198.55849907365646,-1.0,-1.0,3.6832764062974874,3.6832764062974874,1253.5474118031862,1251.7849229442259,1221.942019763458,28878.490048448315,0.0,0.4729992475627941,0.205619691655566,0.9783730667855424
