target_id,prot_ps,prot_acf,prot_cs,e_prot_ps,E_prot_ps,e_prot_acf,E_prot_acf,e_prot_cs,E_prot_cs,sph_ps,sph_acf,sph_cs,h_ps,fa_prob_ps,hacf,gacf,hcs
8379151,24.108721476582513,21.394097737502307,22.656901214271787,4.663105783290288,7.605035899155499,-1.0,-1.0,2.6751122759196275,2.6751122759196275,899.2621229174583,902.0837287757956,895.6538962730441,5148.989322082445,0.0,0.3559088024020103,0.15659968706049457,0.4119342583005318
