target_id,prot_ps,prot_acf,prot_cs,e_prot_ps,E_prot_ps,e_prot_acf,E_prot_acf,e_prot_cs,E_prot_cs,sph_ps,sph_acf,sph_cs,h_ps,fa_prob_ps,hacf,gacf,hcs
8329464,3.715901305781847,3.6986340819858015,3.753586054990034,0.33817617619245155,0.41342623986807725,-1.0,-1.0,0.10128684166066357,0.10128684166066357,1317.6190738592854,1315.9971125688485,1311.74144037014,39862.7302067131,0.0,1.0995076150281096,0.8502476595677523,0.9527766831774197
