target_id,prot_ps,prot_acf,prot_cs,e_prot_ps,E_prot_ps,e_prot_acf,E_prot_acf,e_prot_cs,E_prot_cs,sph_ps,sph_acf,sph_cs,h_ps,fa_prob_ps,hacf,gacf,hcs
8380058,10.794941785467524,10.89116095378995,10.854978773725348,1.0880090073431816,1.3626984306498269,-1.0,-1.0,0.13836161861041293,0.13836161861041293,3418.8183712248624,3396.546331579481,3410.0258618270395,326062.999595264,0.0,0.8657571494481411,0.5775483495167961,0.3377709886269058
