target_id,prot_ps,prot_acf,prot_cs,e_prot_ps,E_prot_ps,e_prot_acf,E_prot_acf,e_prot_cs,E_prot_cs,sph_ps,sph_acf,sph_cs,h_ps,fa_prob_ps,hacf,gacf,hcs
8321314,26.300087475394317,25.991714604198933,26.54923910299401,3.7413082403940408,5.229009468008805,-1.0,-1.0,0.3209427136723656,0.3209427136723656,1193.6039359883503,1188.7291314253232,1193.3137138069976,36748.55831048692,0.0,0.31893968062935873,0.10946797543952212,0.9587402751594515
