target_id,prot_ps,prot_acf,prot_cs,e_prot_ps,E_prot_ps,e_prot_acf,E_prot_acf,e_prot_cs,E_prot_cs,sph_ps,sph_acf,sph_cs,h_ps,fa_prob_ps,hacf,gacf,hcs
8395942,9.814977470821766,9.767415971495211,9.869147582452646,0.9933484341636998,1.2454449446901759,-1.0,-1.0,0.32779254704475097,0.32779254704475097,1530.8517394324062,1518.4253071696628,1557.628810035253,17227.910332642543,0.0,0.6235698828590039,0.498558217590915,0.9790234475670906
