target_id,prot_ps,prot_acf,prot_cs,e_prot_ps,E_prot_ps,e_prot_acf,E_prot_acf,e_prot_cs,E_prot_cs,sph_ps,sph_acf,sph_cs,h_ps,fa_prob_ps,hacf,gacf,hcs
8312970,73.78728363029515,0.8582143122330308,3.848244022084706,13.371353289220565,20.9723606736882,-1.0,-1.0,0.07137109103862516,0.07137109103862516,3271.731845185087,2233.0768034417188,2698.202078511379,130212.18642819267,0.0,0.3436326463540835,0.46627648868216826,0.7666263532577213
