target_id,prot_ps,prot_acf,prot_cs,e_prot_ps,E_prot_ps,e_prot_acf,E_prot_acf,e_prot_cs,E_prot_cs,sph_ps,sph_acf,sph_cs,h_ps,fa_prob_ps,hacf,gacf,hcs
8331471,52.170783239628484,24.888247950933874,52.58885433900536,6.9328229633693255,9.442357590477826,-1.0,-1.0,1.5060560929883124,1.5060560929883124,1883.3961586931016,1826.4420044097496,1893.4615816819517,6949.959908293399,0.0,0.2780133133275582,0.05535039647198341,0.2978635009020501
