target_id,prot_ps,prot_acf,prot_cs,e_prot_ps,E_prot_ps,e_prot_acf,E_prot_acf,e_prot_cs,E_prot_cs,sph_ps,sph_acf,sph_cs,h_ps,fa_prob_ps,hacf,gacf,hcs
8391513,73.78726770081332,58.72646769415587,46.10538556612096,9.331249947442544,12.490346268290281,-1.0,-1.0,1.708812753023178,1.708812753023178,790.7029390092347,789.6374873056104,792.4644346171666,13386.38353183179,0.0,0.17603855269504293,0.04445350043423355,0.13260856318841996
