target_id,prot_ps,prot_acf,prot_cs,e_prot_ps,E_prot_ps,e_prot_acf,E_prot_acf,e_prot_cs,E_prot_cs,sph_ps,sph_acf,sph_cs,h_ps,fa_prob_ps,hacf,gacf,hcs
8328240,72.32611000179996,74.56256345286965,-1.0,8.400420673935031,10.942220802409722,-1.0,-1.0,-1.0,-1.0,782.580816799732,782.8187248178174,-1.0,26059.963792092098,0.0,0.35109765882411104,0.2973932688957759,0.06293133578697986
