target_id,prot_ps,prot_acf,prot_cs,e_prot_ps,E_prot_ps,e_prot_acf,E_prot_acf,e_prot_cs,E_prot_cs,sph_ps,sph_acf,sph_cs,h_ps,fa_prob_ps,hacf,gacf,hcs
8331322,10.742298949789165,10.686861724127084,10.723641979623405,1.2972808496429948,1.7103863662074925,-1.0,-1.0,0.12322283443303213,0.12322283443303213,1721.9273843420403,1734.2606078366828,1734.6313785443094,347622.7182730636,0.0,0.8909196587426573,0.5013334728954743,0.9677871344592477
