target_id,prot_ps,prot_acf,prot_cs,e_prot_ps,E_prot_ps,e_prot_acf,E_prot_acf,e_prot_cs,E_prot_cs,sph_ps,sph_acf,sph_cs,h_ps,fa_prob_ps,hacf,gacf,hcs
8360515,21.70189298805484,21.84369070082903,21.495079124098346,2.5084167982222283,3.2626430417041377,-1.0,-1.0,0.21168878020472356,0.21168878020472356,2510.3835522853274,2476.771158643788,2505.618779223674,71837.95431172474,0.0,0.6115388694655193,0.26735187605822325,0.9602846692179634
