target_id,prot_ps,prot_acf,prot_cs,e_prot_ps,E_prot_ps,e_prot_acf,E_prot_acf,e_prot_cs,E_prot_cs,sph_ps,sph_acf,sph_cs,h_ps,fa_prob_ps,hacf,gacf,hcs
8330842,68.70620950241063,54.170081119053066,51.48405427518301,4.968201245833448,5.80819119559078,-1.0,-1.0,4.452428849292637,4.452428849292637,1307.2958135362335,1298.629433592062,1299.6443912512018,6190.9345028498665,0.0,0.0853155972870428,0.04810543883991277,0.2154025537244182
