target_id,prot_ps,prot_acf,prot_cs,e_prot_ps,E_prot_ps,e_prot_acf,E_prot_acf,e_prot_cs,E_prot_cs,sph_ps,sph_acf,sph_cs,h_ps,fa_prob_ps,hacf,gacf,hcs
8360433,8.361395115912105,8.398244840092957,8.44505622006013,0.8477719503408512,1.0634135110593341,-1.0,-1.0,0.05620306281847228,0.05620306281847228,4362.48651505137,4329.761823306121,4328.47945487103,140101.12656523497,0.0,0.7771811517246919,0.6143984898183081,0.9105945140378406
