target_id,prot_ps,prot_acf,prot_cs,e_prot_ps,E_prot_ps,e_prot_acf,E_prot_acf,e_prot_cs,E_prot_cs,sph_ps,sph_acf,sph_cs,h_ps,fa_prob_ps,hacf,gacf,hcs
8311255,0.2866671800678303,0.3065055515617132,-1.0,0.01398733780087813,0.015499910568764652,-1.0,-1.0,-1.0,-1.0,137052.10824272482,137041.7940778352,-1.0,159262416.5047565,0.0,1.0712421947634927,0.5930043479442972,0.04587786576362291
