target_id,prot_ps,prot_acf,prot_cs,e_prot_ps,E_prot_ps,e_prot_acf,E_prot_acf,e_prot_cs,E_prot_cs,sph_ps,sph_acf,sph_cs,h_ps,fa_prob_ps,hacf,gacf,hcs
8396660,20.241521428797228,20.168197200167924,20.355592027996593,2.0764608370395585,2.6124539841740066,-1.0,-1.0,0.6207959927439902,0.6207959927439902,317.03205951825146,316.5909424510861,315.5564403140393,104847.52681290111,0.0,0.570981450314615,0.33239507841732696,0.7340754395347937
