target_id,prot_ps,prot_acf,prot_cs,e_prot_ps,E_prot_ps,e_prot_acf,E_prot_acf,e_prot_cs,E_prot_cs,sph_ps,sph_acf,sph_cs,h_ps,fa_prob_ps,hacf,gacf,hcs
8374436,69.39907950029956,58.62442208034918,7.174168944442649,10.57785067289285,15.21645307339871,-1.0,-1.0,0.1666403330382045,0.1666403330382045,283.3712859553382,280.84443113838415,260.7768754655349,4262.770441956027,0.0,0.061999249814808095,0.025770590230814648,0.42584689644463636
