target_id,prot_ps,prot_acf,prot_cs,e_prot_ps,E_prot_ps,e_prot_acf,E_prot_acf,e_prot_cs,E_prot_cs,sph_ps,sph_acf,sph_cs,h_ps,fa_prob_ps,hacf,gacf,hcs
8358070,90.40764855122116,67.5742464880459,46.10537505921907,20.26534775676747,36.73324704453728,-1.0,-1.0,5.874494604608214,5.874494604608214,633.69270268912,633.6828241685146,615.085970726824,17904.912004353704,0.0,0.21558950131612792,0.07803620253005164,1.969772944523678
