target_id,prot_ps,prot_acf,prot_cs,e_prot_ps,E_prot_ps,e_prot_acf,E_prot_acf,e_prot_cs,E_prot_cs,sph_ps,sph_acf,sph_cs,h_ps,fa_prob_ps,hacf,gacf,hcs
8366044,23.569169956473946,20.679150100797415,23.4258806902729,2.866761312327423,3.7883225283530066,-1.0,-1.0,2.6135826373295012,2.6135826373295012,488.49145078422316,461.3171888732889,488.19673065321984,1290.4546683826554,0.0,0.11982834877501661,0.12497282954144572,0.31190193768120306
