target_id,prot_ps,prot_acf,prot_cs,e_prot_ps,E_prot_ps,e_prot_acf,E_prot_acf,e_prot_cs,E_prot_cs,sph_ps,sph_acf,sph_cs,h_ps,fa_prob_ps,hacf,gacf,hcs
8300910,65.75104335283824,0.8377820700407028,1.0929438641194216,32.711961867083694,6575.10433528378,-1.0,-1.0,0.056346432822571076,0.056346432822571076,514.2603285305436,404.7221144451638,409.7750886680801,6120.920286751711,0.0,0.01615455670617369,0.3500069438990658,0.2438995972685068
