target_id,prot_ps,prot_acf,prot_cs,e_prot_ps,E_prot_ps,e_prot_acf,E_prot_acf,e_prot_cs,E_prot_cs,sph_ps,sph_acf,sph_cs,h_ps,fa_prob_ps,hacf,gacf,hcs
8364211,89.96533107301794,58.3977171164006,-1.0,4.284063384429416,4.7350174248956876,-1.0,-1.0,-1.0,-1.0,1698.7757946227828,1698.7757946227828,-1.0,12540.74071344324,0.0,0.1428101322425645,0.012455420530366893,0.6833602729972271
