target_id,prot_ps,prot_acf,prot_cs,e_prot_ps,E_prot_ps,e_prot_acf,E_prot_acf,e_prot_cs,E_prot_cs,sph_ps,sph_acf,sph_cs,h_ps,fa_prob_ps,hacf,gacf,hcs
8373665,72.21312201826363,76.01348591968417,37.95341091730165,9.81570157585292,13.480397196424548,-1.0,-1.0,2.289370151088136,2.289370151088136,987.6629886989629,1105.8653086264806,976.7008664279537,19078.801987435338,0.0,0.2742563335868149,0.20029321264865171,1.3899332209811284
