target_id,prot_ps,prot_acf,prot_cs,e_prot_ps,E_prot_ps,e_prot_acf,E_prot_acf,e_prot_cs,E_prot_cs,sph_ps,sph_acf,sph_cs,h_ps,fa_prob_ps,hacf,gacf,hcs
8373723,19.94222680695298,20.249802875332534,19.794477595184247,2.053688801529841,2.5863920359240247,-1.0,-1.0,0.2674028678338667,0.2674028678338667,5558.628126982435,5653.9345780083695,5502.5541674893475,796548.8862213135,0.0,1.0473452909340595,0.5092659385195638,0.9689498148437775
