target_id,prot_ps,prot_acf,prot_cs,e_prot_ps,E_prot_ps,e_prot_acf,E_prot_acf,e_prot_cs,E_prot_cs,sph_ps,sph_acf,sph_cs,h_ps,fa_prob_ps,hacf,gacf,hcs
8435563,25.443880194457034,29.853635959792882,29.514640873842875,3.484518637741566,4.798940653670968,-1.0,-1.0,1.9888290654099405,1.9888290654099405,1041.6412056991073,1053.9727150540045,1055.035610355943,7050.541879533747,0.0,0.36993068182217137,0.17339327752178169,1.178738825675193
