target_id,prot_ps,prot_acf,prot_cs,e_prot_ps,E_prot_ps,e_prot_acf,E_prot_acf,e_prot_cs,E_prot_cs,sph_ps,sph_acf,sph_cs,h_ps,fa_prob_ps,hacf,gacf,hcs
8425175,26.777481978850048,26.482082672417164,26.827875927266266,3.2277285103037876,4.253042804291248,-1.0,-1.0,1.8277465228630545,1.8277465228630545,2461.34377679853,2454.6219496129165,2459.3824192210514,19766.392472228974,0.0,0.42341472029226246,0.16273486803380535,0.9987489042053838
