target_id,prot_ps,prot_acf,prot_cs,e_prot_ps,E_prot_ps,e_prot_acf,E_prot_acf,e_prot_cs,E_prot_cs,sph_ps,sph_acf,sph_cs,h_ps,fa_prob_ps,hacf,gacf,hcs
8432782,90.40760110524137,62.3636216763407,39.08311006156728,12.125588318791216,16.57050484080436,-1.0,-1.0,5.346310336800416,5.346310336800416,653.7765011377783,647.1943333730017,643.9332772521566,3633.9574084042165,0.0,0.16054504205857104,0.08681342601991883,0.2610686416177822
