target_id,prot_ps,prot_acf,prot_cs,e_prot_ps,E_prot_ps,e_prot_acf,E_prot_acf,e_prot_cs,E_prot_cs,sph_ps,sph_acf,sph_cs,h_ps,fa_prob_ps,hacf,gacf,hcs
8474978,72.87002708410402,56.51963401213288,53.18423999195918,14.95569218190785,25.369090486707833,-1.0,-1.0,2.411619778690105,2.411619778690105,287.8194769218305,288.95434562826614,283.66888187360297,16478.810597450185,0.0,0.28272345733327026,0.1314933936675368,0.07756872549290353
