target_id,prot_ps,prot_acf,prot_cs,e_prot_ps,E_prot_ps,e_prot_acf,E_prot_acf,e_prot_cs,E_prot_cs,sph_ps,sph_acf,sph_cs,h_ps,fa_prob_ps,hacf,gacf,hcs
8429409,72.86911333948396,57.561928854323924,6.024945988270688,9.902635420290991,13.5986432346226,-1.0,-1.0,0.08853389063347249,0.08853389063347249,161.179770076289,161.4094588208076,149.18542587758245,4726.4889513287,0.0,0.08766264399822771,0.04116499915070471,1.1015279130458235
