target_id,prot_ps,prot_acf,prot_cs,e_prot_ps,E_prot_ps,e_prot_acf,E_prot_acf,e_prot_cs,E_prot_cs,sph_ps,sph_acf,sph_cs,h_ps,fa_prob_ps,hacf,gacf,hcs
8424372,52.170708284101806,56.62170448154211,52.88861391881332,5.613276677867148,7.152391363096925,-1.0,-1.0,1.2633671149899162,1.2633671149899162,1415.9589549304355,1456.243010538521,1472.701227567719,12831.045366790897,0.0,0.20566711469893958,0.07789779748591345,0.0880251378057765
