target_id,prot_ps,prot_acf,prot_cs,e_prot_ps,E_prot_ps,e_prot_acf,E_prot_acf,e_prot_cs,E_prot_cs,sph_ps,sph_acf,sph_cs,h_ps,fa_prob_ps,hacf,gacf,hcs
8416480,41.329265360547325,35.20725256903097,16.38659554568119,6.398885056772826,9.269097754377142,-1.0,-1.0,1.2535017954665857,1.2535017954665857,582.2484914349398,579.6497202006743,572.9659095748375,2626.931659180742,0.0,0.13336764366105922,0.08409011372695348,0.6440593438744621
