target_id,prot_ps,prot_acf,prot_cs,e_prot_ps,E_prot_ps,e_prot_acf,E_prot_acf,e_prot_cs,E_prot_cs,sph_ps,sph_acf,sph_cs,h_ps,fa_prob_ps,hacf,gacf,hcs
8440019,14.232116067474099,14.078871719539165,14.095851628206225,1.6578690936439227,2.16142988309743,-1.0,-1.0,0.6649047098709208,0.6649047098709208,3749.414217997728,3739.8605992893977,3739.1153018597524,52293.602930874964,0.0,0.6774802312907351,0.3963007516311242,0.9754136986032603
