target_id,prot_ps,prot_acf,prot_cs,e_prot_ps,E_prot_ps,e_prot_acf,E_prot_acf,e_prot_cs,E_prot_cs,sph_ps,sph_acf,sph_cs,h_ps,fa_prob_ps,hacf,gacf,hcs
8458982,73.0321941589906,68.20808755978942,46.2762484016357,9.155122695729773,12.218473817596205,-1.0,-1.0,1.4084655796245689,1.4084655796245689,308.10002956537903,307.4523285946029,308.33686760586016,86487.8419469467,0.0,0.3390947035068011,0.2245273851887812,1.001823813049666
