target_id,prot_ps,prot_acf,prot_cs,e_prot_ps,E_prot_ps,e_prot_acf,E_prot_acf,e_prot_cs,E_prot_cs,sph_ps,sph_acf,sph_cs,h_ps,fa_prob_ps,hacf,gacf,hcs
8416925,11.519293741014119,11.606326095759869,11.51600926240906,1.3664080508646972,1.791395409421236,-1.0,-1.0,0.47542964463569776,0.47542964463569776,2175.831621017932,2165.444189625206,2176.857098294778,164936.13368498746,0.0,0.9742071351995798,0.5143533344796629,0.9607082970152451
