target_id,prot_ps,prot_acf,prot_cs,e_prot_ps,E_prot_ps,e_prot_acf,E_prot_acf,e_prot_cs,E_prot_cs,sph_ps,sph_acf,sph_cs,h_ps,fa_prob_ps,hacf,gacf,hcs
8423138,39.883845431053025,43.62590812379494,21.380986053589726,6.040849294756079,8.665960255426938,-1.0,-1.0,2.267216350257181,2.267216350257181,1913.439600752386,1870.4324320047033,1844.571655698161,14248.5333892888,0.0,0.32036988811655126,0.129699450161059,0.34803982592579963
