target_id,prot_ps,prot_acf,prot_cs,e_prot_ps,E_prot_ps,e_prot_acf,E_prot_acf,e_prot_cs,E_prot_cs,sph_ps,sph_acf,sph_cs,h_ps,fa_prob_ps,hacf,gacf,hcs
8491752,72.3258035569344,65.12374292360619,35.26061408136277,11.492166212579306,16.84546765366653,-1.0,-1.0,4.802935564351511,4.802935564351511,452.38613037494815,444.40040321485486,450.1676909674461,8608.72088032457,0.0,0.1577638837323871,0.07111823574832118,0.1671980965899014
