target_id,prot_ps,prot_acf,prot_cs,e_prot_ps,E_prot_ps,e_prot_acf,E_prot_acf,e_prot_cs,E_prot_cs,sph_ps,sph_acf,sph_cs,h_ps,fa_prob_ps,hacf,gacf,hcs
8490107,53.37496992094663,54.72159497998655,53.85703448291555,10.975438088684925,18.642182098648824,-1.0,-1.0,1.7835847791903217,1.7835847791903217,800.409215049938,781.0479105772536,798.3931104724621,29283.85327144181,0.0,0.4402809546398252,0.17980767071359963,0.1682260497547897
