target_id,prot_ps,prot_acf,prot_cs,e_prot_ps,E_prot_ps,e_prot_acf,E_prot_acf,e_prot_cs,E_prot_cs,sph_ps,sph_acf,sph_cs,h_ps,fa_prob_ps,hacf,gacf,hcs
8446150,37.09031468698638,7.51960115134716,52.32236197602726,5.1895018495256195,7.205945704220277,-1.0,-1.0,6.9418603997503805,6.9418603997503805,757.2764238771304,708.6753376182504,756.083654448424,5649.423990914706,0.0,0.1177146415590193,0.1410938477847355,0.4475278844407795
