target_id,prot_ps,prot_acf,prot_cs,e_prot_ps,E_prot_ps,e_prot_acf,E_prot_acf,e_prot_cs,E_prot_cs,sph_ps,sph_acf,sph_cs,h_ps,fa_prob_ps,hacf,gacf,hcs
8478250,52.91772599785296,52.963251650333405,53.539643359390325,7.295050639950354,10.072043173720061,-1.0,-1.0,1.3270971684896935,1.3270971684896935,319.7668291281469,319.84660402639787,320.04763541460295,8298.811655783677,0.0,0.14836509173590112,0.08423378159483977,0.07480230187232785
