target_id,prot_ps,prot_acf,prot_cs,e_prot_ps,E_prot_ps,e_prot_acf,E_prot_acf,e_prot_cs,E_prot_cs,sph_ps,sph_acf,sph_cs,h_ps,fa_prob_ps,hacf,gacf,hcs
8510718,44.98294465597693,44.81006797682494,45.6236019873583,2.142044802425751,2.3675231816005677,-1.0,-1.0,2.4813713503768957,2.4813713503768957,909.31070837294,909.31070837294,909.31070837294,865.867028682203,0.0,0.10729774471240205,0.02778910272275571,0.1860496286010823
