target_id,prot_ps,prot_acf,prot_cs,e_prot_ps,E_prot_ps,e_prot_acf,E_prot_acf,e_prot_cs,E_prot_cs,sph_ps,sph_acf,sph_cs,h_ps,fa_prob_ps,hacf,gacf,hcs
8509203,10.353666874003922,10.380342163145542,10.345400984826785,0.9821489471571656,1.2121105942696548,-1.0,-1.0,0.09366990006624133,0.09366990006624133,1100.7459849436652,1103.4206197693386,1100.9325534758036,51333.47838959093,0.0,0.9132959596090026,0.5305108581886444,0.9458494981623252
