target_id,prot_ps,prot_acf,prot_cs,e_prot_ps,E_prot_ps,e_prot_acf,E_prot_acf,e_prot_cs,E_prot_cs,sph_ps,sph_acf,sph_cs,h_ps,fa_prob_ps,hacf,gacf,hcs
8539618,72.213314680391,61.26039228308946,53.98406928912572,11.037511938174767,15.89713789796238,-1.0,-1.0,1.0387923817832017,1.0387923817832017,1274.9633283852013,1343.829809496447,1282.5386462642005,37730.08113351242,0.0,0.6147696874278048,0.2996384977196058,0.06813575949358741
