target_id,prot_ps,prot_acf,prot_cs,e_prot_ps,E_prot_ps,e_prot_acf,E_prot_acf,e_prot_cs,E_prot_cs,sph_ps,sph_acf,sph_cs,h_ps,fa_prob_ps,hacf,gacf,hcs
8561041,72.5131886343348,78.73108984576538,45.192422052500774,8.895365139739312,11.787322970148736,-1.0,-1.0,6.3867560373091905,6.3867560373091905,636.7118199714414,638.8292593054723,642.2128975988792,6399.602353027789,0.0,0.1533058089386155,0.09632806474597293,0.18580786478717579
