target_id,prot_ps,prot_acf,prot_cs,e_prot_ps,E_prot_ps,e_prot_acf,E_prot_acf,e_prot_cs,E_prot_cs,sph_ps,sph_acf,sph_cs,h_ps,fa_prob_ps,hacf,gacf,hcs
8543435,61.247437285033094,53.59610908664763,53.96213923594804,9.341283443969388,13.44135825056545,-1.0,-1.0,2.7048911732440684,2.7048911732440684,563.0048725306426,571.2017064754353,572.1721628277347,1799.3376101979522,0.0,0.049541099032573324,0.03637661998175674,0.09187538040384834
