target_id,prot_ps,prot_acf,prot_cs,e_prot_ps,E_prot_ps,e_prot_acf,E_prot_acf,e_prot_cs,E_prot_cs,sph_ps,sph_acf,sph_cs,h_ps,fa_prob_ps,hacf,gacf,hcs
8575213,72.8691472385015,62.36389454640448,4.9415448129493456,10.862065230500747,15.47578787663575,-1.0,-1.0,0.012496647837863516,0.012496647837863516,121.44022348271226,121.39063693174698,101.35409954991378,22500.435894398513,0.0,0.22069748305902323,0.15330698988063668,0.08390737942724069
