target_id,prot_ps,prot_acf,prot_cs,e_prot_ps,E_prot_ps,e_prot_acf,E_prot_acf,e_prot_cs,E_prot_cs,sph_ps,sph_acf,sph_cs,h_ps,fa_prob_ps,hacf,gacf,hcs
8589799,72.86920851223779,0.4699765178374946,1.9726987683277468,11.202669373451222,16.176517065848003,-1.0,-1.0,0.021726320510262794,0.021726320510262794,489.77784311043024,332.1868184009397,383.97610493929295,29490.018750234674,0.0,0.16842810118710827,0.42208454682772195,0.2354190139463285
