target_id,prot_ps,prot_acf,prot_cs,e_prot_ps,E_prot_ps,e_prot_acf,E_prot_acf,e_prot_cs,E_prot_cs,sph_ps,sph_acf,sph_cs,h_ps,fa_prob_ps,hacf,gacf,hcs
8574677,36.43454811015436,68.65745007991791,23.98147516749799,6.309457404752845,9.65257679526733,-1.0,-1.0,4.878793123264794,4.878793123264794,423.1674664050637,435.01707000436136,419.27946805980633,109522.04180921648,0.0,0.22691409407341911,0.18771375658186587,1.7316047404754367
