target_id,prot_ps,prot_acf,prot_cs,e_prot_ps,E_prot_ps,e_prot_acf,E_prot_acf,e_prot_cs,E_prot_cs,sph_ps,sph_acf,sph_cs,h_ps,fa_prob_ps,hacf,gacf,hcs
8591173,11.213260699292297,11.259035508614033,11.315921020043813,1.1092121303686966,1.3827805401028321,-1.0,-1.0,0.07410077744449406,0.07410077744449406,4991.434424220072,4980.647374891917,4977.250683918551,1639418.948154335,0.0,0.9482382386995877,0.6306035718035806,0.9577811707660054
