target_id,prot_ps,prot_acf,prot_cs,e_prot_ps,E_prot_ps,e_prot_acf,E_prot_acf,e_prot_cs,E_prot_cs,sph_ps,sph_acf,sph_cs,h_ps,fa_prob_ps,hacf,gacf,hcs
8500560,72.21317489339532,66.8796561411582,45.313878844678406,9.755257675279083,13.36665236148994,-1.0,-1.0,6.529088107126923,6.529088107126923,884.7024001484467,888.1398125387753,889.5454160848338,3611.5510882678336,0.0,0.13674686988522694,0.10780279367461207,0.06439925930948198
