target_id,prot_ps,prot_acf,prot_cs,e_prot_ps,E_prot_ps,e_prot_acf,E_prot_acf,e_prot_cs,E_prot_cs,sph_ps,sph_acf,sph_cs,h_ps,fa_prob_ps,hacf,gacf,hcs
8556367,52.70518278949765,55.824871430173516,53.52689740343951,6.018977513439964,7.800662290123839,-1.0,-1.0,2.695851720936624,2.695851720936624,723.5859064908218,752.3542048173305,718.5354210279323,13130.600148894748,0.0,0.30130313379535834,0.20221551924835965,0.9099993261586422
