target_id,prot_ps,prot_acf,prot_cs,e_prot_ps,E_prot_ps,e_prot_acf,E_prot_acf,e_prot_cs,E_prot_cs,sph_ps,sph_acf,sph_cs,h_ps,fa_prob_ps,hacf,gacf,hcs
8515297,72.21307797019368,75.01219198713079,27.77994835897918,10.20135785953238,14.21861223323539,-1.0,-1.0,0.9350225441535912,0.9350225441535912,639.9604027749141,634.9595077098783,636.7374649503902,3235.9249432381466,0.0,0.09213304378929335,0.07794521487142553,0.09287629496845792
