target_id,prot_ps,prot_acf,prot_cs,e_prot_ps,E_prot_ps,e_prot_acf,E_prot_acf,e_prot_cs,E_prot_cs,sph_ps,sph_acf,sph_cs,h_ps,fa_prob_ps,hacf,gacf,hcs
8510200,72.21312638548919,26.175614069681615,26.528860862558513,8.63900064402462,11.356108577976912,-1.0,-1.0,1.1149663580071276,1.1149663580071276,1553.0991950726961,1541.1388119411686,1580.8036749985283,19100.903120676347,0.0,0.356524617246056,0.11128512913687683,0.5875054576851026
