target_id,prot_ps,prot_acf,prot_cs,e_prot_ps,E_prot_ps,e_prot_acf,E_prot_acf,e_prot_cs,E_prot_cs,sph_ps,sph_acf,sph_cs,h_ps,fa_prob_ps,hacf,gacf,hcs
8582254,72.67208513933096,55.98841631785035,28.93456834832206,12.124284159368074,18.195642706981204,-1.0,-1.0,2.216127533968479,2.216127533968479,441.36929539024374,442.3320774639959,431.6193928953811,11870.120510968462,0.0,0.21713681364182813,0.07096321927198693,0.13728799401616426
