target_id,prot_ps,prot_acf,prot_cs,e_prot_ps,E_prot_ps,e_prot_acf,E_prot_acf,e_prot_cs,E_prot_cs,sph_ps,sph_acf,sph_cs,h_ps,fa_prob_ps,hacf,gacf,hcs
8522066,72.32523651274461,60.50429515354335,28.660543404698554,14.958631904262319,25.511396121871286,-1.0,-1.0,0.37646656429183634,0.37646656429183634,546.4576859242264,546.2118193616413,526.1420532594689,80370.74259585075,0.0,0.30148453371378514,0.15357290951422245,0.7859780934105429
