target_id,prot_ps,prot_acf,prot_cs,e_prot_ps,E_prot_ps,e_prot_acf,E_prot_acf,e_prot_cs,E_prot_cs,sph_ps,sph_acf,sph_cs,h_ps,fa_prob_ps,hacf,gacf,hcs
8591609,72.87009387373315,81.28536118939519,46.00403088058097,7.902438487661115,10.091110938076582,-1.0,-1.0,0.9446558392059191,0.9446558392059191,532.6946749354817,541.6400082253085,526.7714123769964,69099.9890044339,0.0,0.4163011394567534,0.3372344487687185,0.8446833316062173
