target_id,prot_ps,prot_acf,prot_cs,e_prot_ps,E_prot_ps,e_prot_acf,E_prot_acf,e_prot_cs,E_prot_cs,sph_ps,sph_acf,sph_cs,h_ps,fa_prob_ps,hacf,gacf,hcs
8620814,61.24384110962456,59.032846808899194,37.06012239541859,9.242984628905845,13.239103291980406,-1.0,-1.0,7.210000996933299,7.210000996933299,1102.3487094435702,1112.2551510863582,1084.7814230267709,10028.809226030095,0.0,0.15532278104398184,0.07966806902442752,0.14549069465257236
