target_id,prot_ps,prot_acf,prot_cs,e_prot_ps,E_prot_ps,e_prot_acf,E_prot_acf,e_prot_cs,E_prot_cs,sph_ps,sph_acf,sph_cs,h_ps,fa_prob_ps,hacf,gacf,hcs
8677240,23.713494640289564,22.783588678576052,23.708827149756257,2.853927150201841,3.7586325674945265,-1.0,-1.0,0.7504217747176165,0.7504217747176165,4442.837171671844,4313.327333815711,4443.295186545293,432498.48290054523,0.0,0.735015854086281,0.44109891864674045,0.884418637208664
