target_id,prot_ps,prot_acf,prot_cs,e_prot_ps,E_prot_ps,e_prot_acf,E_prot_acf,e_prot_cs,E_prot_cs,sph_ps,sph_acf,sph_cs,h_ps,fa_prob_ps,hacf,gacf,hcs
8629865,62.89227111723695,16.95996960159391,21.82769496383172,7.147007608892224,9.249129045811465,-1.0,-1.0,0.2359332024734615,0.2359332024734615,729.9717214767796,706.9412467699578,711.3488869483522,22599.942001892454,0.0,0.22333598026588405,0.04066941183562693,0.9766030887648761
