target_id,prot_ps,prot_acf,prot_cs,e_prot_ps,E_prot_ps,e_prot_acf,E_prot_acf,e_prot_cs,E_prot_cs,sph_ps,sph_acf,sph_cs,h_ps,fa_prob_ps,hacf,gacf,hcs
8686690,90.4076672431272,65.32655435567722,41.59213538511529,6.673732123635787,7.829677701937541,-1.0,-1.0,2.582335612286061,2.582335612286061,916.2411274328362,866.627105214815,898.8690942520633,20003.998132257722,0.0,0.2720176089794343,0.14679489269709278,0.1522152699430268
