target_id,prot_ps,prot_acf,prot_cs,e_prot_ps,E_prot_ps,e_prot_acf,E_prot_acf,e_prot_cs,E_prot_cs,sph_ps,sph_acf,sph_cs,h_ps,fa_prob_ps,hacf,gacf,hcs
8608137,72.32601499349369,55.845222408883274,54.17723283113893,11.320102060932015,16.478303504036035,-1.0,-1.0,1.480864801692122,1.480864801692122,266.9678349742856,267.57229223126996,268.8868410989005,3462.9814735853147,0.0,0.12230758086683521,0.030462228278034097,0.10898381863472163
