target_id,prot_ps,prot_acf,prot_cs,e_prot_ps,E_prot_ps,e_prot_acf,E_prot_acf,e_prot_cs,E_prot_cs,sph_ps,sph_acf,sph_cs,h_ps,fa_prob_ps,hacf,gacf,hcs
8673011,90.40752808559013,59.82979504019022,42.16345422806683,18.5746857299158,31.531159322855302,-1.0,-1.0,5.782303532388288,5.782303532388288,678.2105736514382,677.5229344619056,674.9984570153525,3196.2066719385302,0.0,0.07527613721722289,0.004152838445107256,0.10034771883071389
