target_id,prot_ps,prot_acf,prot_cs,e_prot_ps,E_prot_ps,e_prot_acf,E_prot_acf,e_prot_cs,E_prot_cs,sph_ps,sph_acf,sph_cs,h_ps,fa_prob_ps,hacf,gacf,hcs
8625766,73.78738648055263,59.44163923570886,28.64866797006109,16.77833639673699,30.773244587117247,-1.0,-1.0,0.35900944792817424,0.35900944792817424,873.9493242231887,872.8146546177486,867.5285013155766,6102.363488850918,0.0,0.15496967430097314,0.07407801421715728,0.38123694025329025
