target_id,prot_ps,prot_acf,prot_cs,e_prot_ps,E_prot_ps,e_prot_acf,E_prot_acf,e_prot_cs,E_prot_cs,sph_ps,sph_acf,sph_cs,h_ps,fa_prob_ps,hacf,gacf,hcs
8637762,73.00581860650558,57.15332509810105,24.786397882462477,9.617415405721864,13.05773453985205,-1.0,-1.0,4.7602933676089005,4.7602933676089005,135.9545559850058,132.73260442206086,129.72520229592146,9077.093474472751,0.0,0.15956628876399656,0.052946060480646776,0.19163982280148126
