target_id,prot_ps,prot_acf,prot_cs,e_prot_ps,E_prot_ps,e_prot_acf,E_prot_acf,e_prot_cs,E_prot_cs,sph_ps,sph_acf,sph_cs,h_ps,fa_prob_ps,hacf,gacf,hcs
8676967,90.40667899677169,73.76589971128851,38.07178643326276,44.97844726207548,9040.66789967744,-1.0,-1.0,6.577271508155018,6.577271508155018,496.81313893516307,496.0099066770803,489.7663874327959,2816.8342150497506,0.0,0.04847989077589363,0.034888848004894515,0.34352312575022853
