target_id,prot_ps,prot_acf,prot_cs,e_prot_ps,E_prot_ps,e_prot_acf,E_prot_acf,e_prot_cs,E_prot_cs,sph_ps,sph_acf,sph_cs,h_ps,fa_prob_ps,hacf,gacf,hcs
8684104,72.32601172441582,62.608764603734016,30.75062984731048,10.081378028174356,13.978151020783969,-1.0,-1.0,5.7092814144820485,5.7092814144820485,1610.3320330575866,1616.1580124005472,1576.604789143185,14571.258417865238,0.0,0.22205542671923673,0.17650684960816507,0.21741372595780203
