target_id,prot_ps,prot_acf,prot_cs,e_prot_ps,E_prot_ps,e_prot_acf,E_prot_acf,e_prot_cs,E_prot_cs,sph_ps,sph_acf,sph_cs,h_ps,fa_prob_ps,hacf,gacf,hcs
8629307,11.954732621342123,12.015018168836832,12.072450931091314,1.1243996621625154,1.3849154851302536,-1.0,-1.0,0.0657293748687222,0.0657293748687222,3765.251269563833,3699.610010050214,3708.5898775889923,3504211.6645893897,0.0,0.8859617304510861,0.5233625377894866,0.9790351047075748
