target_id,prot_ps,prot_acf,prot_cs,e_prot_ps,E_prot_ps,e_prot_acf,E_prot_acf,e_prot_cs,E_prot_cs,sph_ps,sph_acf,sph_cs,h_ps,fa_prob_ps,hacf,gacf,hcs
8686941,53.57484888584971,53.27060416247696,54.02570503494119,9.475124782275707,14.660917045550867,-1.0,-1.0,1.738119875084718,1.738119875084718,853.435461428306,854.5105561904297,852.8988171796829,10844.03022204753,0.0,0.14771608524072893,0.047912630405945615,0.168571909387784
