target_id,prot_ps,prot_acf,prot_cs,e_prot_ps,E_prot_ps,e_prot_acf,E_prot_acf,e_prot_cs,E_prot_cs,sph_ps,sph_acf,sph_cs,h_ps,fa_prob_ps,hacf,gacf,hcs
8696343,61.95117868530827,59.80970211466774,36.44560032805096,10.980689728747386,17.011004921485643,-1.0,-1.0,3.8198138255033256,3.8198138255033256,137.5633060915969,136.7695690315611,136.35399954819178,21833.84426609468,0.0,0.17706682306637941,0.08004405135647867,1.1071537501895838
