target_id,prot_ps,prot_acf,prot_cs,e_prot_ps,E_prot_ps,e_prot_acf,E_prot_acf,e_prot_cs,E_prot_cs,sph_ps,sph_acf,sph_cs,h_ps,fa_prob_ps,hacf,gacf,hcs
8696889,16.094205486176588,16.224388259463012,16.294782402927655,1.60534184306624,2.00540674350216,-1.0,-1.0,0.2799011826625057,0.2799011826625057,2015.479963237032,2012.5052282212216,2009.3366230002846,1496584.6033231153,0.0,0.8991452657045077,0.5028511341520181,0.9741126934360841
