target_id,prot_ps,prot_acf,prot_cs,e_prot_ps,E_prot_ps,e_prot_acf,E_prot_acf,e_prot_cs,E_prot_cs,sph_ps,sph_acf,sph_cs,h_ps,fa_prob_ps,hacf,gacf,hcs
8683693,90.99332951456431,99.65512624382973,28.669321742465844,9.516787623169904,12.03400707689201,-1.0,-1.0,0.4634242272757883,0.4634242272757883,836.933147665085,825.7938062506328,805.4066917758134,9007.900316197913,0.0,0.09754545529343184,0.13965666992843043,0.2460356874084928
