target_id,prot_ps,prot_acf,prot_cs,e_prot_ps,E_prot_ps,e_prot_acf,E_prot_acf,e_prot_cs,E_prot_cs,sph_ps,sph_acf,sph_cs,h_ps,fa_prob_ps,hacf,gacf,hcs
8655337,72.86914338248823,70.02655860735103,46.44802981620794,8.289079667233423,10.730282033535218,-1.0,-1.0,1.772687908927446,1.772687908927446,554.4952464844362,558.9448149180078,551.0874632263962,55330.63860806554,0.0,0.19841582329709875,0.10490631714465706,0.9738064243694713
