target_id,prot_ps,prot_acf,prot_cs,e_prot_ps,E_prot_ps,e_prot_acf,E_prot_acf,e_prot_cs,E_prot_cs,sph_ps,sph_acf,sph_cs,h_ps,fa_prob_ps,hacf,gacf,hcs
8767249,72.21325740532475,78.363381261006,37.953418701533224,6.857804484744335,8.46571466946105,-1.0,-1.0,5.271316696013162,5.271316696013162,563.9164774740128,550.294479051437,541.6025898981671,29805.06680866028,0.0,0.33771714435258227,0.313175607845741,0.1822603684192493
