target_id,prot_ps,prot_acf,prot_cs,e_prot_ps,E_prot_ps,e_prot_acf,E_prot_acf,e_prot_cs,E_prot_cs,sph_ps,sph_acf,sph_cs,h_ps,fa_prob_ps,hacf,gacf,hcs
8760921,73.78729713683992,66.24609673768282,28.748585118513848,8.750481795768579,11.471246387636981,-1.0,-1.0,1.2313740546938532,1.2313740546938532,235.19940162701965,236.47646650877263,231.61103496100606,4733.018884223249,0.0,0.1477771711139918,0.08219703361404072,0.22331077108963696
