target_id,prot_ps,prot_acf,prot_cs,e_prot_ps,E_prot_ps,e_prot_acf,E_prot_acf,e_prot_cs,E_prot_cs,sph_ps,sph_acf,sph_cs,h_ps,fa_prob_ps,hacf,gacf,hcs
8760104,10.768648171593282,10.748149562627077,10.908963822312575,1.1826056431081895,1.5154590044620466,-1.0,-1.0,0.1854080201116256,0.1854080201116256,3216.236115193433,3225.84961296671,3231.0913671806998,228661.41696112737,0.0,0.7498085148902631,0.4689495360551068,0.946254087828721
