target_id,prot_ps,prot_acf,prot_cs,e_prot_ps,E_prot_ps,e_prot_acf,E_prot_acf,e_prot_cs,E_prot_cs,sph_ps,sph_acf,sph_cs,h_ps,fa_prob_ps,hacf,gacf,hcs
8749052,52.393283372437374,53.699920708313584,52.932063634568934,6.045171175010225,7.858641537624607,-1.0,-1.0,2.4810201586489886,2.4810201586489886,182.45137831653457,181.65789183865527,181.64725431234785,5447.2207478795035,0.0,0.15951309155094662,0.1058086778527298,0.1100393760693032
