target_id,prot_ps,prot_acf,prot_cs,e_prot_ps,E_prot_ps,e_prot_acf,E_prot_acf,e_prot_cs,E_prot_cs,sph_ps,sph_acf,sph_cs,h_ps,fa_prob_ps,hacf,gacf,hcs
8703914,45.05527458545134,52.29000677447766,51.265049080140884,8.42467156001775,13.457307406927946,-1.0,-1.0,4.659339902710956,4.659339902710956,564.422501529111,562.1003107402046,570.2639903104823,68568.85414659347,0.0,0.2986038973120021,0.17269095943601387,6.465878319562863
