target_id,prot_ps,prot_acf,prot_cs,e_prot_ps,E_prot_ps,e_prot_acf,E_prot_acf,e_prot_cs,E_prot_cs,sph_ps,sph_acf,sph_cs,h_ps,fa_prob_ps,hacf,gacf,hcs
8707472,46.661425758376296,54.78283132519573,26.572250236270754,5.958835634045883,8.002812897556872,-1.0,-1.0,0.33782366305035194,0.33782366305035194,351.77377454003573,351.0440397603583,345.7757277075719,6947.299929444903,0.0,0.21180471691307906,0.12476311913525433,0.16867387812026458
