target_id,prot_ps,prot_acf,prot_cs,e_prot_ps,E_prot_ps,e_prot_acf,E_prot_acf,e_prot_cs,E_prot_cs,sph_ps,sph_acf,sph_cs,h_ps,fa_prob_ps,hacf,gacf,hcs
8781470,61.95127486434105,56.13170697307214,52.85868344384827,31.131293901678923,-6195.127486433963,-1.0,-1.0,1.2491731836889621,1.2491731836889621,227.0639486603342,228.1867977447342,218.70367311042534,19148.474819007395,0.0,0.24899991905741214,0.13545842280100096,0.09176068169526018
