target_id,prot_ps,prot_acf,prot_cs,e_prot_ps,E_prot_ps,e_prot_acf,E_prot_acf,e_prot_cs,E_prot_cs,sph_ps,sph_acf,sph_cs,h_ps,fa_prob_ps,hacf,gacf,hcs
8718946,72.86937777166942,5.803211582824588,6.736425220104866,36.25342177694996,7286.937777167004,-1.0,-1.0,0.39955432992232803,0.39955432992232803,259.87496627899435,231.858052042009,242.7145989500846,28225.66752316624,0.0,0.10186014887759295,0.23481693029755926,0.27381598120271083
