target_id,prot_ps,prot_acf,prot_cs,e_prot_ps,E_prot_ps,e_prot_acf,E_prot_acf,e_prot_cs,E_prot_cs,sph_ps,sph_acf,sph_cs,h_ps,fa_prob_ps,hacf,gacf,hcs
8782887,72.32609507189157,57.62301743030548,52.89527362078427,13.276475238015216,20.978143816912407,-1.0,-1.0,2.080309796448404,2.080309796448404,1424.5836383397473,1413.844965315154,1405.4979360577788,11689.68621138151,0.0,0.22873760958156725,0.11590244041822088,0.12367756304295031
