target_id,prot_ps,prot_acf,prot_cs,e_prot_ps,E_prot_ps,e_prot_acf,E_prot_acf,e_prot_cs,E_prot_cs,sph_ps,sph_acf,sph_cs,h_ps,fa_prob_ps,hacf,gacf,hcs
8701662,1.7165860399297193,1.5733995391055942,1.7371457855677692,0.14088240355701287,0.16854836106873972,-1.0,-1.0,0.008921601357172133,0.008921601357172133,419.62320432114933,417.4296781261231,418.7695711329726,202730.5918472985,0.0,0.7112704635605603,0.5768459106465601,0.8724151239619901
