target_id,prot_ps,prot_acf,prot_cs,e_prot_ps,E_prot_ps,e_prot_acf,E_prot_acf,e_prot_cs,E_prot_cs,sph_ps,sph_acf,sph_cs,h_ps,fa_prob_ps,hacf,gacf,hcs
8773994,11.753067393898737,11.402028864249587,11.88802654536931,1.3555160097419545,1.7619341615368214,-1.0,-1.0,0.385023244859568,0.385023244859568,2436.321305414282,2443.1977766005175,2432.4460234270405,476295.0970556566,0.0,0.7391157252814059,0.39909545296679116,0.936779366503611
