target_id,prot_ps,prot_acf,prot_cs,e_prot_ps,E_prot_ps,e_prot_acf,E_prot_acf,e_prot_cs,E_prot_cs,sph_ps,sph_acf,sph_cs,h_ps,fa_prob_ps,hacf,gacf,hcs
8760132,53.97713796344785,3.9437120431102812,1.8161509139463148,10.785435940457418,17.964641846466442,-1.0,-1.0,0.30037317056259305,0.30037317056259305,340.47455925652633,317.0862956876583,297.2628590942963,9289.563441912816,0.0,0.13245007279776005,0.18465556874205818,0.20604324971824398
