target_id,prot_ps,prot_acf,prot_cs,e_prot_ps,E_prot_ps,e_prot_acf,E_prot_acf,e_prot_cs,E_prot_cs,sph_ps,sph_acf,sph_cs,h_ps,fa_prob_ps,hacf,gacf,hcs
8701922,3.7936898580199636,3.8211028040386736,3.797399706430691,0.42568588364578464,0.5488598342164619,-1.0,-1.0,0.16106688251458653,0.16106688251458653,2283.404592495852,2282.342125430289,2282.217428347632,167902.70562241224,0.0,1.0687106777883972,0.7602237474535791,0.6334566002455111
