target_id,prot_ps,prot_acf,prot_cs,e_prot_ps,E_prot_ps,e_prot_acf,E_prot_acf,e_prot_cs,E_prot_cs,sph_ps,sph_acf,sph_cs,h_ps,fa_prob_ps,hacf,gacf,hcs
8878321,29.83717008677413,31.97917293291539,30.17321810619905,5.590607789449127,8.941269417858926,-1.0,-1.0,1.5100317739381126,1.5100317739381126,561.4605941213689,554.9406489265756,557.2433356797317,40718.92350421232,0.0,0.2561164552431086,0.1249966151037247,0.3872846397239783
