target_id,prot_ps,prot_acf,prot_cs,e_prot_ps,E_prot_ps,e_prot_acf,E_prot_acf,e_prot_cs,E_prot_cs,sph_ps,sph_acf,sph_cs,h_ps,fa_prob_ps,hacf,gacf,hcs
8866936,90.40747454388712,64.34560015145689,47.02956765964377,9.652571143284348,12.273360833810258,-1.0,-1.0,1.2039830679510135,1.2039830679510135,397.0567030640397,388.7635758243637,393.3792564594492,7729.26790279137,0.0,0.04752479240802608,0.01073917971045814,0.5598236927070364
