target_id,prot_ps,prot_acf,prot_cs,e_prot_ps,E_prot_ps,e_prot_acf,E_prot_acf,e_prot_cs,E_prot_cs,sph_ps,sph_acf,sph_cs,h_ps,fa_prob_ps,hacf,gacf,hcs
8805437,44.7190142967963,51.329562462866306,25.657844095340764,10.848885236297136,21.074076522148573,-1.0,-1.0,0.3353820757262553,0.3353820757262553,317.50533217692737,318.4347454695489,322.5206157938641,2780.4706694930733,0.0,0.017922239869060157,0.027815746073768046,0.4852120241955598
