target_id,prot_ps,prot_acf,prot_cs,e_prot_ps,E_prot_ps,e_prot_acf,E_prot_acf,e_prot_cs,E_prot_cs,sph_ps,sph_acf,sph_cs,h_ps,fa_prob_ps,hacf,gacf,hcs
8804313,49.19073217780451,30.568765308707952,15.338864876954277,20.832480948191336,136.16745563592823,-1.0,-1.0,0.17841696708574525,0.17841696708574525,525.6589312179759,514.0986944785968,513.9140904130393,6876.7832500261375,0.0,0.13158120115564778,0.001147815945157484,0.6276971255662831
