target_id,prot_ps,prot_acf,prot_cs,e_prot_ps,E_prot_ps,e_prot_acf,E_prot_acf,e_prot_cs,E_prot_cs,sph_ps,sph_acf,sph_cs,h_ps,fa_prob_ps,hacf,gacf,hcs
8871919,51.66092763321106,45.95551318349317,45.68165378454191,25.701954046373665,5166.092763321138,-1.0,-1.0,4.671750173870475,4.671750173870475,1085.5046665261602,1032.5522317026437,1033.2777425958905,33324.37647404318,0.0,0.508643368391313,0.325600088845169,0.5377009742941918
