target_id,prot_ps,prot_acf,prot_cs,e_prot_ps,E_prot_ps,e_prot_acf,E_prot_acf,e_prot_cs,E_prot_cs,sph_ps,sph_acf,sph_cs,h_ps,fa_prob_ps,hacf,gacf,hcs
8894479,4.843133514937115,2.819849724881351,4.849937189859337,0.6389304298985783,0.8679351281293544,-1.0,-1.0,0.35245502904489673,0.35245502904489673,1164.7698352216787,1104.93157093528,1167.5596771173482,55206.110889099604,0.0,0.10790324182982984,0.20430505330111343,0.27872077072126983
