target_id,prot_ps,prot_acf,prot_cs,e_prot_ps,E_prot_ps,e_prot_acf,E_prot_acf,e_prot_cs,E_prot_cs,sph_ps,sph_acf,sph_cs,h_ps,fa_prob_ps,hacf,gacf,hcs
8846848,72.51173324228951,0.5517110237851739,-1.0,8.860879403229063,11.72692139748203,-1.0,-1.0,-1.0,-1.0,736.7281479015127,399.7019436930288,-1.0,56877.51838575457,0.0,0.007754177335893453,0.6547186127252873,0.22454159576152583
