target_id,prot_ps,prot_acf,prot_cs,e_prot_ps,E_prot_ps,e_prot_acf,E_prot_acf,e_prot_cs,E_prot_cs,sph_ps,sph_acf,sph_cs,h_ps,fa_prob_ps,hacf,gacf,hcs
8827587,73.45770759585098,64.5500000207685,37.18798593229422,13.114852537489604,20.398639608691028,-1.0,-1.0,6.3194914310260355,6.3194914310260355,657.3571708962659,650.3382812052146,652.098507821571,3322.767783296924,0.0,0.1489119261051851,0.09253741095872463,0.2270669212907899
