target_id,prot_ps,prot_acf,prot_cs,e_prot_ps,E_prot_ps,e_prot_acf,E_prot_acf,e_prot_cs,E_prot_cs,sph_ps,sph_acf,sph_cs,h_ps,fa_prob_ps,hacf,gacf,hcs
8871360,21.387614713561465,21.70059552323073,21.32058698677826,2.5880322224459498,3.4143456438542543,-1.0,-1.0,0.4720083058536898,0.4720083058536898,3799.5513994387907,3800.686214859465,3798.868486525109,1827040.8750053006,0.0,0.9283324162354469,0.48497484782081096,0.9674064875976051
