target_id,prot_ps,prot_acf,prot_cs,e_prot_ps,E_prot_ps,e_prot_acf,E_prot_acf,e_prot_cs,E_prot_cs,sph_ps,sph_acf,sph_cs,h_ps,fa_prob_ps,hacf,gacf,hcs
8882530,68.431783986088,66.4912437107414,45.80362890275335,16.167014779304466,30.648379120089146,-1.0,-1.0,1.0117499230241258,1.0117499230241258,1172.9373727620216,1173.962876423443,1166.7102204698149,6337.898114883188,0.0,0.14631957682412772,0.07752716314740549,0.2225791993461984
