target_id,prot_ps,prot_acf,prot_cs,e_prot_ps,E_prot_ps,e_prot_acf,E_prot_acf,e_prot_cs,E_prot_cs,sph_ps,sph_acf,sph_cs,h_ps,fa_prob_ps,hacf,gacf,hcs
8803050,90.40755511890623,53.965348057914525,30.809289224264216,9.293321700602363,11.69835461275352,-1.0,-1.0,4.156162141577442,4.156162141577442,269.639798569176,270.6667525507998,265.6247549766553,2660.985726811852,0.0,0.013640030817902455,0.010607334719430548,0.3123058707247515
