target_id,prot_ps,prot_acf,prot_cs,e_prot_ps,E_prot_ps,e_prot_acf,E_prot_acf,e_prot_cs,E_prot_cs,sph_ps,sph_acf,sph_cs,h_ps,fa_prob_ps,hacf,gacf,hcs
8814123,10.177543928654432,10.462046146392822,10.174544214205815,1.3144634472338854,1.7722464149719421,-1.0,-1.0,0.45352022408674797,0.45352022408674797,1481.510080469798,1500.724311373903,1481.997142623954,30596.70502075209,0.0,0.4756571610253022,0.3406741461167126,1.8742961326697578
