target_id,prot_ps,prot_acf,prot_cs,e_prot_ps,E_prot_ps,e_prot_acf,E_prot_acf,e_prot_cs,E_prot_cs,sph_ps,sph_acf,sph_cs,h_ps,fa_prob_ps,hacf,gacf,hcs
8867609,7.125713997357663,6.9474465027451515,7.12072399199009,1.2032847595378096,1.8169104788601613,-1.0,-1.0,0.2448084000206362,0.2448084000206362,9709.735852098529,9715.51964411055,9704.34833188152,1311760.8439826095,0.0,1.2604343507707616,0.7081796136920749,0.8943566953562357
