target_id,prot_ps,prot_acf,prot_cs,e_prot_ps,E_prot_ps,e_prot_acf,E_prot_acf,e_prot_cs,E_prot_cs,sph_ps,sph_acf,sph_cs,h_ps,fa_prob_ps,hacf,gacf,hcs
8888595,72.32606095919078,57.4799527535215,28.645463814244373,8.864835147168982,11.743607946231421,-1.0,-1.0,0.37015883540409883,0.37015883540409883,800.113725336977,801.3160793422174,791.4449236182406,10666.435240627781,0.0,0.1682106252786365,0.06590711297097213,0.21025313458941927
