target_id,prot_ps,prot_acf,prot_cs,e_prot_ps,E_prot_ps,e_prot_acf,E_prot_acf,e_prot_cs,E_prot_cs,sph_ps,sph_acf,sph_cs,h_ps,fa_prob_ps,hacf,gacf,hcs
8890417,32.87553174531584,57.418738063424826,56.75464233848658,12.226261258068089,47.719862246344604,-1.0,-1.0,1.991241712336487,1.991241712336487,499.7372352297919,507.6263722981151,506.4614710780975,11499.922840322723,0.0,0.11231599868923937,0.0773842733220735,0.4163620146856124
