target_id,prot_ps,prot_acf,prot_cs,e_prot_ps,E_prot_ps,e_prot_acf,E_prot_acf,e_prot_cs,E_prot_cs,sph_ps,sph_acf,sph_cs,h_ps,fa_prob_ps,hacf,gacf,hcs
8977910,10.558565438902283,10.727700660936534,10.757415711173492,0.9200961774206959,1.1143014419905022,-1.0,-1.0,0.21892422107142578,0.21892422107142578,8014.147099575305,8024.46806888145,8025.344792882576,1454315.537996995,0.0,1.2408009634648118,0.6670091591588606,0.9756081736261943
