target_id,prot_ps,prot_acf,prot_cs,e_prot_ps,E_prot_ps,e_prot_acf,E_prot_acf,e_prot_cs,E_prot_cs,sph_ps,sph_acf,sph_cs,h_ps,fa_prob_ps,hacf,gacf,hcs
8943453,92.3193655950754,13.914788844063878,14.952339250809656,45.93003263436586,9231.936559507263,-1.0,-1.0,1.277781119717046,1.277781119717046,945.6046269139648,642.1614200922271,602.6752493362194,15528.339656654904,0.0,0.24822469337729228,0.1879829196727642,0.9179050353683545
