target_id,prot_ps,prot_acf,prot_cs,e_prot_ps,E_prot_ps,e_prot_acf,E_prot_acf,e_prot_cs,E_prot_cs,sph_ps,sph_acf,sph_cs,h_ps,fa_prob_ps,hacf,gacf,hcs
8939718,60.271736508893106,61.546276884153485,30.75066138212569,9.167398195801553,13.17537729228966,-1.0,-1.0,5.245117110155054,5.245117110155054,474.9050172635044,474.3671815496085,473.31580708979357,1986.3737317152325,0.0,0.10460557112225954,0.08247964322104219,0.3463080989599339
