target_id,prot_ps,prot_acf,prot_cs,e_prot_ps,E_prot_ps,e_prot_acf,E_prot_acf,e_prot_cs,E_prot_cs,sph_ps,sph_acf,sph_cs,h_ps,fa_prob_ps,hacf,gacf,hcs
8947207,64.16279851047705,51.00249356031418,43.48784483201341,12.246882443717574,19.808757079509974,-1.0,-1.0,1.316761293045124,1.316761293045124,636.8215097225984,635.9348129123927,636.7258328277428,1760.3111197033274,0.0,0.05461292067503505,0.026215994646543693,0.16299615252408306
