target_id,prot_ps,prot_acf,prot_cs,e_prot_ps,E_prot_ps,e_prot_acf,E_prot_acf,e_prot_cs,E_prot_cs,sph_ps,sph_acf,sph_cs,h_ps,fa_prob_ps,hacf,gacf,hcs
8938937,86.80858019840866,11.585914601571858,19.03584159378894,13.54098844674165,19.680911294142888,-1.0,-1.0,1.1666214030502864,1.1666214030502864,1072.2846668053323,1018.9776057750598,1040.8956785381629,1161.6121751903509,0.0,1.612720319312845e-05,0.011240269684695135,3.6739132878223826
