target_id,prot_ps,prot_acf,prot_cs,e_prot_ps,E_prot_ps,e_prot_acf,E_prot_acf,e_prot_cs,E_prot_cs,sph_ps,sph_acf,sph_cs,h_ps,fa_prob_ps,hacf,gacf,hcs
8943248,54.657134998942524,60.25888432469219,28.64412278134449,8.297318429043287,11.9148157808024,-1.0,-1.0,0.3890251258773269,0.3890251258773269,673.1493955680482,683.3656803014787,668.2585300376984,6169.114286119264,0.0,0.15884399993591902,0.03880226925204173,0.2716221289775378
