target_id,prot_ps,prot_acf,prot_cs,e_prot_ps,E_prot_ps,e_prot_acf,E_prot_acf,e_prot_cs,E_prot_cs,sph_ps,sph_acf,sph_cs,h_ps,fa_prob_ps,hacf,gacf,hcs
8938922,13.51674657033972,13.384093136992306,13.383486428632105,1.6272589084407585,2.143320598101976,-1.0,-1.0,0.11850397421636542,0.11850397421636542,1397.8568912269277,1400.8069793398342,1400.6494064545295,853209.8613300613,0.0,0.7465271402637776,0.4087066161138156,0.9850248792792363
