target_id,prot_ps,prot_acf,prot_cs,e_prot_ps,E_prot_ps,e_prot_acf,E_prot_acf,e_prot_cs,E_prot_cs,sph_ps,sph_acf,sph_cs,h_ps,fa_prob_ps,hacf,gacf,hcs
8905077,51.66165053834466,49.83784243511036,33.6414631610876,7.425431781370236,10.421131774218772,-1.0,-1.0,6.536789679539457,6.536789679539457,396.89155273608367,395.1036695270343,391.3233569168786,13827.58227417446,0.0,0.21715484215248626,0.048682998268715964,0.11864888843825028
