target_id,prot_ps,prot_acf,prot_cs,e_prot_ps,E_prot_ps,e_prot_acf,E_prot_acf,e_prot_cs,E_prot_cs,sph_ps,sph_acf,sph_cs,h_ps,fa_prob_ps,hacf,gacf,hcs
8960890,15.201901083190512,15.243467034772038,15.375263767177238,1.6124183759839088,2.046563663562102,-1.0,-1.0,0.5397528082116112,0.5397528082116112,4674.796473991948,4682.27211980648,4662.927537585593,602723.4897783628,0.0,0.8525968501875851,0.4700634160038784,0.9773038076455424
