target_id,prot_ps,prot_acf,prot_cs,e_prot_ps,E_prot_ps,e_prot_acf,E_prot_acf,e_prot_cs,E_prot_cs,sph_ps,sph_acf,sph_cs,h_ps,fa_prob_ps,hacf,gacf,hcs
9087548,52.704628883440115,59.13533719629049,28.671932160975288,9.014430314141059,13.70127406569474,-1.0,-1.0,0.38452435028689425,0.38452435028689425,291.00801376018154,297.26250350609155,294.9013040158353,9327.123652554003,0.0,0.24097988998730158,0.16067154217051272,0.4930060635994061
