target_id,prot_ps,prot_acf,prot_cs,e_prot_ps,E_prot_ps,e_prot_acf,E_prot_acf,e_prot_cs,E_prot_cs,sph_ps,sph_acf,sph_cs,h_ps,fa_prob_ps,hacf,gacf,hcs
9019145,72.32520408109812,61.832461283542216,28.592188813856026,12.762202355926128,19.722502657148553,-1.0,-1.0,0.49204704452427467,0.49204704452427467,366.4797364301479,371.276216972923,359.2449511104072,21143.34027535016,0.0,0.28346600284009504,0.19375462341143343,0.13503944730280082
