target_id,prot_ps,prot_acf,prot_cs,e_prot_ps,E_prot_ps,e_prot_acf,E_prot_acf,e_prot_cs,E_prot_cs,sph_ps,sph_acf,sph_cs,h_ps,fa_prob_ps,hacf,gacf,hcs
9009486,15.895673344947236,16.101802341639996,16.13182912473466,1.5659887901324385,1.9502538080445877,-1.0,-1.0,0.23914458890589652,0.23914458890589652,7650.2259513486315,7628.878639813683,7631.749886687687,3243942.6360806464,0.0,1.204129100865674,0.6791142608348933,0.9869048006017233
