target_id,prot_ps,prot_acf,prot_cs,e_prot_ps,E_prot_ps,e_prot_acf,E_prot_acf,e_prot_cs,E_prot_cs,sph_ps,sph_acf,sph_cs,h_ps,fa_prob_ps,hacf,gacf,hcs
9075103,38.12418050279891,41.25565664190799,40.478971397252764,4.705770262443302,6.248245895469765,-1.0,-1.0,3.825782701669844,3.825782701669844,187.90566834995795,191.75839196371564,192.206416899473,6876.838731239361,0.0,0.25130717324055835,0.16253364018105992,0.8157710834329557
