target_id,prot_ps,prot_acf,prot_cs,e_prot_ps,E_prot_ps,e_prot_acf,E_prot_acf,e_prot_cs,E_prot_cs,sph_ps,sph_acf,sph_cs,h_ps,fa_prob_ps,hacf,gacf,hcs
9016493,56.75925716730966,51.228482943959534,56.026701103775565,10.247529506162756,16.039018981864494,-1.0,-1.0,1.9901255117894339,1.9901255117894339,268.3174358187406,249.55374789963602,272.05678971553965,25110.317037791898,0.0,0.14064964389403622,0.06522307506369483,0.4971060109909887
