target_id,prot_ps,prot_acf,prot_cs,e_prot_ps,E_prot_ps,e_prot_acf,E_prot_acf,e_prot_cs,E_prot_cs,sph_ps,sph_acf,sph_cs,h_ps,fa_prob_ps,hacf,gacf,hcs
9021394,85.94834077406784,20.045501444488764,21.15950689697523,4.0927781320984735,4.5235968828456805,-1.0,-1.0,4.6328607284907575,4.6328607284907575,345.9227511656871,345.9227511656871,345.9227511656871,1113.242961689774,0.0,0.07267106602901528,0.17762389577285245,0.7522273653447774
