target_id,prot_ps,prot_acf,prot_cs,e_prot_ps,E_prot_ps,e_prot_acf,E_prot_acf,e_prot_cs,E_prot_cs,sph_ps,sph_acf,sph_cs,h_ps,fa_prob_ps,hacf,gacf,hcs
9004915,47.60463353911949,52.26935621723533,28.632137888756432,5.388312678844635,6.965042725279119,-1.0,-1.0,0.4126691911056611,0.4126691911056611,257.0770163185941,253.67246934347781,255.8655774764477,2465.3220565065003,0.0,0.10500078202392607,0.053008045057126994,0.22801334265074488
