target_id,prot_ps,prot_acf,prot_cs,e_prot_ps,E_prot_ps,e_prot_acf,E_prot_acf,e_prot_cs,E_prot_cs,sph_ps,sph_acf,sph_cs,h_ps,fa_prob_ps,hacf,gacf,hcs
9086793,72.73184595017052,85.88273615995422,28.65058211041116,9.691378447497819,13.2124438630849,-1.0,-1.0,0.3896936832435594,0.3896936832435594,1187.5243926772143,1177.8888135177885,1172.0597557168908,13811.774840881431,0.0,0.22963669653044178,0.12087648309517293,0.14529104826845254
