target_id,prot_ps,prot_acf,prot_cs,e_prot_ps,E_prot_ps,e_prot_acf,E_prot_acf,e_prot_cs,E_prot_cs,sph_ps,sph_acf,sph_cs,h_ps,fa_prob_ps,hacf,gacf,hcs
9017696,53.97712513761557,57.48019901569933,54.45565281139723,6.989273137273095,9.431856867792106,-1.0,-1.0,2.5378201341024296,2.5378201341024296,208.835655921451,212.11912181721658,207.3145812022715,6776.734445145867,0.0,0.17690896133361414,0.11474207328554388,0.10887293615096319
