target_id,prot_ps,prot_acf,prot_cs,e_prot_ps,E_prot_ps,e_prot_acf,E_prot_acf,e_prot_cs,E_prot_cs,sph_ps,sph_acf,sph_cs,h_ps,fa_prob_ps,hacf,gacf,hcs
9071421,28.930390083868097,28.68885882385075,29.125591765360717,3.175524119830037,4.068725835380398,-1.0,-1.0,0.5310973969596224,0.5310973969596224,1429.4999642934658,1433.3881498150313,1424.8904411366461,33363.146456950235,0.0,0.8536922998459058,0.43108431696392846,0.06251615686925195
