target_id,prot_ps,prot_acf,prot_cs,e_prot_ps,E_prot_ps,e_prot_acf,E_prot_acf,e_prot_cs,E_prot_cs,sph_ps,sph_acf,sph_cs,h_ps,fa_prob_ps,hacf,gacf,hcs
9099455,61.38111738918627,58.215674160048366,53.952253427936924,30.537869347853864,6138.111738918609,-1.0,-1.0,1.5571323573089555,1.5571323573089555,1147.3347995027664,1165.275069423123,1118.1888692428224,74952.2482974032,0.0,0.5961292632140707,0.23811781241147734,0.8849554800742933
