target_id,prot_ps,prot_acf,prot_cs,e_prot_ps,E_prot_ps,e_prot_acf,E_prot_acf,e_prot_cs,E_prot_cs,sph_ps,sph_acf,sph_cs,h_ps,fa_prob_ps,hacf,gacf,hcs
9085290,72.79740060985183,58.29736786382273,54.24419725532207,7.855633734864043,10.017664265986468,-1.0,-1.0,2.241562493134216,2.241562493134216,764.7181026084686,764.4344073969354,772.0766827725425,7442.293453582954,0.0,0.1943483808818544,0.100052905283485,0.11661638162126059
