target_id,prot_ps,prot_acf,prot_cs,e_prot_ps,E_prot_ps,e_prot_acf,E_prot_acf,e_prot_cs,E_prot_cs,sph_ps,sph_acf,sph_cs,h_ps,fa_prob_ps,hacf,gacf,hcs
9092504,74.1362107707766,60.851437096484005,37.06011901717633,22.928418568424412,60.1083352705506,-1.0,-1.0,10.058877640084509,10.058877640084509,1229.2031860166012,1240.8563349906742,1222.3685713001078,11573.203449470557,0.0,0.2047565043398304,0.14842994249202296,0.27535779844799196
