target_id,prot_ps,prot_acf,prot_cs,e_prot_ps,E_prot_ps,e_prot_acf,E_prot_acf,e_prot_cs,E_prot_cs,sph_ps,sph_acf,sph_cs,h_ps,fa_prob_ps,hacf,gacf,hcs
9092571,72.32614946045896,66.79779632622376,28.62988681230673,9.33670818770058,12.586276840394376,-1.0,-1.0,0.4377311513688466,0.4377311513688466,459.32161753526714,456.56267195889853,456.6164077954912,4862.191459456854,0.0,0.1455813290212139,0.12116294839145542,0.2914822140321454
