target_id,prot_ps,prot_acf,prot_cs,e_prot_ps,E_prot_ps,e_prot_acf,E_prot_acf,e_prot_cs,E_prot_cs,sph_ps,sph_acf,sph_cs,h_ps,fa_prob_ps,hacf,gacf,hcs
9076373,86.80758156661027,61.17868794221431,22.252368459943686,12.081014254664879,16.740591776088138,-1.0,-1.0,1.2216737512042604,1.2216737512042604,378.7956292942531,372.6690885833488,371.72211196722276,2420.47730856301,0.0,0.01433399748930044,0.011098981753425989,0.30012636125447745
