target_id,prot_ps,prot_acf,prot_cs,e_prot_ps,E_prot_ps,e_prot_acf,E_prot_acf,e_prot_cs,E_prot_cs,sph_ps,sph_acf,sph_cs,h_ps,fa_prob_ps,hacf,gacf,hcs
9087958,2.472688960769899,2.5337757039815187,2.49396779374374,0.19300639336683378,0.22871051300358403,-1.0,-1.0,0.011062819663971993,0.011062819663971993,3107.3958588300497,3103.2527748467014,3106.3125878242536,576671.1683621076,0.0,1.1521186720090042,0.8830595040995017,0.12517266724580564
