target_id,prot_ps,prot_acf,prot_cs,e_prot_ps,E_prot_ps,e_prot_acf,E_prot_acf,e_prot_cs,E_prot_cs,sph_ps,sph_acf,sph_cs,h_ps,fa_prob_ps,hacf,gacf,hcs
9083864,59.068654032539676,62.91571698896587,59.2934145691432,7.503767414190925,10.059604688563219,-1.0,-1.0,7.78819312411542,7.78819312411542,1844.1853522518788,1742.320586258709,1847.3313505111148,3773.1580920337897,0.0,0.2119300528879748,0.14658276697324793,0.09324258375280463
