target_id,prot_ps,prot_acf,prot_cs,e_prot_ps,E_prot_ps,e_prot_acf,E_prot_acf,e_prot_cs,E_prot_cs,sph_ps,sph_acf,sph_cs,h_ps,fa_prob_ps,hacf,gacf,hcs
9028438,52.70461290102258,56.56056974083185,53.515520620575984,5.48621472780718,6.928677094003838,-1.0,-1.0,2.227614223270456,2.227614223270456,315.7877023128353,315.95649875086735,317.14249146544535,41214.187463412374,0.0,0.31918153699997814,0.12814616576642637,0.7443135087577933
