target_id,prot_ps,prot_acf,prot_cs,e_prot_ps,E_prot_ps,e_prot_acf,E_prot_acf,e_prot_cs,E_prot_cs,sph_ps,sph_acf,sph_cs,h_ps,fa_prob_ps,hacf,gacf,hcs
9093015,13.620461631866002,13.48623689264059,13.762532857920977,1.5597523326267506,2.0231057863871467,-1.0,-1.0,0.689508786652142,0.689508786652142,835.9060392611028,844.7052675967228,837.5316611716771,18797.672894842333,0.0,0.622763949110704,0.38035357724806274,0.9872408192259217
