target_id,prot_ps,prot_acf,prot_cs,e_prot_ps,E_prot_ps,e_prot_acf,E_prot_acf,e_prot_cs,E_prot_cs,sph_ps,sph_acf,sph_cs,h_ps,fa_prob_ps,hacf,gacf,hcs
9165425,21.92182686543164,20.597190901637077,21.928652170635765,2.965216805448133,4.0648721717269005,-1.0,-1.0,2.628858215742724,2.628858215742724,3316.2065169666585,3451.8195095157885,3315.8336090201383,63344.600887756445,0.0,1.023572851067326,0.545020553245466,0.846939999159685
