target_id,prot_ps,prot_acf,prot_cs,e_prot_ps,E_prot_ps,e_prot_acf,E_prot_acf,e_prot_cs,E_prot_cs,sph_ps,sph_acf,sph_cs,h_ps,fa_prob_ps,hacf,gacf,hcs
9107329,72.21310492358523,58.33829377545044,45.76837706711888,10.680602710236833,15.167171564835385,-1.0,-1.0,1.14334991752115,1.14334991752115,1212.4109861902684,1204.7619447692414,1209.9718335753355,6086.98237726913,0.0,0.15224722019211734,0.062175267220087,0.13803821235586977
