target_id,prot_ps,prot_acf,prot_cs,e_prot_ps,E_prot_ps,e_prot_acf,E_prot_acf,e_prot_cs,E_prot_cs,sph_ps,sph_acf,sph_cs,h_ps,fa_prob_ps,hacf,gacf,hcs
9156522,72.32586857381966,59.318723402451724,34.450426488057715,11.07362784897061,15.961177612086757,-1.0,-1.0,6.734729869073123,6.734729869073123,958.1664151223682,961.3432692043749,956.4187238020186,7803.104491709725,0.0,0.13603251885799292,0.04925474052986439,0.34239060712336844
