target_id,prot_ps,prot_acf,prot_cs,e_prot_ps,E_prot_ps,e_prot_acf,E_prot_acf,e_prot_cs,E_prot_cs,sph_ps,sph_acf,sph_cs,h_ps,fa_prob_ps,hacf,gacf,hcs
9152963,54.65718300317732,58.767277516424656,28.65417713983076,5.505765317394619,6.8948361679969565,-1.0,-1.0,0.3627875984803279,0.3627875984803279,1494.0362789026465,1472.599563043398,1450.7217875874162,8940.803230022373,0.0,0.24125426158158095,0.18385877358481598,0.5283188415406658
