target_id,prot_ps,prot_acf,prot_cs,e_prot_ps,E_prot_ps,e_prot_acf,E_prot_acf,e_prot_cs,E_prot_cs,sph_ps,sph_acf,sph_cs,h_ps,fa_prob_ps,hacf,gacf,hcs
9137443,53.57485580717146,55.08920797333121,54.243836598470985,9.254707336515487,14.139836689767137,-1.0,-1.0,3.1020790237488245,3.1020790237488245,332.1871670763098,335.26869960139027,333.66257449529496,9177.402759409333,0.0,0.22805397437031932,0.16468510601710265,0.29967576743746455
