target_id,prot_ps,prot_acf,prot_cs,e_prot_ps,E_prot_ps,e_prot_acf,E_prot_acf,e_prot_cs,E_prot_cs,sph_ps,sph_acf,sph_cs,h_ps,fa_prob_ps,hacf,gacf,hcs
9118981,1.4805757748924444,1.512093985453248,1.506576885776594,0.10498794939858413,0.12233797394414547,-1.0,-1.0,0.05669083681147745,0.05669083681147745,8481.41686547445,8473.712737007969,8472.056509951753,4643462.350400497,0.0,1.6223300746479048,0.9468606765901983,0.07564624383843636
