target_id,prot_ps,prot_acf,prot_cs,e_prot_ps,E_prot_ps,e_prot_acf,E_prot_acf,e_prot_cs,E_prot_cs,sph_ps,sph_acf,sph_cs,h_ps,fa_prob_ps,hacf,gacf,hcs
9158504,72.32948613961382,57.255243555642664,25.013307901974752,11.213312469119309,16.25263781051443,-1.0,-1.0,5.6319938019449145,5.6319938019449145,835.2387845104039,834.324024107121,820.4394888114657,20960.631964881486,0.0,0.17188846941820984,0.060466332007777464,0.1405648941632046
