target_id,prot_ps,prot_acf,prot_cs,e_prot_ps,E_prot_ps,e_prot_acf,E_prot_acf,e_prot_cs,E_prot_cs,sph_ps,sph_acf,sph_cs,h_ps,fa_prob_ps,hacf,gacf,hcs
9142334,20.96384514557301,21.04675866663456,21.36314567124056,2.2858448230819093,2.9233554366676167,-1.0,-1.0,1.085993150800573,1.085993150800573,1052.7730430789602,1054.5581355595475,1052.9599861014065,152340.81798288686,0.0,0.7291820495847576,0.35644120764968645,0.9877252690938453
