target_id,prot_ps,prot_acf,prot_cs,e_prot_ps,E_prot_ps,e_prot_acf,E_prot_acf,e_prot_cs,E_prot_cs,sph_ps,sph_acf,sph_cs,h_ps,fa_prob_ps,hacf,gacf,hcs
9151799,26.300430265023017,24.030011147260666,24.60051957517862,5.280831018465712,8.824586900938755,-1.0,-1.0,2.813095029977194,2.813095029977194,2639.5686897374044,2647.0618327812867,2639.843874457636,39129.30137570473,0.0,0.575754801647919,0.28347397362485344,0.8155523179952545
