target_id,prot_ps,prot_acf,prot_cs,e_prot_ps,E_prot_ps,e_prot_acf,E_prot_acf,e_prot_cs,E_prot_cs,sph_ps,sph_acf,sph_cs,h_ps,fa_prob_ps,hacf,gacf,hcs
9179536,47.60414969310263,5.231042504310608,6.707381648593581,6.881730696811765,9.68062278578683,-1.0,-1.0,0.16652539129679667,0.16652539129679667,594.7178191535451,459.4616306067625,485.51058031140377,69872.05867775355,0.0,0.3885941805614803,0.5197781398917769,0.43547193350313484
