target_id,prot_ps,prot_acf,prot_cs,e_prot_ps,E_prot_ps,e_prot_acf,E_prot_acf,e_prot_cs,E_prot_cs,sph_ps,sph_acf,sph_cs,h_ps,fa_prob_ps,hacf,gacf,hcs
9117974,72.32612049405587,58.501684942282736,36.170102183134645,21.684585236310845,54.1618479675562,-1.0,-1.0,365.35450617694556,365.35450617694556,1818.115399717138,1781.0168942118144,1609.7770669865758,61675.24402047242,0.0,0.28639573866307194,0.12288807712513279,0.5300044221261003
