target_id,prot_ps,prot_acf,prot_cs,e_prot_ps,E_prot_ps,e_prot_acf,E_prot_acf,e_prot_cs,E_prot_cs,sph_ps,sph_acf,sph_cs,h_ps,fa_prob_ps,hacf,gacf,hcs
9159416,25.830734092821565,25.869042023085058,26.028263073128286,3.130235056975586,4.131588081390397,-1.0,-1.0,0.41703852901619143,0.41703852901619143,2962.147563422272,2964.2243531141244,2957.9067640242606,488270.8688447653,0.0,1.0803769859299717,0.6353781544254292,0.9878437221220937
