target_id,prot_ps,prot_acf,prot_cs,e_prot_ps,E_prot_ps,e_prot_acf,E_prot_acf,e_prot_cs,E_prot_cs,sph_ps,sph_acf,sph_cs,h_ps,fa_prob_ps,hacf,gacf,hcs
9145742,53.574838833099214,57.23472767788917,26.354742847951126,10.563547685003172,17.441593908480023,-1.0,-1.0,3.6847835827729027,3.6847835827729027,298.9293207800699,299.0217794386582,295.4608798804108,6986.352357421684,0.0,0.11545572651740643,0.028555440364165026,0.2116607417195446
