target_id,prot_ps,prot_acf,prot_cs,e_prot_ps,E_prot_ps,e_prot_acf,E_prot_acf,e_prot_cs,E_prot_cs,sph_ps,sph_acf,sph_cs,h_ps,fa_prob_ps,hacf,gacf,hcs
9164664,72.21307135772011,79.46673242980614,41.75078727244538,10.746477553610575,15.300362219011745,-1.0,-1.0,6.198852187546196,6.198852187546196,2536.866843015028,2829.6327638669777,2586.399831667023,167002.55497229483,0.0,0.5996626801461127,0.2922818153890819,0.8256994243258239
