target_id,prot_ps,prot_acf,prot_cs,e_prot_ps,E_prot_ps,e_prot_acf,E_prot_acf,e_prot_cs,E_prot_cs,sph_ps,sph_acf,sph_cs,h_ps,fa_prob_ps,hacf,gacf,hcs
9172970,10.713193413788156,14.364969464018941,2.2159079520256615,1.1958661077042514,1.5395787594760826,-1.0,-1.0,0.050053623599298616,0.050053623599298616,615.0013030624261,633.1378582418082,542.4860780565967,1852.1476705453342,0.0,0.004694800711509255,0.036155752760331304,1.1522659015853973
