target_id,prot_ps,prot_acf,prot_cs,e_prot_ps,E_prot_ps,e_prot_acf,E_prot_acf,e_prot_cs,E_prot_cs,sph_ps,sph_acf,sph_cs,h_ps,fa_prob_ps,hacf,gacf,hcs
9173741,20.504100792443552,19.922864937689155,20.59630442205187,2.4240035279962946,3.1746113363869988,-1.0,-1.0,0.2279560088536314,0.2279560088536314,1414.7150411103212,1407.5275257838102,1418.4582130865185,431819.21180285304,0.0,0.5601092031689809,0.2048873964368039,0.95870301986341
