target_id,prot_ps,prot_acf,prot_cs,e_prot_ps,E_prot_ps,e_prot_acf,E_prot_acf,e_prot_cs,E_prot_cs,sph_ps,sph_acf,sph_cs,h_ps,fa_prob_ps,hacf,gacf,hcs
9164429,90.40765263342833,83.65557234082371,41.00778174490202,17.764349848508985,29.265011164182482,-1.0,-1.0,7.041406282816994,7.041406282816994,427.63291531471714,424.20750633914633,420.71996164187686,3849.5213493510264,0.0,0.12451316007539548,0.07682010513645073,0.24124967472997977
