target_id,prot_ps,prot_acf,prot_cs,e_prot_ps,E_prot_ps,e_prot_acf,E_prot_acf,e_prot_cs,E_prot_cs,sph_ps,sph_acf,sph_cs,h_ps,fa_prob_ps,hacf,gacf,hcs
9228855,61.38111242448177,87.8649948630482,41.31927622304186,12.544831234818432,21.21755116779906,-1.0,-1.0,0.8773388935510571,0.8773388935510571,839.452239416263,845.729857079296,831.4505876864973,7367.509163739771,0.0,0.07473072157463594,0.1246574090484127,4.3989071858775715
