target_id,prot_ps,prot_acf,prot_cs,e_prot_ps,E_prot_ps,e_prot_acf,E_prot_acf,e_prot_cs,E_prot_cs,sph_ps,sph_acf,sph_cs,h_ps,fa_prob_ps,hacf,gacf,hcs
9269843,39.12701266285569,38.61981390975416,39.10920255691744,6.92731912919119,10.72496390523282,-1.0,-1.0,3.788006624403427,3.788006624403427,363.2368610069124,368.7067275863597,363.1941100850421,19427.68980475932,0.0,0.30088922954812236,0.15933982464612859,0.32037813832055423
