target_id,prot_ps,prot_acf,prot_cs,e_prot_ps,E_prot_ps,e_prot_acf,E_prot_acf,e_prot_cs,E_prot_cs,sph_ps,sph_acf,sph_cs,h_ps,fa_prob_ps,hacf,gacf,hcs
9271752,72.32597373429537,59.155444731004536,28.6739534452507,13.724754344711329,22.11975077031302,-1.0,-1.0,0.454551734736458,0.454551734736458,457.5289025949175,454.9318002312513,449.06319652013525,4035.834989436753,0.0,0.12935590708805583,0.04918513506773083,0.20170234454549557
