target_id,prot_ps,prot_acf,prot_cs,e_prot_ps,E_prot_ps,e_prot_acf,E_prot_acf,e_prot_cs,E_prot_cs,sph_ps,sph_acf,sph_cs,h_ps,fa_prob_ps,hacf,gacf,hcs
9238346,16.94649709731559,16.20393716543913,16.345338483452792,3.0317507778140875,4.72090203099032,-1.0,-1.0,0.8485772275199983,0.8485772275199983,868.0691659585483,861.9418404541804,861.7876011612434,34993.22416384524,0.0,0.38272713757821764,0.22325471680939157,0.8784409640857477
