target_id,prot_ps,prot_acf,prot_cs,e_prot_ps,E_prot_ps,e_prot_acf,E_prot_acf,e_prot_cs,E_prot_cs,sph_ps,sph_acf,sph_cs,h_ps,fa_prob_ps,hacf,gacf,hcs
9271621,92.12833800043029,98.1606188248843,46.04068125749008,36.605797591101044,178.2775885708303,-1.0,-1.0,9.410871767638477,9.410871767638477,616.4943993499854,615.0684802418715,597.3897946283759,4995.432290141554,0.0,0.05847359336723139,0.09040123052821881,0.21274446745394246
