target_id,prot_ps,prot_acf,prot_cs,e_prot_ps,E_prot_ps,e_prot_acf,E_prot_acf,e_prot_cs,E_prot_cs,sph_ps,sph_acf,sph_cs,h_ps,fa_prob_ps,hacf,gacf,hcs
9215841,7.6535645801822785,7.805680761113763,7.719079010252211,0.6753112182132526,0.8200199053765846,-1.0,-1.0,0.043263156863879666,0.043263156863879666,19320.008428273155,19132.327452731734,19399.775752514353,16789325.854506865,0.0,1.460452236595044,0.8197969111062445,0.9253177981651306
