target_id,prot_ps,prot_acf,prot_cs,e_prot_ps,E_prot_ps,e_prot_acf,E_prot_acf,e_prot_cs,E_prot_cs,sph_ps,sph_acf,sph_cs,h_ps,fa_prob_ps,hacf,gacf,hcs
9230093,46.66201526345843,52.02420420944691,30.768863494321707,4.723401660185431,5.922401858145427,-1.0,-1.0,4.3977395456726205,4.3977395456726205,326.9917219409721,319.0709027023135,315.46675023585004,5341.835580585556,0.0,0.10098515672383931,0.02689521070035682,0.3857276634279926
