target_id,prot_ps,prot_acf,prot_cs,e_prot_ps,E_prot_ps,e_prot_acf,E_prot_acf,e_prot_cs,E_prot_cs,sph_ps,sph_acf,sph_cs,h_ps,fa_prob_ps,hacf,gacf,hcs
9210192,18.219063373546906,18.042946155183017,18.00171337869251,2.2935963440304086,3.0654029890201713,-1.0,-1.0,0.24162166728870058,0.24162166728870058,2123.4326090335935,2115.8207235135606,2116.9808749375575,300676.5273791862,0.0,0.7182732038175055,0.3810566707018907,0.9772571601166999
