target_id,prot_ps,prot_acf,prot_cs,e_prot_ps,E_prot_ps,e_prot_acf,E_prot_acf,e_prot_cs,E_prot_cs,sph_ps,sph_acf,sph_cs,h_ps,fa_prob_ps,hacf,gacf,hcs
9299986,0.1886338464854021,0.20433728583157063,-1.0,-1.0,-1.0,-1.0,-1.0,-1.0,-1.0,955.9056103693614,954.9645450430961,-1.0,162542.02210778976,0.0,0.8530544211177771,0.5921784349075428,0.19509759565412388
