target_id,prot_ps,prot_acf,prot_cs,e_prot_ps,E_prot_ps,e_prot_acf,E_prot_acf,e_prot_cs,E_prot_cs,sph_ps,sph_acf,sph_cs,h_ps,fa_prob_ps,hacf,gacf,hcs
9210217,90.40750115269962,65.95987745001912,28.637196252440003,14.794448442690097,21.992104730933065,-1.0,-1.0,0.4141310152472868,0.4141310152472868,939.8196344301482,888.1302375541043,901.8647474908846,8313.21583272471,0.0,0.13967592730401807,0.020342539177361223,0.17502107997638383
