target_id,prot_ps,prot_acf,prot_cs,e_prot_ps,E_prot_ps,e_prot_acf,E_prot_acf,e_prot_cs,E_prot_cs,sph_ps,sph_acf,sph_cs,h_ps,fa_prob_ps,hacf,gacf,hcs
9209156,7.160887322142919,7.172214542515576,7.225328148517246,0.7265786213506491,0.9115616130675424,-1.0,-1.0,0.037025110569953806,0.037025110569953806,6027.281736829482,6023.713003556088,6011.511826523278,623814.3166105244,0.0,1.1812278169724038,0.7403577862282018,0.9728782030168694
