target_id,prot_ps,prot_acf,prot_cs,e_prot_ps,E_prot_ps,e_prot_acf,E_prot_acf,e_prot_cs,E_prot_cs,sph_ps,sph_acf,sph_cs,h_ps,fa_prob_ps,hacf,gacf,hcs
9292483,61.24393976102781,75.33903023600578,40.751170715282356,10.103704709826808,15.079020508416711,-1.0,-1.0,10.205534140212281,10.205534140212281,232.48876888752002,232.01392513419097,229.80612830844822,5138.623970029969,0.0,0.1391079016793636,0.063714068951255,0.09067513170529073
