target_id,prot_ps,prot_acf,prot_cs,e_prot_ps,E_prot_ps,e_prot_acf,E_prot_acf,e_prot_cs,E_prot_cs,sph_ps,sph_acf,sph_cs,h_ps,fa_prob_ps,hacf,gacf,hcs
9239542,73.7873159033194,86.2915905774571,46.12605304049793,9.269748574695058,12.380395857288477,-1.0,-1.0,1.6608973638609201,1.6608973638609201,1109.5217066264217,1090.1438758536226,1104.2757604471665,9370.691918565242,0.0,0.2291904307241962,0.1961653659233307,0.19208175835009306
