target_id,prot_ps,prot_acf,prot_cs,e_prot_ps,E_prot_ps,e_prot_acf,E_prot_acf,e_prot_cs,E_prot_cs,sph_ps,sph_acf,sph_cs,h_ps,fa_prob_ps,hacf,gacf,hcs
9287446,14.761137964799639,14.855278701521456,14.905404275869344,1.4165364422962323,1.7529825429606003,-1.0,-1.0,0.10996363859857568,0.10996363859857568,3352.020846872915,3335.906287473093,3333.824788637813,363006.87945092074,0.0,1.1200881289249331,0.5455193208519585,0.9478958457761272
