target_id,prot_ps,prot_acf,prot_cs,e_prot_ps,E_prot_ps,e_prot_acf,E_prot_acf,e_prot_cs,E_prot_cs,sph_ps,sph_acf,sph_cs,h_ps,fa_prob_ps,hacf,gacf,hcs
9223806,72.51681519788194,75.48214522190392,28.93454988552257,8.387144314175359,10.911041025568935,-1.0,-1.0,4.238539774508816,4.238539774508816,477.76622088549396,477.67238020305354,474.06160597132737,6642.429268477292,0.0,0.15303618015501833,0.09932134692290571,0.08734609643229765
