target_id,prot_ps,prot_acf,prot_cs,e_prot_ps,E_prot_ps,e_prot_acf,E_prot_acf,e_prot_cs,E_prot_cs,sph_ps,sph_acf,sph_cs,h_ps,fa_prob_ps,hacf,gacf,hcs
9351012,92.23394261652496,1.1851530438289046,4.96374259884102,15.208850253804172,22.692615625212028,-1.0,-1.0,0.024415712538114205,0.024415712538114205,2493.3940364882924,1464.654724088876,1814.9706008867174,426610.1046566193,0.0,0.8718585946411083,0.5750656134980868,1.0219493251034963
