target_id,prot_ps,prot_acf,prot_cs,e_prot_ps,E_prot_ps,e_prot_acf,E_prot_acf,e_prot_cs,E_prot_cs,sph_ps,sph_acf,sph_cs,h_ps,fa_prob_ps,hacf,gacf,hcs
9366643,17.826878405888976,17.96122163766995,17.86135157720449,1.715248023936681,2.1239723423736123,-1.0,-1.0,0.20525046353089743,0.20525046353089743,6242.236702183376,6203.812763788865,6234.988693904877,794834.5797420274,0.0,0.9800513490867487,0.5088504223771293,0.9951334320198916
