target_id,prot_ps,prot_acf,prot_cs,e_prot_ps,E_prot_ps,e_prot_acf,E_prot_acf,e_prot_cs,E_prot_cs,sph_ps,sph_acf,sph_cs,h_ps,fa_prob_ps,hacf,gacf,hcs
9306085,0.22817526195146934,0.46997509337961674,58.51405726671401,0.005753150106279276,0.006058673665165992,-1.0,-1.0,0.0429408738975365,0.0429408738975365,35267.8106288662,35434.12745608009,37047.52326145601,49208601.80963883,0.0,1.2676458218146083,0.880616769751121,0.009557102966821976
