target_id,prot_ps,prot_acf,prot_cs,e_prot_ps,E_prot_ps,e_prot_acf,E_prot_acf,e_prot_cs,E_prot_cs,sph_ps,sph_acf,sph_cs,h_ps,fa_prob_ps,hacf,gacf,hcs
9344432,72.32609680936801,71.45662998082116,34.321046444005326,10.574556844039328,14.944539036338625,-1.0,-1.0,7.0281612628460755,7.0281612628460755,767.2947102957924,767.0583845786635,766.7472911038064,12562.493370849901,0.0,0.25258168789288427,0.1929710216167015,0.0864459227224721
