target_id,prot_ps,prot_acf,prot_cs,e_prot_ps,E_prot_ps,e_prot_acf,E_prot_acf,e_prot_cs,E_prot_cs,sph_ps,sph_acf,sph_cs,h_ps,fa_prob_ps,hacf,gacf,hcs
9335389,90.40749880166489,62.915259615983814,28.651672359040255,12.984087827930253,18.216499606742786,-1.0,-1.0,0.3732558648359711,0.3732558648359711,409.44779843291093,405.74822923012323,397.2405084666475,7614.671873263078,0.0,0.12845598384829088,0.004419603048709653,0.15171179265178816
