target_id,prot_ps,prot_acf,prot_cs,e_prot_ps,E_prot_ps,e_prot_acf,E_prot_acf,e_prot_cs,E_prot_cs,sph_ps,sph_acf,sph_cs,h_ps,fa_prob_ps,hacf,gacf,hcs
9338939,46.7683471222257,50.573329569306225,50.29481866747606,2.2270645254451225,2.4614924140633008,-1.0,-1.0,7.756191437029077,7.756191437029077,430.21967858391633,430.21967858391633,430.21967858391633,3347.2042792856555,0.0,0.1794678967749052,0.18347435617464639,0.49007457883406463
