target_id,prot_ps,prot_acf,prot_cs,e_prot_ps,E_prot_ps,e_prot_acf,E_prot_acf,e_prot_cs,E_prot_cs,sph_ps,sph_acf,sph_cs,h_ps,fa_prob_ps,hacf,gacf,hcs
9335072,32.14491827417354,32.61216170154512,32.616614515864896,3.4240778218971855,4.351019273000368,-1.0,-1.0,2.139901180293584,2.139901180293584,2520.380931069717,2529.484103102554,2529.6923992341185,200376.30144994197,0.0,1.1226791135464196,0.5886627979411869,0.9970313355338154
