target_id,prot_ps,prot_acf,prot_cs,e_prot_ps,E_prot_ps,e_prot_acf,E_prot_acf,e_prot_cs,E_prot_cs,sph_ps,sph_acf,sph_cs,h_ps,fa_prob_ps,hacf,gacf,hcs
9329361,23.56928976165375,24.60257364064455,25.631987026891707,3.286650712273481,4.557782780645638,-1.0,-1.0,4.079179221932071,4.079179221932071,352.1810468858032,354.26893709749686,354.26893709749686,752.393957598774,0.0,0.17603786332334256,0.10304940389034406,0.12811504605699756
