target_id,prot_ps,prot_acf,prot_cs,e_prot_ps,E_prot_ps,e_prot_acf,E_prot_acf,e_prot_cs,E_prot_cs,sph_ps,sph_acf,sph_cs,h_ps,fa_prob_ps,hacf,gacf,hcs
9394768,72.32593344704388,83.24668394587934,28.628505990052187,7.669727383780838,9.73424231801198,-1.0,-1.0,0.42211303580765486,0.42211303580765486,1150.229396708153,1142.643126247237,1098.744006380432,37867.610432062735,0.0,0.29242152490643525,0.21149214179206854,0.1188328506719669
