target_id,prot_ps,prot_acf,prot_cs,e_prot_ps,E_prot_ps,e_prot_acf,E_prot_acf,e_prot_cs,E_prot_cs,sph_ps,sph_acf,sph_cs,h_ps,fa_prob_ps,hacf,gacf,hcs
9354106,90.40757623125683,100.32938784919679,33.536783667514094,11.8464258531354,16.053527253704786,-1.0,-1.0,4.65081034675198,4.65081034675198,262.0793698950175,260.32282898935665,258.9747975352318,3116.427534104732,0.0,0.09822356207809332,0.06277151174016939,0.23663420511548125
