target_id,prot_ps,prot_acf,prot_cs,e_prot_ps,E_prot_ps,e_prot_acf,E_prot_acf,e_prot_cs,E_prot_cs,sph_ps,sph_acf,sph_cs,h_ps,fa_prob_ps,hacf,gacf,hcs
9418153,90.40733237499094,12.260349467396736,19.62053493878137,15.309898086345171,23.150762396965703,-1.0,-1.0,1.0336561662854613,1.0336561662854613,623.2756645753882,591.8283688116859,602.1198718184503,3041.322871443409,0.0,1.1786979042817045e-05,0.010376478917216552,8.475991493545234
