target_id,prot_ps,prot_acf,prot_cs,e_prot_ps,E_prot_ps,e_prot_acf,E_prot_acf,e_prot_cs,E_prot_cs,sph_ps,sph_acf,sph_cs,h_ps,fa_prob_ps,hacf,gacf,hcs
9457728,48.5793378643828,49.06140916142613,21.650200483143987,7.639207376641643,11.144064533222092,-1.0,-1.0,0.20489416336985278,0.20489416336985278,96.04039479043597,95.93341816655891,92.49946309537668,9467.496740107777,0.0,0.1344904185616097,0.03451420924079323,0.722342801991544
