target_id,prot_ps,prot_acf,prot_cs,e_prot_ps,E_prot_ps,e_prot_acf,E_prot_acf,e_prot_cs,E_prot_cs,sph_ps,sph_acf,sph_cs,h_ps,fa_prob_ps,hacf,gacf,hcs
9449234,1.9083268172780594,1.94118722807616,1.9580046756796212,0.1650395924536543,0.19955644078417012,-1.0,-1.0,0.07161740738192725,0.07161740738192725,1612.5210062906024,1616.3206213757462,1616.0307529492397,388671.56096994627,0.0,1.2555075132869908,0.8857130268880515,0.30456186669100876
