target_id,prot_ps,prot_acf,prot_cs,e_prot_ps,E_prot_ps,e_prot_acf,E_prot_acf,e_prot_cs,E_prot_cs,sph_ps,sph_acf,sph_cs,h_ps,fa_prob_ps,hacf,gacf,hcs
9412514,3.671037953925523,3.6780710611492395,3.6949589469866844,0.3389488452174563,0.4157152574538583,-1.0,-1.0,0.031109646358741222,0.031109646358741222,154.4949616110798,151.66402832125613,156.3044684090133,22713.73865070196,0.0,0.5667106308332637,0.6903558816167782,0.38085503902928397
