target_id,prot_ps,prot_acf,prot_cs,e_prot_ps,E_prot_ps,e_prot_acf,E_prot_acf,e_prot_cs,E_prot_cs,sph_ps,sph_acf,sph_cs,h_ps,fa_prob_ps,hacf,gacf,hcs
9473189,68.43164176276565,76.15622180420905,51.09665937170543,9.23717921343222,12.653116755406046,-1.0,-1.0,1.7701566589743496,1.7701566589743496,750.6303473219856,744.5734176694502,748.8980197068298,1959.7772340694762,0.0,0.08975562805126105,0.04251267205655845,0.20472052419891326
