target_id,prot_ps,prot_acf,prot_cs,e_prot_ps,E_prot_ps,e_prot_acf,E_prot_acf,e_prot_cs,E_prot_cs,sph_ps,sph_acf,sph_cs,h_ps,fa_prob_ps,hacf,gacf,hcs
9411071,3.671372050867899,3.7393626160919666,3.701479720769773,0.30976060044538034,0.37264154339119937,-1.0,-1.0,0.01798067030487993,0.01798067030487993,5237.140062528036,5279.02722008016,5231.476237531176,1332758.3950978462,0.0,1.4902536902737924,0.8663145820411275,0.5330940058669852
