target_id,prot_ps,prot_acf,prot_cs,e_prot_ps,E_prot_ps,e_prot_acf,E_prot_acf,e_prot_cs,E_prot_cs,sph_ps,sph_acf,sph_cs,h_ps,fa_prob_ps,hacf,gacf,hcs
9405029,92.1286466495479,93.21596125420183,46.97087310230334,19.534414535403457,33.91792992064562,-1.0,-1.0,5.8423355304169275,5.8423355304169275,712.2049972929632,711.9264788492434,709.0096881528272,7570.485748959853,0.0,0.14861744067609212,0.10218065272489867,0.10143309924434805
