target_id,prot_ps,prot_acf,prot_cs,e_prot_ps,E_prot_ps,e_prot_acf,E_prot_acf,e_prot_cs,E_prot_cs,sph_ps,sph_acf,sph_cs,h_ps,fa_prob_ps,hacf,gacf,hcs
9471061,74.75484833704417,84.36852152971551,28.40418342466544,13.808655437281985,21.898978998938205,-1.0,-1.0,0.515648705622318,0.515648705622318,500.0127686891017,488.5618853902741,445.29415982604274,10343.414257439228,0.0,0.1378284907687021,0.07494169099963136,0.2954259186782432
