target_id,prot_ps,prot_acf,prot_cs,e_prot_ps,E_prot_ps,e_prot_acf,E_prot_acf,e_prot_cs,E_prot_cs,sph_ps,sph_acf,sph_cs,h_ps,fa_prob_ps,hacf,gacf,hcs
9412433,68.88196112049809,68.28936996962875,-1.0,13.254304262684357,21.546146693297473,-1.0,-1.0,-1.0,-1.0,376.34734302051567,376.2908423255188,-1.0,4261.3336858930725,0.0,0.1736549205027168,0.1565025643553922,0.20437953108550427
