target_id,prot_ps,prot_acf,prot_cs,e_prot_ps,E_prot_ps,e_prot_acf,E_prot_acf,e_prot_cs,E_prot_cs,sph_ps,sph_acf,sph_cs,h_ps,fa_prob_ps,hacf,gacf,hcs
9455797,90.4074671602319,90.21460742224008,26.35472122649662,21.036668862554635,39.348426703431244,-1.0,-1.0,3.5872442664021955,3.5872442664021955,1186.1472774487158,1184.5296145948867,1161.041729787548,11480.458594268093,0.0,0.3051245118916899,0.15778998499145816,0.39952101115653044
