target_id,prot_ps,prot_acf,prot_cs,e_prot_ps,E_prot_ps,e_prot_acf,E_prot_acf,e_prot_cs,E_prot_cs,sph_ps,sph_acf,sph_cs,h_ps,fa_prob_ps,hacf,gacf,hcs
9521588,72.60419863704054,61.60750635433942,28.64227153153298,9.423015461553447,12.726447262323731,-1.0,-1.0,0.3643511692202941,0.3643511692202941,709.8641391158618,709.7312354133846,704.6653472315975,7748.668110457406,0.0,0.21337663987025335,0.12504127340099092,0.17168287429933696
