target_id,prot_ps,prot_acf,prot_cs,e_prot_ps,E_prot_ps,e_prot_acf,E_prot_acf,e_prot_cs,E_prot_cs,sph_ps,sph_acf,sph_cs,h_ps,fa_prob_ps,hacf,gacf,hcs
9593432,1.196621669234231,1.2055906732566655,1.2071935891408887,0.07560069730013863,0.08653498960524697,-1.0,-1.0,0.00973958228766723,0.00973958228766723,1321.5811654845922,1320.3664041839104,1320.3664041839104,14645.845486928798,0.0,0.895493356891568,0.7141850076780015,0.5704533117831397
