target_id,prot_ps,prot_acf,prot_cs,e_prot_ps,E_prot_ps,e_prot_acf,E_prot_acf,e_prot_cs,E_prot_cs,sph_ps,sph_acf,sph_cs,h_ps,fa_prob_ps,hacf,gacf,hcs
9592928,80.96576361206951,73.52065094280988,24.57525975691815,28.67890846523388,98.35712333499578,-1.0,-1.0,0.46693117653928845,0.46693117653928845,177.88417461239948,172.6223999057766,168.59674681819493,2805.416310680878,0.0,0.02305158218305443,0.039103963151905216,0.3075843332571454
