target_id,prot_ps,prot_acf,prot_cs,e_prot_ps,E_prot_ps,e_prot_acf,E_prot_acf,e_prot_cs,E_prot_cs,sph_ps,sph_acf,sph_cs,h_ps,fa_prob_ps,hacf,gacf,hcs
9570164,72.74035413467533,25.030667218379676,33.57802760027923,3.4638263873655006,3.8284396912986978,-1.0,-1.0,2.6451173048828576,2.6451173048828576,912.3064801349674,913.1024356847095,939.5556769149556,2350.477246079087,0.0,0.055664015169729755,0.038533564597843004,0.5040509623469988
