target_id,prot_ps,prot_acf,prot_cs,e_prot_ps,E_prot_ps,e_prot_acf,E_prot_acf,e_prot_cs,E_prot_cs,sph_ps,sph_acf,sph_cs,h_ps,fa_prob_ps,hacf,gacf,hcs
9527819,59.472992035758764,61.21948850341141,59.458304353174746,19.783237634907465,59.104681554095535,-1.0,-1.0,6.890465392752816,6.890465392752816,128.43259237631557,128.316871788766,128.4334693834456,5806.731375862269,0.0,0.18119165015264446,0.11346074847380729,0.1327677914284123
