target_id,prot_ps,prot_acf,prot_cs,e_prot_ps,E_prot_ps,e_prot_acf,E_prot_acf,e_prot_cs,E_prot_cs,sph_ps,sph_acf,sph_cs,h_ps,fa_prob_ps,hacf,gacf,hcs
9519469,61.38111146911624,60.40207416191697,53.90941126920443,15.701762962006114,32.15040988482631,-1.0,-1.0,1.8192953346824958,1.8192953346824958,1200.912810496638,1199.1291845533592,1178.1050671932214,13227.147214392911,0.0,0.29634127296285323,0.23353313822729127,0.9967462526186872
