target_id,prot_ps,prot_acf,prot_cs,e_prot_ps,E_prot_ps,e_prot_acf,E_prot_acf,e_prot_cs,E_prot_cs,sph_ps,sph_acf,sph_cs,h_ps,fa_prob_ps,hacf,gacf,hcs
9574825,51.933617638438925,24.274969719350338,51.48316494645552,8.16037261314068,11.900126060411779,-1.0,-1.0,2.1767320088081332,2.1767320088081332,257.7867172116861,248.12150882163806,258.1522663174789,2282.059577396146,0.0,0.06600252897809884,0.055529328642169674,0.4162032913518032
