target_id,prot_ps,prot_acf,prot_cs,e_prot_ps,E_prot_ps,e_prot_acf,E_prot_acf,e_prot_cs,E_prot_cs,sph_ps,sph_acf,sph_cs,h_ps,fa_prob_ps,hacf,gacf,hcs
9595770,9.095201753689143,9.133904360700399,9.170357277420981,0.8542690550920184,1.0518618124472212,-1.0,-1.0,0.12309447179112679,0.12309447179112679,2466.7545816353477,2458.1025051182046,2448.348767573073,156615.3245538818,0.0,0.891110734858948,0.57982034894542,0.9724481833350243
