target_id,prot_ps,prot_acf,prot_cs,e_prot_ps,E_prot_ps,e_prot_acf,E_prot_acf,e_prot_cs,E_prot_cs,sph_ps,sph_acf,sph_cs,h_ps,fa_prob_ps,hacf,gacf,hcs
9532354,49.83692955395146,55.006471648812294,54.095606312991826,5.2097152350413936,6.586826084843096,-1.0,-1.0,6.258381968323284,6.258381968323284,614.6186993150897,814.9838677350351,797.4688962170891,4018.7318396290684,0.0,0.1501826142050033,0.08469064763011978,0.17839887798213264
