target_id,prot_ps,prot_acf,prot_cs,e_prot_ps,E_prot_ps,e_prot_acf,E_prot_acf,e_prot_cs,E_prot_cs,sph_ps,sph_acf,sph_cs,h_ps,fa_prob_ps,hacf,gacf,hcs
9527121,73.787318260234,73.4182228334248,48.206531801261015,8.848368933225558,11.64005453279725,-1.0,-1.0,8.86939796398705,8.86939796398705,527.4409960264907,527.321560911897,525.6807495279787,5677.588671228084,0.0,0.15659105543881147,0.12821113414613927,0.10190367372848474
