target_id,prot_ps,prot_acf,prot_cs,e_prot_ps,E_prot_ps,e_prot_acf,E_prot_acf,e_prot_cs,E_prot_cs,sph_ps,sph_acf,sph_cs,h_ps,fa_prob_ps,hacf,gacf,hcs
9574706,27.619734148912908,27.95321074873209,28.01075603327373,3.0507966481802917,3.9158676831107293,-1.0,-1.0,0.6304185875910484,0.6304185875910484,5588.079675546075,5569.42430197531,5569.684484931746,1312823.6843479823,0.0,1.3986675796521435,0.7373810259974286,0.9941555451003065
