target_id,prot_ps,prot_acf,prot_cs,e_prot_ps,E_prot_ps,e_prot_acf,E_prot_acf,e_prot_cs,E_prot_cs,sph_ps,sph_acf,sph_cs,h_ps,fa_prob_ps,hacf,gacf,hcs
9579024,53.574790127147985,54.72133434843272,53.98647232288591,8.235481535538142,11.891339246371835,-1.0,-1.0,2.161016560662638,2.161016560662638,361.3882021945208,374.31275120310835,360.3560587484107,6152.898369391681,0.0,0.1851132383670732,0.11411116822212838,0.1089542307772505
