target_id,prot_ps,prot_acf,prot_cs,e_prot_ps,E_prot_ps,e_prot_acf,E_prot_acf,e_prot_cs,E_prot_cs,sph_ps,sph_acf,sph_cs,h_ps,fa_prob_ps,hacf,gacf,hcs
9531242,51.15153220383489,19.28944769501686,52.37646443730387,4.811995681072894,5.927173799754975,-1.0,-1.0,2.618207464528926,2.618207464528926,1253.341836635996,934.1438146709797,1255.0508637025205,1178.8140850979764,0.0,0.020115513120872036,0.020634809556128984,1.4892311499593156
