target_id,prot_ps,prot_acf,prot_cs,e_prot_ps,E_prot_ps,e_prot_acf,E_prot_acf,e_prot_cs,E_prot_cs,sph_ps,sph_acf,sph_cs,h_ps,fa_prob_ps,hacf,gacf,hcs
9511303,37.090291160571624,69.63800100982189,22.897014915949313,13.70381800034874,52.49372111802275,-1.0,-1.0,2.228030408037081,2.228030408037081,561.8655416126293,566.472246390605,557.9539970041906,2552.0880097642894,0.0,0.04257360525856301,0.03741216350939669,0.3362254667640925
