target_id,prot_ps,prot_acf,prot_cs,e_prot_ps,E_prot_ps,e_prot_acf,E_prot_acf,e_prot_cs,E_prot_cs,sph_ps,sph_acf,sph_cs,h_ps,fa_prob_ps,hacf,gacf,hcs
9533088,46.64884268845612,43.35953806899488,46.03641401062005,6.693573384912092,9.387598654628192,-1.0,-1.0,3.5131581404585934,3.5131581404585934,1311.878658387826,1306.4403109765071,1310.2206813827838,893.4166591871272,0.0,0.08278787416666394,0.01957021538168834,0.2525127183254558
