target_id,prot_ps,prot_acf,prot_cs,e_prot_ps,E_prot_ps,e_prot_acf,E_prot_acf,e_prot_cs,E_prot_cs,sph_ps,sph_acf,sph_cs,h_ps,fa_prob_ps,hacf,gacf,hcs
9540132,60.27153757113349,92.19779647886753,50.06818502268289,29.985839587628607,6027.153757113344,-1.0,-1.0,7.593843286868332,7.593843286868332,785.4342267070203,782.8955239572938,785.7346932055906,952.1760234416341,0.0,0.023836836671351266,0.021985450719419364,0.4275942032143295
