target_id,prot_ps,prot_acf,prot_cs,e_prot_ps,E_prot_ps,e_prot_acf,E_prot_acf,e_prot_cs,E_prot_cs,sph_ps,sph_acf,sph_cs,h_ps,fa_prob_ps,hacf,gacf,hcs
9579470,90.40745075874443,96.38555287243798,46.14655017701908,12.824062332863107,17.90307055110607,-1.0,-1.0,7.87177172474471,7.87177172474471,433.1996786506506,432.021835544052,429.9519536205505,6452.558935545438,0.0,0.08580417989124775,0.13011485383055152,0.24038191417338428
