target_id,prot_ps,prot_acf,prot_cs,e_prot_ps,E_prot_ps,e_prot_acf,E_prot_acf,e_prot_cs,E_prot_cs,sph_ps,sph_acf,sph_cs,h_ps,fa_prob_ps,hacf,gacf,hcs
9597468,90.40759040702538,59.850269631017,-1.0,18.76629191229688,32.087281729612656,-1.0,-1.0,-1.0,-1.0,404.6866566458993,547.3114751315259,-1.0,29352.722540538027,0.0,0.017228792978961578,0.017888039465016572,2.2468033481882523
