target_id,prot_ps,prot_acf,prot_cs,e_prot_ps,E_prot_ps,e_prot_acf,E_prot_acf,e_prot_cs,E_prot_cs,sph_ps,sph_acf,sph_cs,h_ps,fa_prob_ps,hacf,gacf,hcs
9596261,11.38992880641738,11.524595869705081,11.523081350133184,1.1546529693158316,1.4482943855406116,-1.0,-1.0,0.464254171280057,0.464254171280057,2722.5192823284747,2767.169802985506,2767.506063297435,124961.32769631589,0.0,0.7889581309973992,0.4639865374355973,0.9987283467334449
