target_id,prot_ps,prot_acf,prot_cs,e_prot_ps,E_prot_ps,e_prot_acf,E_prot_acf,e_prot_cs,E_prot_cs,sph_ps,sph_acf,sph_cs,h_ps,fa_prob_ps,hacf,gacf,hcs
9521208,4.890543931630646,4.924529486335814,4.944801943721011,0.5430087168105784,0.6980127451365954,-1.0,-1.0,0.017317670808239368,0.017317670808239368,232.33986960673684,231.9882871834726,233.3592958207136,18872.839472552572,0.0,0.250666928939587,0.33706744688514034,0.7658442403713874
