target_id,prot_ps,prot_acf,prot_cs,e_prot_ps,E_prot_ps,e_prot_acf,E_prot_acf,e_prot_cs,E_prot_cs,sph_ps,sph_acf,sph_cs,h_ps,fa_prob_ps,hacf,gacf,hcs
9597244,13.15019383959835,13.261461744550616,13.323464561524139,1.280446067011292,1.590106170408177,-1.0,-1.0,0.12866904762657688,0.12866904762657688,2437.479325470736,2436.5574430376746,2441.4856036496026,74739.091374705,0.0,0.9558003659795793,0.5271849862349266,0.998995098176519
