target_id,prot_ps,prot_acf,prot_cs,e_prot_ps,E_prot_ps,e_prot_acf,E_prot_acf,e_prot_cs,E_prot_cs,sph_ps,sph_acf,sph_cs,h_ps,fa_prob_ps,hacf,gacf,hcs
9596890,28.363221353280576,28.035026421770453,28.623248964766336,3.4132094308272407,4.495078350154319,-1.0,-1.0,0.39873103784887515,0.39873103784887515,281.6176832093094,285.4132521040977,282.5280282850736,6075.761856212137,0.0,0.13052702838549352,0.09047112977220151,0.07818938949703066
