target_id,prot_ps,prot_acf,prot_cs,e_prot_ps,E_prot_ps,e_prot_acf,E_prot_acf,e_prot_cs,E_prot_cs,sph_ps,sph_acf,sph_cs,h_ps,fa_prob_ps,hacf,gacf,hcs
9590105,15.45466387163192,13.506652424577624,15.542005592910218,1.7795892724173736,2.312049763351494,-1.0,-1.0,0.12500010973827705,0.12500010973827705,9338.528947563245,9325.953431041793,9289.911135149874,522303.34848794824,0.0,0.27936489455546787,0.09763089349759964,2.2540112791379507
