target_id,prot_ps,prot_acf,prot_cs,e_prot_ps,E_prot_ps,e_prot_acf,E_prot_acf,e_prot_cs,E_prot_cs,sph_ps,sph_acf,sph_cs,h_ps,fa_prob_ps,hacf,gacf,hcs
9655067,12.684064585072731,12.648382007610053,12.809933704811328,1.1616371035269228,1.422119308273249,-1.0,-1.0,0.1351782037003881,0.1351782037003881,2699.3207972804453,2689.458810689526,2663.697924414081,8370.719143579146,0.0,0.1786653258465557,0.27372389122889723,0.1926678441840287
