target_id,prot_ps,prot_acf,prot_cs,e_prot_ps,E_prot_ps,e_prot_acf,E_prot_acf,e_prot_cs,E_prot_cs,sph_ps,sph_acf,sph_cs,h_ps,fa_prob_ps,hacf,gacf,hcs
9640570,49.87999043950231,29.077103004790843,30.915724036674945,24.134411960620845,747.1755552358421,-1.0,-1.0,1.9602038194052465,1.9602038194052465,600.6991714292382,592.857540869186,607.053095238326,15084.505850393016,0.0,0.1918861578908283,0.06313525722662434,0.17072804787985055
