target_id,prot_ps,prot_acf,prot_cs,e_prot_ps,E_prot_ps,e_prot_acf,E_prot_acf,e_prot_cs,E_prot_cs,sph_ps,sph_acf,sph_cs,h_ps,fa_prob_ps,hacf,gacf,hcs
9603144,72.40598067938598,59.76918186061084,46.548238833043754,10.00822032901334,13.832055167541753,-1.0,-1.0,8.98314600695476,8.98314600695476,275.8462178865165,272.18006239137685,276.30110343635266,5660.17328269024,0.0,0.10445653450398894,0.03269952065139706,0.13559762287697935
