target_id,prot_ps,prot_acf,prot_cs,e_prot_ps,E_prot_ps,e_prot_acf,E_prot_acf,e_prot_cs,E_prot_cs,sph_ps,sph_acf,sph_cs,h_ps,fa_prob_ps,hacf,gacf,hcs
9664247,47.59104573937014,57.62366350740194,28.586279557331203,7.555242681269398,11.070064550758566,-1.0,-1.0,0.5066112877599509,0.5066112877599509,422.51545643024605,432.49300489803426,421.8686520756223,14687.98384599312,0.0,0.15406160779344089,0.0801751713348118,0.7348172909544448
