target_id,prot_ps,prot_acf,prot_cs,e_prot_ps,E_prot_ps,e_prot_acf,E_prot_acf,e_prot_cs,E_prot_cs,sph_ps,sph_acf,sph_cs,h_ps,fa_prob_ps,hacf,gacf,hcs
9642710,53.65775257920359,56.683013247326016,54.05075851925227,8.183052492992132,11.774331099584998,-1.0,-1.0,2.747547496679148,2.747547496679148,1038.2683433416223,1063.8269302428516,1037.8764409099524,4206.997993411483,0.0,0.17822802894782575,0.10497295839648442,0.2123817451833814
