target_id,prot_ps,prot_acf,prot_cs,e_prot_ps,E_prot_ps,e_prot_acf,E_prot_acf,e_prot_cs,E_prot_cs,sph_ps,sph_acf,sph_cs,h_ps,fa_prob_ps,hacf,gacf,hcs
9674763,73.51405734578643,3.6372010353952646,7.647338971561828,7.350546296422792,9.187914335351763,-1.0,-1.0,0.06903768695144491,0.06903768695144491,1877.3498944253515,1550.9971785703315,1701.6153848236524,38921.32988716241,0.0,0.23634173486868407,0.32037876867704396,2.4061714385624335
