target_id,prot_ps,prot_acf,prot_cs,e_prot_ps,E_prot_ps,e_prot_acf,E_prot_acf,e_prot_cs,E_prot_cs,sph_ps,sph_acf,sph_cs,h_ps,fa_prob_ps,hacf,gacf,hcs
9637002,40.40077668400832,40.13186945952475,39.794252247296406,9.057947873886825,16.421363448851416,-1.0,-1.0,1.2935981634784777,1.2935981634784777,1473.6521058871292,1475.9340847832275,1480.62981024271,63948.528889009714,0.0,0.4210854331638873,0.20004310307358597,0.21379178960306763
