target_id,prot_ps,prot_acf,prot_cs,e_prot_ps,E_prot_ps,e_prot_acf,E_prot_acf,e_prot_cs,E_prot_cs,sph_ps,sph_acf,sph_cs,h_ps,fa_prob_ps,hacf,gacf,hcs
9653422,24.5172991136948,24.745182155631483,25.000579330224454,2.630355299947137,3.348942499232372,-1.0,-1.0,0.5781347500496214,0.5781347500496214,2023.0770831216887,2020.6273270552354,2019.2544850428992,352769.1403363548,0.0,0.872309609530121,0.4568671801545698,0.9967668975547224
