target_id,prot_ps,prot_acf,prot_cs,e_prot_ps,E_prot_ps,e_prot_acf,E_prot_acf,e_prot_cs,E_prot_cs,sph_ps,sph_acf,sph_cs,h_ps,fa_prob_ps,hacf,gacf,hcs
9644020,73.78715414930238,90.70507519925013,28.661322106656396,8.83252670247495,11.612662403570695,-1.0,-1.0,0.3656741789258484,0.3656741789258484,483.12045261497514,489.5482036827605,476.30681811824724,9682.206210553277,0.0,0.2136646607079533,0.1175740628591709,0.14021964115470922
