target_id,prot_ps,prot_acf,prot_cs,e_prot_ps,E_prot_ps,e_prot_acf,E_prot_acf,e_prot_cs,E_prot_cs,sph_ps,sph_acf,sph_cs,h_ps,fa_prob_ps,hacf,gacf,hcs
9636465,3.81998823598454,3.8823802955448627,3.887610699881925,0.3413038060480269,0.4155621138452448,-1.0,-1.0,0.07908026002725345,0.07908026002725345,3653.846576338833,3645.788738884873,3643.636347447401,245150.56346860254,0.0,1.4043411385164124,0.864574422444516,0.8834354460529765
