target_id,prot_ps,prot_acf,prot_cs,e_prot_ps,E_prot_ps,e_prot_acf,E_prot_acf,e_prot_cs,E_prot_cs,sph_ps,sph_acf,sph_cs,h_ps,fa_prob_ps,hacf,gacf,hcs
9697140,60.72484364194709,96.16090757213533,46.45618040253407,8.535894649123442,11.874103100118049,-1.0,-1.0,2.310460755580212,2.310460755580212,194.67921840838773,194.2944030268475,194.04441104420576,2126.4779172521808,0.0,0.02317520834913068,0.0032489939041911203,0.2892055519335264
