target_id,prot_ps,prot_acf,prot_cs,e_prot_ps,E_prot_ps,e_prot_acf,E_prot_acf,e_prot_cs,E_prot_cs,sph_ps,sph_acf,sph_cs,h_ps,fa_prob_ps,hacf,gacf,hcs
9642494,72.32603091716466,80.93779049115255,47.59125733938999,11.94019854173878,17.82590298749237,-1.0,-1.0,6.975987304162954,6.975987304162954,483.6556462354981,483.0031541995822,482.75849176914056,12568.875795181126,0.0,0.239611313581501,0.14586801502706784,0.12560948178595954
