target_id,prot_ps,prot_acf,prot_cs,e_prot_ps,E_prot_ps,e_prot_acf,E_prot_acf,e_prot_cs,E_prot_cs,sph_ps,sph_acf,sph_cs,h_ps,fa_prob_ps,hacf,gacf,hcs
9775956,61.95175019986418,54.90542870294303,28.217094562728644,16.14508223143691,33.72092477547133,-1.0,-1.0,0.5568314129533672,0.5568314129533672,197.9637228575893,200.68861023948693,194.98479849803908,3780.066514360148,0.0,0.12373506205964072,0.07377640867926581,0.16589085534630418
