target_id,prot_ps,prot_acf,prot_cs,e_prot_ps,E_prot_ps,e_prot_acf,E_prot_acf,e_prot_cs,E_prot_cs,sph_ps,sph_acf,sph_cs,h_ps,fa_prob_ps,hacf,gacf,hcs
9764901,90.40757618056017,57.45951906964183,28.64769666144164,16.88363105405682,26.9491471881978,-1.0,-1.0,0.3842330146753425,0.3842330146753425,647.0261623582015,638.4515727951026,632.186844259459,10407.38723177533,0.0,0.1950601773640558,0.07132370628113743,0.29638189315460906
