target_id,prot_ps,prot_acf,prot_cs,e_prot_ps,E_prot_ps,e_prot_acf,E_prot_acf,e_prot_cs,E_prot_cs,sph_ps,sph_acf,sph_cs,h_ps,fa_prob_ps,hacf,gacf,hcs
9785537,92.23389295726922,90.23631602525711,46.16784994066692,14.166735529413415,20.448271381533857,-1.0,-1.0,2.7347299387638797,2.7347299387638797,452.4042279302748,451.30647604912866,449.5125892149828,4046.0921033348986,0.0,0.0494704039977346,0.08421286901271685,0.3331071260660496
