target_id,prot_ps,prot_acf,prot_cs,e_prot_ps,E_prot_ps,e_prot_acf,E_prot_acf,e_prot_cs,E_prot_cs,sph_ps,sph_acf,sph_cs,h_ps,fa_prob_ps,hacf,gacf,hcs
9726104,98.38258268322937,96.9384213462472,45.77302622590664,13.180513429569814,18.00478950301064,-1.0,-1.0,1.2519886845120223,1.2519886845120223,543.6536226377879,542.5952551328871,536.0159384850762,1770.4290632768375,0.0,0.029405749791907944,0.04420015701080618,0.5566782262516854
