target_id,prot_ps,prot_acf,prot_cs,e_prot_ps,E_prot_ps,e_prot_acf,E_prot_acf,e_prot_cs,E_prot_cs,sph_ps,sph_acf,sph_cs,h_ps,fa_prob_ps,hacf,gacf,hcs
9767643,13.646418774923921,13.54752469388768,13.850482180564711,1.4072365101534139,1.7728798839977902,-1.0,-1.0,0.32737586225526866,0.32737586225526866,7108.081952674669,7180.290855733049,7202.778454839546,681381.0497712687,0.0,0.9714593629815105,0.563438861119037,0.9222100669661137
