target_id,prot_ps,prot_acf,prot_cs,e_prot_ps,E_prot_ps,e_prot_acf,E_prot_acf,e_prot_cs,E_prot_cs,sph_ps,sph_acf,sph_cs,h_ps,fa_prob_ps,hacf,gacf,hcs
9716123,45.5450587041474,72.19001047499478,48.10576381584629,2.16881231924512,2.3971083528498554,-1.0,-1.0,6.589601340187502,6.589601340187502,1882.9234334488378,1882.9234334488378,1882.9234334488378,818.4869669327454,0.0,0.029683949547876815,0.026207862713854432,1.0592639039668883
