target_id,prot_ps,prot_acf,prot_cs,e_prot_ps,E_prot_ps,e_prot_acf,E_prot_acf,e_prot_cs,E_prot_cs,sph_ps,sph_acf,sph_cs,h_ps,fa_prob_ps,hacf,gacf,hcs
9715672,77.44273754317304,81.26418483769521,45.657312679630834,5.5239075947216065,6.443060868294424,-1.0,-1.0,13.113948692972631,13.113948692972631,1178.10335519499,1185.5924839045056,1172.3228009425638,7043.0835697443545,0.0,0.2051417312274031,0.16845246459164936,0.8965774255549739
