target_id,prot_ps,prot_acf,prot_cs,e_prot_ps,E_prot_ps,e_prot_acf,E_prot_acf,e_prot_cs,E_prot_cs,sph_ps,sph_acf,sph_cs,h_ps,fa_prob_ps,hacf,gacf,hcs
9724861,30.7770235213753,22.51821726746857,19.72006845300445,4.849064880940837,7.08005769184048,-1.0,-1.0,0.20481308756159816,0.20481308756159816,773.8635116146527,769.8914523080329,745.7046261785083,22843.913615084613,0.0,0.21550300260337413,0.02018048232791878,1.2799851842171734
