target_id,prot_ps,prot_acf,prot_cs,e_prot_ps,E_prot_ps,e_prot_acf,E_prot_acf,e_prot_cs,E_prot_cs,sph_ps,sph_acf,sph_cs,h_ps,fa_prob_ps,hacf,gacf,hcs
9755050,57.86088936211475,52.04462960874662,30.730034559170605,9.772464517459504,14.757387872086781,-1.0,-1.0,8.118504741367259,8.118504741367259,328.4189443958529,328.6737958808769,329.2229556809524,1845.621343446436,0.0,0.07506618936817809,0.022886079659828407,0.31000064107366754
