target_id,prot_ps,prot_acf,prot_cs,e_prot_ps,E_prot_ps,e_prot_acf,E_prot_acf,e_prot_cs,E_prot_cs,sph_ps,sph_acf,sph_cs,h_ps,fa_prob_ps,hacf,gacf,hcs
9785350,77.67047780367533,63.263365767896175,4.6791497189764755,11.859857071320874,17.074100585495614,-1.0,-1.0,0.38938666710874265,0.38938666710874265,532.5151725552264,531.5583500645282,459.7168225164243,1487.5953970547437,0.0,0.005901605831079397,0.007140294772161206,0.9827549431060704
