target_id,prot_ps,prot_acf,prot_cs,e_prot_ps,E_prot_ps,e_prot_acf,E_prot_acf,e_prot_cs,E_prot_cs,sph_ps,sph_acf,sph_cs,h_ps,fa_prob_ps,hacf,gacf,hcs
9771526,32.14486991965106,32.44864341430366,32.14438629815821,5.125802878128017,7.525979932525836,-1.0,-1.0,2.1310296758635143,2.1310296758635143,1301.7250737257277,1302.9947081088446,1301.7250737257277,8646.0863229636,0.0,0.18636618295938834,0.11254450555944454,0.2594229735819323
