target_id,prot_ps,prot_acf,prot_cs,e_prot_ps,E_prot_ps,e_prot_acf,E_prot_acf,e_prot_cs,E_prot_cs,sph_ps,sph_acf,sph_cs,h_ps,fa_prob_ps,hacf,gacf,hcs
9766728,93.5366356179847,61.668769410811365,4.20769814349711,4.454125505618322,4.922980821999204,-1.0,-1.0,1.3210108835123073,1.3210108835123073,315.127459135202,315.127459135202,277.20022077063294,922.0851988447041,0.0,0.12512680714155808,0.10223111531250885,0.11102305496153204
