target_id,prot_ps,prot_acf,prot_cs,e_prot_ps,E_prot_ps,e_prot_acf,E_prot_acf,e_prot_cs,E_prot_cs,sph_ps,sph_acf,sph_cs,h_ps,fa_prob_ps,hacf,gacf,hcs
9714312,60.27176134934529,67.57424186822027,45.63057380937083,8.018019303684653,10.924658081997443,-1.0,-1.0,0.9728976897390712,0.9728976897390712,317.76374558149723,316.31956295917763,315.66757323287305,6324.8332747937,0.0,0.14269491674890766,0.08205346098521338,0.194162793195765
