target_id,prot_ps,prot_acf,prot_cs,e_prot_ps,E_prot_ps,e_prot_acf,E_prot_acf,e_prot_cs,E_prot_cs,sph_ps,sph_acf,sph_cs,h_ps,fa_prob_ps,hacf,gacf,hcs
9713908,73.25432317239536,82.28664000611752,28.625433022740534,6.623257341577073,8.085318327210985,-1.0,-1.0,0.42350375162498943,0.42350375162498943,505.7964016828137,510.7557047119925,496.2513403046667,4727.787024016003,0.0,0.11110899482091349,0.08024973087788455,0.15809513700528996
