target_id,prot_ps,prot_acf,prot_cs,e_prot_ps,E_prot_ps,e_prot_acf,E_prot_acf,e_prot_cs,E_prot_cs,sph_ps,sph_acf,sph_cs,h_ps,fa_prob_ps,hacf,gacf,hcs
9777281,11.273122154874287,11.177204450126737,11.267725502620452,1.1244347355110467,1.4046470741318817,-1.0,-1.0,0.3706971223381392,0.3706971223381392,6401.582539773984,6445.845489147617,6402.957839846483,431512.2690872496,0.0,1.0825863894653143,0.6402090110426482,0.9486785545110396
