target_id,prot_ps,prot_acf,prot_cs,e_prot_ps,E_prot_ps,e_prot_acf,E_prot_acf,e_prot_cs,E_prot_cs,sph_ps,sph_acf,sph_cs,h_ps,fa_prob_ps,hacf,gacf,hcs
9760327,21.702152416070483,22.29314809665084,21.711196806281755,2.598335748845148,3.4164092963064157,-1.0,-1.0,2.0321137984556743,2.0321137984556743,935.5056221066668,945.217701733148,935.5778310061131,21441.811636077986,0.0,0.5637942493843675,0.2923463455037043,0.9329239201370914
