target_id,prot_ps,prot_acf,prot_cs,e_prot_ps,E_prot_ps,e_prot_acf,E_prot_acf,e_prot_cs,E_prot_cs,sph_ps,sph_acf,sph_cs,h_ps,fa_prob_ps,hacf,gacf,hcs
9723890,62.89207198155244,51.57521282881498,46.5303133830203,7.892467779876654,10.537122173581857,-1.0,-1.0,1.1256265057306754,1.1256265057306754,388.60008046378687,392.36766685141487,394.70402985620393,3254.9274645799746,0.0,0.04321990132030107,0.03760725359660983,0.35566371678726905
