target_id,prot_ps,prot_acf,prot_cs,e_prot_ps,E_prot_ps,e_prot_acf,E_prot_acf,e_prot_cs,E_prot_cs,sph_ps,sph_acf,sph_cs,h_ps,fa_prob_ps,hacf,gacf,hcs
9766616,20.477353235772174,20.270254135131836,20.436021139514214,2.178521305496769,2.767338132786467,-1.0,-1.0,0.572721577762092,0.572721577762092,2597.5222827238686,2556.6604103599975,2594.298749560367,1095174.5043916088,0.0,0.7364813480599288,0.4619098271184766,0.9972012629128572
