target_id,prot_ps,prot_acf,prot_cs,e_prot_ps,E_prot_ps,e_prot_acf,E_prot_acf,e_prot_cs,E_prot_cs,sph_ps,sph_acf,sph_cs,h_ps,fa_prob_ps,hacf,gacf,hcs
9752723,29.931145290286057,56.19262170512229,29.624028501248638,5.08814855299482,7.7092019223569075,-1.0,-1.0,1.0103034766974448,1.0103034766974448,1041.320603517946,1060.0389615545541,1042.4438110195913,5770.155596748295,0.0,0.11501077539977103,0.11200177176859344,0.3815077852066348
