target_id,prot_ps,prot_acf,prot_cs,e_prot_ps,E_prot_ps,e_prot_acf,E_prot_acf,e_prot_cs,E_prot_cs,sph_ps,sph_acf,sph_cs,h_ps,fa_prob_ps,hacf,gacf,hcs
9706810,70.80106317238466,1.287325780838728,2.2495507176592944,15.48090856934941,27.51218696904172,-1.0,-1.0,0.1802845339439706,0.1802845339439706,470.0878423673655,402.7254992482549,418.8488537688344,45564.45429748063,0.0,0.03018875684150782,0.21370540427355883,1.8012943836824964
