target_id,prot_ps,prot_acf,prot_cs,e_prot_ps,E_prot_ps,e_prot_acf,E_prot_acf,e_prot_cs,E_prot_cs,sph_ps,sph_acf,sph_cs,h_ps,fa_prob_ps,hacf,gacf,hcs
9844393,73.67182469929418,67.02361643314362,44.7233471276611,12.475032014897508,18.863406393582196,-1.0,-1.0,15.460158815327738,15.460158815327738,720.2840507409711,708.3468454766185,715.7117682477968,2072.338582113283,0.0,0.06672369063513149,0.03324523730213844,0.31998657380997053
