target_id,prot_ps,prot_acf,prot_cs,e_prot_ps,E_prot_ps,e_prot_acf,E_prot_acf,e_prot_cs,E_prot_cs,sph_ps,sph_acf,sph_cs,h_ps,fa_prob_ps,hacf,gacf,hcs
9850621,45.543645508937416,46.528071822132915,46.13200648777786,14.446158970250181,39.512209486164465,-1.0,-1.0,1.3808945626419973,1.3808945626419973,162.34075626525856,158.52163133583767,158.32769990946545,6077.646619164658,0.0,0.13606412999015635,0.09655082369004848,0.21245031783185211
