target_id,prot_ps,prot_acf,prot_cs,e_prot_ps,E_prot_ps,e_prot_acf,E_prot_acf,e_prot_cs,E_prot_cs,sph_ps,sph_acf,sph_cs,h_ps,fa_prob_ps,hacf,gacf,hcs
9838078,0.6179832250475781,0.6130105443298817,0.6134149473481376,0.021817807544849632,0.02347539858487846,-1.0,-1.0,0.007811182128091216,0.007811182128091216,4665.132699870447,4665.959701317784,4665.959701317784,1275234.159652903,0.0,1.6423104538055329,0.9487115708994821,0.024185335313657855
