target_id,prot_ps,prot_acf,prot_cs,e_prot_ps,E_prot_ps,e_prot_acf,E_prot_acf,e_prot_cs,E_prot_cs,sph_ps,sph_acf,sph_cs,h_ps,fa_prob_ps,hacf,gacf,hcs
9825625,54.65723685717214,57.929452874232084,28.642588175417874,8.045726012257838,11.402779802046553,-1.0,-1.0,0.37263941399114725,0.37263941399114725,599.8060345100887,595.5942345209278,590.6244575293025,5706.521878417671,0.0,0.16863792871705346,0.06311597686889929,0.243618117674034
