target_id,prot_ps,prot_acf,prot_cs,e_prot_ps,E_prot_ps,e_prot_acf,E_prot_acf,e_prot_cs,E_prot_cs,sph_ps,sph_acf,sph_cs,h_ps,fa_prob_ps,hacf,gacf,hcs
9886699,72.32607042421813,82.6949867438525,45.86313116579711,13.092997747573094,20.5237004623596,-1.0,-1.0,1.4488813634062758,1.4488813634062758,562.2322881912409,573.3703302577705,551.0929348761489,6331.69238380909,0.0,0.14214190778608413,0.0608305789114442,0.2240845835539608
