target_id,prot_ps,prot_acf,prot_cs,e_prot_ps,E_prot_ps,e_prot_acf,E_prot_acf,e_prot_cs,E_prot_cs,sph_ps,sph_acf,sph_cs,h_ps,fa_prob_ps,hacf,gacf,hcs
9848077,31.44557768743642,28.19879349321127,25.880362254269418,15.644566013649959,3144.5577687436344,-1.0,-1.0,4.513787133566999,4.513787133566999,1584.6376071537854,1583.1276657267908,1590.1500755747425,87801.22047886763,0.0,0.7329075416677993,0.37244277960214456,0.7362184649897846
