target_id,prot_ps,prot_acf,prot_cs,e_prot_ps,E_prot_ps,e_prot_acf,E_prot_acf,e_prot_cs,E_prot_cs,sph_ps,sph_acf,sph_cs,h_ps,fa_prob_ps,hacf,gacf,hcs
9837432,110.28180930668418,66.63593324599788,49.80591566241347,36.37876049304762,106.91516633791943,-1.0,-1.0,8.925804514515098,8.925804514515098,578.9196695737961,572.2978794816452,503.5625631350665,1575.406755609589,0.0,0.11106464718378889,0.004452198037601231,0.33778086840298405
