target_id,prot_ps,prot_acf,prot_cs,e_prot_ps,E_prot_ps,e_prot_acf,E_prot_acf,e_prot_cs,E_prot_cs,sph_ps,sph_acf,sph_cs,h_ps,fa_prob_ps,hacf,gacf,hcs
9898009,74.13626975350277,73.19342730101198,40.686394294218864,8.913713123600559,11.735802042580275,-1.0,-1.0,0.9076207758324786,0.9076207758324786,345.86002324414756,345.9353289073547,345.3904134287371,4408.46522079251,0.0,0.011439089478376324,0.016313493999247596,0.5819694484442614
