target_id,prot_ps,prot_acf,prot_cs,e_prot_ps,E_prot_ps,e_prot_acf,E_prot_acf,e_prot_cs,E_prot_cs,sph_ps,sph_acf,sph_cs,h_ps,fa_prob_ps,hacf,gacf,hcs
9892859,21.24062527860566,43.421649490483105,29.017104741390657,3.335594700636527,4.862927961936624,-1.0,-1.0,6.576300656906022,6.576300656906022,182.6353148374757,183.38687884492427,182.81020007732113,2455.7994048749515,0.0,0.11401157194153042,0.056392104788038806,0.35132397316692265
