target_id,prot_ps,prot_acf,prot_cs,e_prot_ps,E_prot_ps,e_prot_acf,E_prot_acf,e_prot_cs,E_prot_cs,sph_ps,sph_acf,sph_cs,h_ps,fa_prob_ps,hacf,gacf,hcs
9827596,11.568529021809548,11.524587465450168,11.520406635678913,1.39991065674446,1.846897809710475,-1.0,-1.0,0.2796095564905076,0.2796095564905076,1235.9146019659252,1238.2575358202912,1239.141002661242,34722.48735292761,0.0,0.5316332603566001,0.38357308919936983,0.43229211621904845
