target_id,prot_ps,prot_acf,prot_cs,e_prot_ps,E_prot_ps,e_prot_acf,E_prot_acf,e_prot_cs,E_prot_cs,sph_ps,sph_acf,sph_cs,h_ps,fa_prob_ps,hacf,gacf,hcs
9893302,35.281006208757034,31.427006523124874,45.68338485400051,5.327105074961029,7.6317531024087515,-1.0,-1.0,0.9160984174578307,0.9160984174578307,1040.3443820680982,1035.5376929043819,1040.1752642238223,6175.983335865987,0.0,0.18733506350204515,0.08689929308967084,0.43372550165419327
