target_id,prot_ps,prot_acf,prot_cs,e_prot_ps,E_prot_ps,e_prot_acf,E_prot_acf,e_prot_cs,E_prot_cs,sph_ps,sph_acf,sph_cs,h_ps,fa_prob_ps,hacf,gacf,hcs
9838219,21.80775411486516,21.517111903522164,21.71834048278957,2.4937982616184975,3.233271686379613,-1.0,-1.0,0.7238541848545856,0.7238541848545856,3439.741197668163,3404.1136466323537,3411.0230848383194,105308.05974189838,0.0,0.7483374121563275,0.42363661121695456,0.9881411103311085
