target_id,prot_ps,prot_acf,prot_cs,e_prot_ps,E_prot_ps,e_prot_acf,E_prot_acf,e_prot_cs,E_prot_cs,sph_ps,sph_acf,sph_cs,h_ps,fa_prob_ps,hacf,gacf,hcs
9818856,46.46373479796703,5.190158544108272,5.4704687112521535,7.160999556547239,10.35186112990057,-1.0,-1.0,0.4319190332961655,0.4319190332961655,252.5461386123878,234.47326254982354,237.20726064055765,6781.270896179837,0.0,0.08802264956797189,0.17409255728500442,0.358408870046239
