target_id,prot_ps,prot_acf,prot_cs,e_prot_ps,E_prot_ps,e_prot_acf,E_prot_acf,e_prot_cs,E_prot_cs,sph_ps,sph_acf,sph_cs,h_ps,fa_prob_ps,hacf,gacf,hcs
9833842,72.32604602938993,77.11670890264213,34.30038418075069,8.09287980295069,10.426131294079681,-1.0,-1.0,6.3627787561765,6.3627787561765,435.364857521986,437.2314436613071,439.6871173203242,7572.338223584569,0.0,0.15531266779822736,0.14216168537808713,0.16406202711045897
