target_id,prot_ps,prot_acf,prot_cs,e_prot_ps,E_prot_ps,e_prot_acf,E_prot_acf,e_prot_cs,E_prot_cs,sph_ps,sph_acf,sph_cs,h_ps,fa_prob_ps,hacf,gacf,hcs
9851638,72.21286126537791,75.4218804850243,41.255312110122965,11.763294349718223,17.44765204092141,-1.0,-1.0,1.0188653303587007,1.0188653303587007,2383.9745150401855,2662.496563000632,2457.6234215391073,193580.367205921,0.0,0.5224046946168288,0.39069259853751626,0.921930614154484
