target_id,prot_ps,prot_acf,prot_cs,e_prot_ps,E_prot_ps,e_prot_acf,E_prot_acf,e_prot_cs,E_prot_cs,sph_ps,sph_acf,sph_cs,h_ps,fa_prob_ps,hacf,gacf,hcs
9824105,11.475577998136501,11.136373195331544,11.567952998143813,1.7112283475130372,2.4384749261039182,-1.0,-1.0,0.15696236659820725,0.15696236659820725,1311.3200854529935,1298.9012365000783,1311.7806209089847,354008.4243792816,0.0,0.7259887053666378,0.3984370590535961,0.9155420625616675
