target_id,prot_ps,prot_acf,prot_cs,e_prot_ps,E_prot_ps,e_prot_acf,E_prot_acf,e_prot_cs,E_prot_cs,sph_ps,sph_acf,sph_cs,h_ps,fa_prob_ps,hacf,gacf,hcs
9834249,33.53409390651706,18.655866651795805,33.90811040305532,1.596861614596051,1.7649523108693188,-1.0,-1.0,6.958170859929249,6.958170859929249,3242.5413696838414,3242.5413696838414,3242.5413696838414,5082.625162150709,0.0,7.273345123558553e-05,0.0622905106098523,6.669440490492592
