target_id,prot_ps,prot_acf,prot_cs,e_prot_ps,E_prot_ps,e_prot_acf,E_prot_acf,e_prot_cs,E_prot_cs,sph_ps,sph_acf,sph_cs,h_ps,fa_prob_ps,hacf,gacf,hcs
9875707,21.589864458757123,21.51666520256549,21.666508268900277,2.353947183173414,3.0103951345486095,-1.0,-1.0,0.6160204833034195,0.6160204833034195,3973.304336826722,3958.80547459788,3996.1578340575825,1102271.0250014171,0.0,1.0466692620881073,0.6383445312514002,0.9904819533517877
