target_id,prot_ps,prot_acf,prot_cs,e_prot_ps,E_prot_ps,e_prot_acf,E_prot_acf,e_prot_cs,E_prot_cs,sph_ps,sph_acf,sph_cs,h_ps,fa_prob_ps,hacf,gacf,hcs
9839079,72.32607942484074,58.29731605108827,28.361552307251845,9.567606407135322,13.00951657686609,-1.0,-1.0,2.6001271299167885,2.6001271299167885,1480.3863629616333,1475.9890874351415,1478.7825005429763,60780.2239195869,0.0,0.22665860808140553,0.12637626309549235,0.3308180853831364
