target_id,prot_ps,prot_acf,prot_cs,e_prot_ps,E_prot_ps,e_prot_acf,E_prot_acf,e_prot_cs,E_prot_cs,sph_ps,sph_acf,sph_cs,h_ps,fa_prob_ps,hacf,gacf,hcs
9911138,75.63493682335081,70.68098394060507,35.064429497611705,7.599326229970259,9.510421849358721,-1.0,-1.0,7.40848026559933,7.40848026559933,732.2653711234934,734.2518437954614,722.899293802854,2632.469065038473,0.0,0.03516593661672738,0.04799352153971205,0.14709876674458872
