target_id,prot_ps,prot_acf,prot_cs,e_prot_ps,E_prot_ps,e_prot_acf,E_prot_acf,e_prot_cs,E_prot_cs,sph_ps,sph_acf,sph_cs,h_ps,fa_prob_ps,hacf,gacf,hcs
9965148,90.40732774033434,91.64610809180886,46.06458291939465,14.646571085285998,21.66693935351593,-1.0,-1.0,11.378695444154348,11.378695444154348,287.9779580124666,289.07061266896835,287.7210647313703,2257.1177704543247,0.0,0.09064139158478958,0.06301482674069957,0.14626503898100535
