target_id,prot_ps,prot_acf,prot_cs,e_prot_ps,E_prot_ps,e_prot_acf,E_prot_acf,e_prot_cs,E_prot_cs,sph_ps,sph_acf,sph_cs,h_ps,fa_prob_ps,hacf,gacf,hcs
9974707,72.86972048256607,55.2533750012517,45.80262598392587,23.129536747859255,63.337162698102844,-1.0,-1.0,0.9444448198848795,0.9444448198848795,263.49873637217786,259.3480318641648,262.8633245264963,7627.7145708342405,0.0,0.15485471443899396,0.053502245445139415,0.14388431543298008
