target_id,prot_ps,prot_acf,prot_cs,e_prot_ps,E_prot_ps,e_prot_acf,E_prot_acf,e_prot_cs,E_prot_cs,sph_ps,sph_acf,sph_cs,h_ps,fa_prob_ps,hacf,gacf,hcs
9907661,73.44662723292448,67.73844778770581,34.23887352295685,10.120778407065622,13.971169159626129,-1.0,-1.0,5.174850189677726,5.174850189677726,530.6271879370855,534.5933094938418,525.5056717717063,3027.618099316083,0.0,0.11174078494323224,0.05728573430514197,0.16693469199750524
