target_id,prot_ps,prot_acf,prot_cs,e_prot_ps,E_prot_ps,e_prot_acf,E_prot_acf,e_prot_cs,E_prot_cs,sph_ps,sph_acf,sph_cs,h_ps,fa_prob_ps,hacf,gacf,hcs
9943255,72.68632568656516,60.40195715986192,54.34474324040258,9.983862946228896,13.76535637429312,-1.0,-1.0,2.6436205223625233,2.6436205223625233,636.4545540661627,633.900477433784,643.9405941577336,8581.295856537601,0.0,0.24349585699309223,0.15803439838288402,0.10421272986591044
