target_id,prot_ps,prot_acf,prot_cs,e_prot_ps,E_prot_ps,e_prot_acf,E_prot_acf,e_prot_cs,E_prot_cs,sph_ps,sph_acf,sph_cs,h_ps,fa_prob_ps,hacf,gacf,hcs
9968913,62.62097040576361,55.72343055345118,53.955131583169404,15.755803116044788,31.71532774314351,-1.0,-1.0,1.2602311905199153,1.2602311905199153,1182.987981598204,1187.3802688666287,1164.0790663514417,19232.410808096138,0.0,0.31350196198973923,0.21792907634724015,0.13743477628181638
