target_id,prot_ps,prot_acf,prot_cs,e_prot_ps,E_prot_ps,e_prot_acf,E_prot_acf,e_prot_cs,E_prot_cs,sph_ps,sph_acf,sph_cs,h_ps,fa_prob_ps,hacf,gacf,hcs
9994925,91.01099869803957,81.5916532468982,27.840674087745136,9.930188529904498,12.702016574944722,-1.0,-1.0,1.8671514695492009,1.8671514695492009,957.7716284723529,929.7738296060883,933.8360631662658,6197.754640228578,0.0,0.12532582686455115,0.1117220294103199,0.5289689596404797
