target_id,prot_ps,prot_acf,prot_cs,e_prot_ps,E_prot_ps,e_prot_acf,E_prot_acf,e_prot_cs,E_prot_cs,sph_ps,sph_acf,sph_cs,h_ps,fa_prob_ps,hacf,gacf,hcs
9964892,20.090522411931257,18.75833767745644,19.420600993498226,2.7768788645329963,3.837782909761053,-1.0,-1.0,1.3054614141898369,1.3054614141898369,1280.487063342767,1314.2286521347446,1286.4448501102888,33916.80247331606,0.0,0.6523684236091312,0.34408295729983296,0.8987576078901268
