target_id,prot_ps,prot_acf,prot_cs,e_prot_ps,E_prot_ps,e_prot_acf,E_prot_acf,e_prot_cs,E_prot_cs,sph_ps,sph_acf,sph_cs,h_ps,fa_prob_ps,hacf,gacf,hcs
10082384,9.846628095283972,9.971651822328568,9.84434979189187,1.1622469249386231,1.5214050761918099,-1.0,-1.0,0.47129169845587116,0.47129169845587116,3431.292955376389,3423.928252174789,3433.9224392837928,774812.4579369345,0.0,0.7483593045026545,0.5355303632587662,0.7499145716094833
