target_id,prot_ps,prot_acf,prot_cs,e_prot_ps,E_prot_ps,e_prot_acf,E_prot_acf,e_prot_cs,E_prot_cs,sph_ps,sph_acf,sph_cs,h_ps,fa_prob_ps,hacf,gacf,hcs
10081982,53.59516098968111,51.84031152771786,54.47024943922077,10.583299241585841,17.491173916232178,-1.0,-1.0,1.8221710075350566,1.8221710075350566,379.6951136976101,386.1895477857575,404.7239853010239,45952.92208911657,0.0,0.7920791370420053,0.42139709469304704,0.9402036360914867
