target_id,prot_ps,prot_acf,prot_cs,e_prot_ps,E_prot_ps,e_prot_acf,E_prot_acf,e_prot_cs,E_prot_cs,sph_ps,sph_acf,sph_cs,h_ps,fa_prob_ps,hacf,gacf,hcs
10058570,28.204234499887853,27.93286496028304,28.03288332839227,3.1725390744937023,4.093435015546312,-1.0,-1.0,1.694492492780943,1.694492492780943,2440.461137076566,2446.4017008270735,2444.4095386742083,1793644.9596623406,0.0,1.0406989379193479,0.6000613320053861,0.9842270354561571
