target_id,prot_ps,prot_acf,prot_cs,e_prot_ps,E_prot_ps,e_prot_acf,E_prot_acf,e_prot_cs,E_prot_cs,sph_ps,sph_acf,sph_cs,h_ps,fa_prob_ps,hacf,gacf,hcs
10030232,51.661401506950256,57.56231451407075,26.74741092332303,6.6080800470433445,8.879712129630377,-1.0,-1.0,1.1942215041155786,1.1942215041155786,721.7366844357916,724.2221547163878,713.7605438277204,1823.0969337527874,0.0,0.06153983466179755,0.0188949764473391,0.2598709209851577
