target_id,prot_ps,prot_acf,prot_cs,e_prot_ps,E_prot_ps,e_prot_acf,E_prot_acf,e_prot_cs,E_prot_cs,sph_ps,sph_acf,sph_cs,h_ps,fa_prob_ps,hacf,gacf,hcs
10019532,22.191422702083386,46.200704546645284,21.95828228829047,3.704567780006407,5.561360616563256,-1.0,-1.0,0.20820078564592043,0.20820078564592043,159.4664954000379,162.19818735314377,160.22572912978654,16141.129008641803,0.0,0.20504228597389831,0.08661841953078431,2.673933155977195
