target_id,prot_ps,prot_acf,prot_cs,e_prot_ps,E_prot_ps,e_prot_acf,E_prot_acf,e_prot_cs,E_prot_cs,sph_ps,sph_acf,sph_cs,h_ps,fa_prob_ps,hacf,gacf,hcs
10088895,61.48915746501886,54.47681574244052,46.56848219831475,18.233809282264843,44.80865763705624,-1.0,-1.0,2.4766032084129703,2.4766032084129703,523.2412485653679,543.293631023462,527.4059851759399,2731.050405408559,0.0,0.06481756963325455,0.05936273208090091,0.3086265018728487
