target_id,prot_ps,prot_acf,prot_cs,e_prot_ps,E_prot_ps,e_prot_acf,E_prot_acf,e_prot_cs,E_prot_cs,sph_ps,sph_acf,sph_cs,h_ps,fa_prob_ps,hacf,gacf,hcs
10063306,52.70521299780098,52.57585424464196,52.1266376847692,17.609767733667766,53.07924486355642,-1.0,-1.0,1.6034536688443555,1.6034536688443555,440.24663541350986,440.3467209861672,440.59720270292473,1212.4865869228076,0.0,0.07495273007824611,0.02970247870584399,0.24975227842496264
