target_id,prot_ps,prot_acf,prot_cs,e_prot_ps,E_prot_ps,e_prot_acf,E_prot_acf,e_prot_cs,E_prot_cs,sph_ps,sph_acf,sph_cs,h_ps,fa_prob_ps,hacf,gacf,hcs
10053675,8.018720347734847,8.010016676038504,8.085411570024705,0.8411182296794291,1.0644218437221955,-1.0,-1.0,0.07897454472828133,0.07897454472828133,4404.6402631457495,4413.033844891527,4384.759796491277,2452223.6253794986,0.0,1.0375467642524698,0.6742397005423156,0.9413313791335504
