target_id,prot_ps,prot_acf,prot_cs,e_prot_ps,E_prot_ps,e_prot_acf,E_prot_acf,e_prot_cs,E_prot_cs,sph_ps,sph_acf,sph_cs,h_ps,fa_prob_ps,hacf,gacf,hcs
10031526,90.40729040856313,90.5835011699237,45.50765477683162,18.821907927999675,32.25029645071429,-1.0,-1.0,1.2871919955020397,1.2871919955020397,834.0108152976078,836.1046073981715,882.7639931518409,2914.9118741117195,0.0,0.05205655847368167,0.06311651005493825,0.21847389027563072
