target_id,prot_ps,prot_acf,prot_cs,e_prot_ps,E_prot_ps,e_prot_acf,E_prot_acf,e_prot_cs,E_prot_cs,sph_ps,sph_acf,sph_cs,h_ps,fa_prob_ps,hacf,gacf,hcs
10020210,60.271791235545486,58.33824059693143,26.354785490264057,6.697486466401379,8.611282094677001,-1.0,-1.0,6.060990142768217,6.060990142768217,728.8503947125907,730.3013988775622,725.8091090240204,3375.474386980995,0.0,0.09712623150224864,0.0596508593665542,0.18586184029352681
