target_id,prot_ps,prot_acf,prot_cs,e_prot_ps,E_prot_ps,e_prot_acf,E_prot_acf,e_prot_cs,E_prot_cs,sph_ps,sph_acf,sph_cs,h_ps,fa_prob_ps,hacf,gacf,hcs
10094286,72.32550201911214,71.00849165581167,37.081145195122815,8.79043168122027,11.61341822522894,-1.0,-1.0,5.052540984711663,5.052540984711663,401.0573034428132,399.483273388225,398.52955207591754,5055.931853794638,0.0,0.12037129362945292,0.09047717724174333,0.36842303839378954
