target_id,prot_ps,prot_acf,prot_cs,e_prot_ps,E_prot_ps,e_prot_acf,E_prot_acf,e_prot_cs,E_prot_cs,sph_ps,sph_acf,sph_cs,h_ps,fa_prob_ps,hacf,gacf,hcs
10030808,52.70494731892114,58.07313438411802,52.37771249482304,7.758291213399495,10.99538339137061,-1.0,-1.0,1.314868647033313,1.314868647033313,778.781583406581,772.1031299261653,777.1997054886347,3387.54853743167,0.0,0.10201598447393402,0.04715893237396085,0.11039649400673254
