target_id,prot_ps,prot_acf,prot_cs,e_prot_ps,E_prot_ps,e_prot_acf,E_prot_acf,e_prot_cs,E_prot_cs,sph_ps,sph_acf,sph_cs,h_ps,fa_prob_ps,hacf,gacf,hcs
10093588,90.40727192102536,57.82794211991131,33.62153335874901,11.519489521967628,15.458987858041638,-1.0,-1.0,3.358031318686397,3.358031318686397,691.5274816360637,701.2923822341762,696.3026734704214,2765.137851516482,0.0,0.05205625632861522,0.007932043502151645,0.12420354677710331
