target_id,prot_ps,prot_acf,prot_cs,e_prot_ps,E_prot_ps,e_prot_acf,E_prot_acf,e_prot_cs,E_prot_cs,sph_ps,sph_acf,sph_cs,h_ps,fa_prob_ps,hacf,gacf,hcs
10015745,54.177279429908914,51.7176291490905,54.21462412420661,9.134407005408526,13.781633800909212,-1.0,-1.0,2.5833351508674918,2.5833351508674918,240.90187936410229,244.36746015231105,240.87973904857049,4352.0152842893995,0.0,0.14818514534775565,0.10363844151154947,0.16877265216665055
