target_id,prot_ps,prot_acf,prot_cs,e_prot_ps,E_prot_ps,e_prot_acf,E_prot_acf,e_prot_cs,E_prot_cs,sph_ps,sph_acf,sph_cs,h_ps,fa_prob_ps,hacf,gacf,hcs
10027386,51.66140124794704,96.42777601350099,32.16506934156642,6.967920705594544,9.541874235749809,-1.0,-1.0,4.624137182965846,4.624137182965846,897.7474635098009,894.5293038449303,866.3754247050248,2286.5380505561325,0.0,0.06946714111473495,0.10247014740588971,0.2690314788931788
