target_id,prot_ps,prot_acf,prot_cs,e_prot_ps,E_prot_ps,e_prot_acf,E_prot_acf,e_prot_cs,E_prot_cs,sph_ps,sph_acf,sph_cs,h_ps,fa_prob_ps,hacf,gacf,hcs
10074605,96.43488337546546,67.45168578997254,32.05089146081357,15.355768863268565,22.531290287320488,-1.0,-1.0,7.2511667878981925,7.2511667878981925,674.7798719395149,677.6541419175817,660.2142123851082,1760.1000889427742,0.0,0.05920850687804717,0.022217597049509107,0.4631904240926072
