target_id,prot_ps,prot_acf,prot_cs,e_prot_ps,E_prot_ps,e_prot_acf,E_prot_acf,e_prot_cs,E_prot_cs,sph_ps,sph_acf,sph_cs,h_ps,fa_prob_ps,hacf,gacf,hcs
10002203,19.2858650115682,19.20765890739858,19.359028568936917,1.8973509436101068,2.3621243856455862,-1.0,-1.0,0.4192027612524243,0.4192027612524243,4642.335277827407,4575.31455999985,4660.291388407374,3230847.505994066,0.0,0.9991372719444978,0.5598692920400075,0.9903528650107115
