target_id,prot_ps,prot_acf,prot_cs,e_prot_ps,E_prot_ps,e_prot_acf,E_prot_acf,e_prot_cs,E_prot_cs,sph_ps,sph_acf,sph_cs,h_ps,fa_prob_ps,hacf,gacf,hcs
10005956,54.65657640297239,55.130243689753115,53.77749775265753,12.66838430575482,23.615793105960222,-1.0,-1.0,6.9721630631021405,6.9721630631021405,199.14356919254902,198.50159487507187,181.72646424532988,24681.52780429422,0.0,0.32522373975220653,0.1816149162056643,1.0017048206599322
