target_id,prot_ps,prot_acf,prot_cs,e_prot_ps,E_prot_ps,e_prot_acf,E_prot_acf,e_prot_cs,E_prot_cs,sph_ps,sph_acf,sph_cs,h_ps,fa_prob_ps,hacf,gacf,hcs
10063218,62.89218410668723,53.822286542505026,46.71897786874041,11.289977244485058,17.613794477604337,-1.0,-1.0,1.4712635304757098,1.4712635304757098,863.1362185899645,868.3314139794726,862.5275014859625,2028.0320868898564,0.0,0.003619301463908205,0.00580009530246983,0.23995223707389876
