target_id,prot_ps,prot_acf,prot_cs,e_prot_ps,E_prot_ps,e_prot_acf,E_prot_acf,e_prot_cs,E_prot_cs,sph_ps,sph_acf,sph_cs,h_ps,fa_prob_ps,hacf,gacf,hcs
10020137,92.86355454309556,63.54798207525164,30.376459266078594,12.641442857370322,17.370785738602947,-1.0,-1.0,1.7681987445482255,1.7681987445482255,280.91136326179213,301.6634040877203,282.27292802659906,2111.704146246938,0.0,0.11953151722544271,0.0745829692038241,0.3016498262270616
