target_id,prot_ps,prot_acf,prot_cs,e_prot_ps,E_prot_ps,e_prot_acf,E_prot_acf,e_prot_cs,E_prot_cs,sph_ps,sph_acf,sph_cs,h_ps,fa_prob_ps,hacf,gacf,hcs
10029699,72.32580298292902,74.76763308886439,-1.0,7.645552989731584,9.695339649078335,-1.0,-1.0,-1.0,-1.0,894.3933649212146,890.4982693276776,-1.0,18007.858123203674,0.0,0.2605208630005872,0.2090043251262506,0.15672232333521835
