target_id,prot_ps,prot_acf,prot_cs,e_prot_ps,E_prot_ps,e_prot_acf,E_prot_acf,e_prot_cs,E_prot_cs,sph_ps,sph_acf,sph_cs,h_ps,fa_prob_ps,hacf,gacf,hcs
10004547,54.65718427131562,50.06252892781049,34.69867053263809,7.493048295589489,10.323612116412043,-1.0,-1.0,1.0096959208856338,1.0096959208856338,259.56827484158794,253.48680608859846,251.34933487036272,4702.006997372579,0.0,0.0665422088262689,0.024196490300832943,1.4442346185781776
