target_id,prot_ps,prot_acf,prot_cs,e_prot_ps,E_prot_ps,e_prot_acf,E_prot_acf,e_prot_cs,E_prot_cs,sph_ps,sph_acf,sph_cs,h_ps,fa_prob_ps,hacf,gacf,hcs
10006576,27.831604904833917,28.607196547091007,27.840728016747157,3.662646022884985,4.971021251640522,-1.0,-1.0,1.1954196946987599,1.1954196946987599,1929.8327484265787,1898.1444547618933,1929.0341000198111,31810.297646826013,0.0,0.6258516501012037,0.299930455479569,0.201181988503814
