target_id,prot_ps,prot_acf,prot_cs,e_prot_ps,E_prot_ps,e_prot_acf,E_prot_acf,e_prot_cs,E_prot_cs,sph_ps,sph_acf,sph_cs,h_ps,fa_prob_ps,hacf,gacf,hcs
10187346,52.387511687669765,53.00489384494722,52.878683544373,6.921536087100499,9.407376452650198,-1.0,-1.0,1.3779235631772933,1.3779235631772933,963.656158724773,984.9217720234395,985.4591643304686,3256.4873577525896,0.0,0.07912630163609162,0.014135470126227586,0.1610566988954069
