target_id,prot_ps,prot_acf,prot_cs,e_prot_ps,E_prot_ps,e_prot_acf,E_prot_acf,e_prot_cs,E_prot_cs,sph_ps,sph_acf,sph_cs,h_ps,fa_prob_ps,hacf,gacf,hcs
10199528,40.99285542000588,40.94907263293862,40.44529989436963,11.83252809789169,27.99254003889783,-1.0,-1.0,1.5441017749011163,1.5441017749011163,645.1608353516365,645.4089652874839,644.7194155253945,10799.603322403338,0.0,0.22826936123050084,0.11416595201047908,0.9951497709275371
