target_id,prot_ps,prot_acf,prot_cs,e_prot_ps,E_prot_ps,e_prot_acf,E_prot_acf,e_prot_cs,E_prot_cs,sph_ps,sph_acf,sph_cs,h_ps,fa_prob_ps,hacf,gacf,hcs
10129128,76.13274920020676,60.48374701291323,59.04541898850817,12.81087105332616,19.30919395712324,-1.0,-1.0,5.404482688985397,5.404482688985397,413.1273526753689,413.0170169436625,411.5260340157127,5134.51580801864,0.0,0.12699593971884768,0.10892060673645682,0.26602386070661604
