target_id,prot_ps,prot_acf,prot_cs,e_prot_ps,E_prot_ps,e_prot_acf,E_prot_acf,e_prot_cs,E_prot_cs,sph_ps,sph_acf,sph_cs,h_ps,fa_prob_ps,hacf,gacf,hcs
10132724,90.40678225136104,64.57078097388148,46.14685725321993,44.97849863251792,9040.678225135729,-1.0,-1.0,1.8326255720831153,1.8326255720831153,388.1688488891875,378.1889232960587,384.6083203317973,6045.210525489493,0.0,0.11712828148228352,0.013495568381437164,0.1806378436368494
