target_id,prot_ps,prot_acf,prot_cs,e_prot_ps,E_prot_ps,e_prot_acf,E_prot_acf,e_prot_cs,E_prot_cs,sph_ps,sph_acf,sph_cs,h_ps,fa_prob_ps,hacf,gacf,hcs
10136999,67.07896717223926,74.27819113247097,28.36221285503358,13.532191074014364,22.684863538458956,-1.0,-1.0,1.8436425775141083,1.8436425775141083,450.44212638054444,464.5341053016406,396.1417591481503,2561.6751832963637,0.0,0.1472135035090421,0.08372146187322368,0.2706404931914964
