target_id,prot_ps,prot_acf,prot_cs,e_prot_ps,E_prot_ps,e_prot_acf,E_prot_acf,e_prot_cs,E_prot_cs,sph_ps,sph_acf,sph_cs,h_ps,fa_prob_ps,hacf,gacf,hcs
10189651,45.5437099006802,14.671408095397055,47.548286997799025,6.561045334172761,9.216515165496801,-1.0,-1.0,1.9744037693565482,1.9744037693565482,262.0571480950622,254.03100796754265,260.4544429591683,4731.178039259007,0.0,0.1153831935585261,0.004124520422807064,26.16142075296966
