target_id,prot_ps,prot_acf,prot_cs,e_prot_ps,E_prot_ps,e_prot_acf,E_prot_acf,e_prot_cs,E_prot_cs,sph_ps,sph_acf,sph_cs,h_ps,fa_prob_ps,hacf,gacf,hcs
10196750,3.9958679594740008,4.045878628268838,4.057507329384484,0.3481311460557941,0.42159161804667855,-1.0,-1.0,0.09691698335531876,0.09691698335531876,10826.727115829974,10799.718921885718,10796.495603411578,702390.7826229053,0.0,1.4871393197145546,0.8544182371272909,0.7371243844654605
