target_id,prot_ps,prot_acf,prot_cs,e_prot_ps,E_prot_ps,e_prot_acf,E_prot_acf,e_prot_cs,E_prot_cs,sph_ps,sph_acf,sph_cs,h_ps,fa_prob_ps,hacf,gacf,hcs
10160604,73.78709265746029,67.18668445944786,37.080797046236704,9.957205777768543,13.637956201652244,-1.0,-1.0,5.794520428242116,5.794520428242116,409.1756240029847,397.3556722845534,403.97376673108647,11784.296586815499,0.0,0.05927617435064166,0.08532794641408281,0.31720100380699623
