target_id,prot_ps,prot_acf,prot_cs,e_prot_ps,E_prot_ps,e_prot_acf,E_prot_acf,e_prot_cs,E_prot_cs,sph_ps,sph_acf,sph_cs,h_ps,fa_prob_ps,hacf,gacf,hcs
10160915,62.479933051272425,56.58138642925769,45.902961463684775,16.794738356823686,36.32113372959763,-1.0,-1.0,1.1030070116656432,1.1030070116656432,774.8313452308073,773.7474794864568,770.9782828383842,1509.0881320739747,0.0,0.08246469838970101,0.01335042276463958,0.26302506323550007
