target_id,prot_ps,prot_acf,prot_cs,e_prot_ps,E_prot_ps,e_prot_acf,E_prot_acf,e_prot_cs,E_prot_cs,sph_ps,sph_acf,sph_cs,h_ps,fa_prob_ps,hacf,gacf,hcs
10190048,13.518882700090375,13.77229571621865,13.717593955599225,1.3103983459372692,1.625525942423593,-1.0,-1.0,0.23840906441422607,0.23840906441422607,2720.3674066432013,2756.4034172190936,2762.4937483634435,157509.8712346929,0.0,0.9360433814098814,0.5510260201048249,0.9637578191439925
