target_id,prot_ps,prot_acf,prot_cs,e_prot_ps,E_prot_ps,e_prot_acf,E_prot_acf,e_prot_cs,E_prot_cs,sph_ps,sph_acf,sph_cs,h_ps,fa_prob_ps,hacf,gacf,hcs
10266895,26.378645527224037,53.434049249626696,40.584743380008824,3.064567430956963,3.9921526644086534,-1.0,-1.0,0.9204411208722099,0.9204411208722099,1299.0240077907854,1297.8588936328981,1316.967411473696,10718.465895190471,0.0,0.16303361828940033,0.15258133788742667,0.3976851519104973
