target_id,prot_ps,prot_acf,prot_cs,e_prot_ps,E_prot_ps,e_prot_acf,E_prot_acf,e_prot_cs,E_prot_cs,sph_ps,sph_acf,sph_cs,h_ps,fa_prob_ps,hacf,gacf,hcs
10255204,54.65727438090786,56.7035709740594,37.51045796168505,10.242808870749812,16.38328573845417,-1.0,-1.0,0.7627079606169808,0.7627079606169808,885.7157484043807,882.896062683773,882.183952163957,1530.630131741471,0.0,0.061260516554048614,0.010993617248249828,0.6003841141749469
