target_id,prot_ps,prot_acf,prot_cs,e_prot_ps,E_prot_ps,e_prot_acf,E_prot_acf,e_prot_cs,E_prot_cs,sph_ps,sph_acf,sph_cs,h_ps,fa_prob_ps,hacf,gacf,hcs
10208352,47.2156184539072,37.90467622457072,21.608117502531965,5.923873662299044,7.908289350683489,-1.0,-1.0,2.9949219392130146,2.9949219392130146,698.2829235133449,684.276299898604,685.056150933564,1126.5142946393562,0.0,0.022169026745199605,0.0072420665109864035,0.4549343199631985
