target_id,prot_ps,prot_acf,prot_cs,e_prot_ps,E_prot_ps,e_prot_acf,E_prot_acf,e_prot_cs,E_prot_cs,sph_ps,sph_acf,sph_cs,h_ps,fa_prob_ps,hacf,gacf,hcs
10258558,90.60023564713829,51.84020992880687,52.83328608274459,9.15940478134246,11.480739610858905,-1.0,-1.0,7.70334091882897,7.70334091882897,629.4717563639251,610.708299734053,603.5395648308635,26662.412881678374,0.0,0.09016920393123505,0.12437796013686116,0.07567017477071887
