target_id,prot_ps,prot_acf,prot_cs,e_prot_ps,E_prot_ps,e_prot_acf,E_prot_acf,e_prot_cs,E_prot_cs,sph_ps,sph_acf,sph_cs,h_ps,fa_prob_ps,hacf,gacf,hcs
10280172,72.32619237592176,67.14520917180926,34.34172986686229,15.578395439590125,27.368044822345922,-1.0,-1.0,5.772492274507599,5.772492274507599,808.530845377041,797.0602572381725,810.5217987010917,4098.936251910772,0.0,0.10481587115771154,0.039704531400949344,0.1441913289695089
