target_id,prot_ps,prot_acf,prot_cs,e_prot_ps,E_prot_ps,e_prot_acf,E_prot_acf,e_prot_cs,E_prot_cs,sph_ps,sph_acf,sph_cs,h_ps,fa_prob_ps,hacf,gacf,hcs
10207402,12.578458539951523,12.26022345945239,12.582667336435991,1.4788011366940221,1.9334078247676771,-1.0,-1.0,0.720722877390057,0.720722877390057,1936.4113985799115,1931.6172712600912,1935.8022834101873,47657.525591434285,0.0,0.5980836515420213,0.41526260033834433,0.9073750886034225
