target_id,prot_ps,prot_acf,prot_cs,e_prot_ps,E_prot_ps,e_prot_acf,E_prot_acf,e_prot_cs,E_prot_cs,sph_ps,sph_acf,sph_cs,h_ps,fa_prob_ps,hacf,gacf,hcs
10200957,62.89215228587197,56.11083071958274,56.754491013705945,12.835815720388219,21.688897916279885,-1.0,-1.0,5.868250839955625,5.868250839955625,685.9736699614525,712.144441848435,708.8838076405743,11095.941496034076,0.0,0.10103415266813709,0.09961036017475658,0.914771762637201
