target_id,prot_ps,prot_acf,prot_cs,e_prot_ps,E_prot_ps,e_prot_acf,E_prot_acf,e_prot_cs,E_prot_cs,sph_ps,sph_acf,sph_cs,h_ps,fa_prob_ps,hacf,gacf,hcs
10290546,3.411595166451675,3.432895503938198,3.405357094541124,0.40346422336298016,0.5284578575205479,-1.0,-1.0,0.10892704430077817,0.10892704430077817,698.0365465041808,689.5972446239551,693.9125132136328,23222.307890665015,0.0,0.67918531790527,0.6557311813299099,0.6969783514789003
