target_id,prot_ps,prot_acf,prot_cs,e_prot_ps,E_prot_ps,e_prot_acf,E_prot_acf,e_prot_cs,E_prot_cs,sph_ps,sph_acf,sph_cs,h_ps,fa_prob_ps,hacf,gacf,hcs
10262808,62.62113394612504,64.28448082320392,54.29808917982428,9.152218728210705,12.932424126348721,-1.0,-1.0,1.5920350054770378,1.5920350054770378,1051.94463812585,1045.4611108183224,1030.5296817409126,54786.89966335268,0.0,0.7466705406056312,0.3548937965370014,0.04601493877277185
