target_id,prot_ps,prot_acf,prot_cs,e_prot_ps,E_prot_ps,e_prot_acf,E_prot_acf,e_prot_cs,E_prot_cs,sph_ps,sph_acf,sph_cs,h_ps,fa_prob_ps,hacf,gacf,hcs
10226382,30.744631468745787,30.283060424029827,30.31153393211988,6.737477660142826,11.994507940351184,-1.0,-1.0,1.895023139960009,1.895023139960009,882.4229429254822,889.3315638759908,888.6733989021808,66246.01448621918,0.0,0.1972934224560658,0.09294998491945493,0.22796417820977555
