target_id,prot_ps,prot_acf,prot_cs,e_prot_ps,E_prot_ps,e_prot_acf,E_prot_acf,e_prot_cs,E_prot_cs,sph_ps,sph_acf,sph_cs,h_ps,fa_prob_ps,hacf,gacf,hcs
10273785,60.72495400141685,62.20024004019797,27.531166693745178,11.572418628698493,18.699638260827967,-1.0,-1.0,5.19502779060066,5.19502779060066,370.94887480778414,369.8399058766196,361.3078335900779,31455.002876641418,0.0,0.27671446295146634,0.12741996210767495,0.9966480873311065
