target_id,prot_ps,prot_acf,prot_cs,e_prot_ps,E_prot_ps,e_prot_acf,E_prot_acf,e_prot_cs,E_prot_cs,sph_ps,sph_acf,sph_cs,h_ps,fa_prob_ps,hacf,gacf,hcs
10287194,72.3258450741899,64.8163586948067,34.30076797991059,19.526740270046858,42.446276702940565,-1.0,-1.0,5.4598306636676215,5.4598306636676215,501.9559052089775,502.85394840951756,501.6845168231334,2378.9451051006386,0.0,0.09519134659360996,0.0633825531264652,0.09291636468060595
