target_id,prot_ps,prot_acf,prot_cs,e_prot_ps,E_prot_ps,e_prot_acf,E_prot_acf,e_prot_cs,E_prot_cs,sph_ps,sph_acf,sph_cs,h_ps,fa_prob_ps,hacf,gacf,hcs
10231594,11.34989797848646,11.626911326311529,11.351053148973731,1.5138794346325817,2.0646587264769156,-1.0,-1.0,0.8707445291600263,0.8707445291600263,1775.7511694314958,1831.0655820857455,1775.7511694314958,459043.81201123906,0.0,0.644701068933265,0.42167180533857784,0.9355664429859695
