target_id,prot_ps,prot_acf,prot_cs,e_prot_ps,E_prot_ps,e_prot_acf,E_prot_acf,e_prot_cs,E_prot_cs,sph_ps,sph_acf,sph_cs,h_ps,fa_prob_ps,hacf,gacf,hcs
10273995,74.13661766770113,61.750855836085975,32.510855205630165,36.88388938691598,7413.661766770032,-1.0,-1.0,5.6663612530387075,5.6663612530387075,869.8755264059645,867.6452909986222,862.6978570505939,1423.3260108364573,0.0,0.054723633629226054,0.0389641207719795,0.30284617853335594
