target_id,prot_ps,prot_acf,prot_cs,e_prot_ps,E_prot_ps,e_prot_acf,E_prot_acf,e_prot_cs,E_prot_cs,sph_ps,sph_acf,sph_cs,h_ps,fa_prob_ps,hacf,gacf,hcs
10288607,80.36200030487731,57.86879673600197,46.55985606423317,39.981094679043444,8036.200030487688,-1.0,-1.0,1.752321424794611,1.752321424794611,495.5690636978887,500.0623122226596,493.39501333464295,1328.5757152940332,0.0,0.05380632565606699,0.003424463931329341,0.2604895723946399
