target_id,prot_ps,prot_acf,prot_cs,e_prot_ps,E_prot_ps,e_prot_acf,E_prot_acf,e_prot_cs,E_prot_cs,sph_ps,sph_acf,sph_cs,h_ps,fa_prob_ps,hacf,gacf,hcs
10212630,82.60122769694135,37.904585525393486,6.19142286479473,10.63129966385624,14.31656409012794,-1.0,-1.0,0.8370531739882724,0.8370531739882724,163.85365255695314,163.8843697055462,159.15364517769297,3252.811895573831,0.0,0.052992758246912484,0.004084172950061024,1.2090542578935064
