target_id,prot_ps,prot_acf,prot_cs,e_prot_ps,E_prot_ps,e_prot_acf,E_prot_acf,e_prot_cs,E_prot_cs,sph_ps,sph_acf,sph_cs,h_ps,fa_prob_ps,hacf,gacf,hcs
10289297,60.27154775824979,54.33377586537972,31.558135933242742,11.662830186306572,19.026118366928507,-1.0,-1.0,6.875138950989114,6.875138950989114,569.3183947522037,563.8957474081435,557.3309346777284,3137.611709841757,0.0,0.12051559364790224,0.05255713969985349,0.13766116249088697
