target_id,prot_ps,prot_acf,prot_cs,e_prot_ps,E_prot_ps,e_prot_acf,E_prot_acf,e_prot_cs,E_prot_cs,sph_ps,sph_acf,sph_cs,h_ps,fa_prob_ps,hacf,gacf,hcs
10263883,62.89216186305882,57.377726800739765,28.61875502477816,31.289632767690954,6289.216186305813,-1.0,-1.0,0.45528187399281606,0.45528187399281606,584.8575539129331,593.305202250364,581.1124499388817,4154.236255413237,0.0,0.12511664981807816,0.03571404202763157,0.20990017618993137
