target_id,prot_ps,prot_acf,prot_cs,e_prot_ps,E_prot_ps,e_prot_acf,E_prot_acf,e_prot_cs,E_prot_cs,sph_ps,sph_acf,sph_cs,h_ps,fa_prob_ps,hacf,gacf,hcs
10253403,72.32602387907102,68.12586789950728,-1.0,14.250259296031487,23.51746060605639,-1.0,-1.0,-1.0,-1.0,840.4971514098428,848.8708679628159,-1.0,128313.14762652831,0.0,0.989304803265358,0.48251935342131863,0.9037459445877865
