target_id,prot_ps,prot_acf,prot_cs,e_prot_ps,E_prot_ps,e_prot_acf,E_prot_acf,e_prot_cs,E_prot_cs,sph_ps,sph_acf,sph_cs,h_ps,fa_prob_ps,hacf,gacf,hcs
10257903,0.4290442858455045,0.44954013358801603,0.42898682671878036,0.01818419278703909,0.019868354545311606,-1.0,-1.0,0.0065690276639167496,0.0065690276639167496,28369.259115836765,28360.250124500217,28369.259115836765,13608160.550262554,0.0,0.8841001101362862,0.47076755076553617,0.06312776459476639
