target_id,prot_ps,prot_acf,prot_cs,e_prot_ps,E_prot_ps,e_prot_acf,E_prot_acf,e_prot_cs,E_prot_cs,sph_ps,sph_acf,sph_cs,h_ps,fa_prob_ps,hacf,gacf,hcs
10321319,58.295251470729625,54.006417259108275,59.4583477127226,16.499108686395992,38.02104571597846,-1.0,-1.0,2.979156005071298,2.979156005071298,138.16938204998468,135.721510325155,138.50183300379038,7344.838308810288,0.0,0.23544345339494932,0.15274840933599096,0.16003220461270554
