target_id,prot_ps,prot_acf,prot_cs,e_prot_ps,E_prot_ps,e_prot_acf,E_prot_acf,e_prot_cs,E_prot_cs,sph_ps,sph_acf,sph_cs,h_ps,fa_prob_ps,hacf,gacf,hcs
10338256,14.323887804820671,14.528356191236526,14.51002979349113,1.3643067964423956,1.6853570796522348,-1.0,-1.0,0.1710482519645795,0.1710482519645795,4292.850990282726,4282.565519433332,4275.089391443696,590319.4414539555,0.0,1.0643667737290112,0.6103616101355321,0.9958808559404703
