target_id,prot_ps,prot_acf,prot_cs,e_prot_ps,E_prot_ps,e_prot_acf,E_prot_acf,e_prot_cs,E_prot_cs,sph_ps,sph_acf,sph_cs,h_ps,fa_prob_ps,hacf,gacf,hcs
10388784,6.970583960049439,7.008748140186071,6.955981337565294,0.6737535432502044,0.8352109969718722,-1.0,-1.0,0.024522139024760033,0.024522139024760033,3469.863797920316,3495.5450640757654,3466.269370506089,331006.4420870186,0.0,1.1102599469782195,0.7012687846435928,0.7476152712994766
