target_id,prot_ps,prot_acf,prot_cs,e_prot_ps,E_prot_ps,e_prot_acf,E_prot_acf,e_prot_cs,E_prot_cs,sph_ps,sph_acf,sph_cs,h_ps,fa_prob_ps,hacf,gacf,hcs
10354884,52.4223015416119,52.55603018589318,51.90441764852719,5.853853081262905,7.537160778561734,-1.0,-1.0,4.756818892439336,4.756818892439336,739.6398051782193,739.9029691217064,744.7557766095825,4891.9922644197495,0.0,0.1710734771549738,0.10378380938336502,0.09051256328095013
