target_id,prot_ps,prot_acf,prot_cs,e_prot_ps,E_prot_ps,e_prot_acf,E_prot_acf,e_prot_cs,E_prot_cs,sph_ps,sph_acf,sph_cs,h_ps,fa_prob_ps,hacf,gacf,hcs
10358952,20.125072846830367,20.0048436652869,19.977200914546017,2.3690579327481416,3.0985635127696227,-1.0,-1.0,0.3153619984760922,0.3153619984760922,1771.1741903009613,1782.2574611022674,1753.330458592433,28341.17928621282,0.0,0.46165277408998023,0.2036028524038874,0.9817786928514025
