target_id,prot_ps,prot_acf,prot_cs,e_prot_ps,E_prot_ps,e_prot_acf,E_prot_acf,e_prot_cs,E_prot_cs,sph_ps,sph_acf,sph_cs,h_ps,fa_prob_ps,hacf,gacf,hcs
10398907,15.213843250763052,14.957445692270994,15.107466988096569,1.8548730236563475,2.4530171236307723,-1.0,-1.0,0.17936755468703366,0.17936755468703366,2403.6416124858706,2454.505015240723,2409.3144832102885,393899.39166455227,0.0,0.9152924156348643,0.4991731673775365,0.9862534704563923
