target_id,prot_ps,prot_acf,prot_cs,e_prot_ps,E_prot_ps,e_prot_acf,E_prot_acf,e_prot_cs,E_prot_cs,sph_ps,sph_acf,sph_cs,h_ps,fa_prob_ps,hacf,gacf,hcs
10319081,53.57486253468151,54.35360159724951,54.19420431695044,6.865295245549909,9.23111981160131,-1.0,-1.0,1.4657234863891633,1.4657234863891633,383.84427944686627,381.7506041508683,381.6569009260686,9005.164470183394,0.0,0.15032946421661092,0.05050087464901708,0.1832137249147171
