target_id,prot_ps,prot_acf,prot_cs,e_prot_ps,E_prot_ps,e_prot_acf,E_prot_acf,e_prot_cs,E_prot_cs,sph_ps,sph_acf,sph_cs,h_ps,fa_prob_ps,hacf,gacf,hcs
10339385,5.3152981092932485,5.312775848433375,5.3693914206588325,0.4637885768048422,0.5618348500966919,-1.0,-1.0,0.017292811444799137,0.017292811444799137,6427.632081942119,6427.632081942119,6417.185031777331,557216.257641034,0.0,1.3015225341449856,0.8071797634128581,0.7195330998823221
