target_id,prot_ps,prot_acf,prot_cs,e_prot_ps,E_prot_ps,e_prot_acf,E_prot_acf,e_prot_cs,E_prot_cs,sph_ps,sph_acf,sph_cs,h_ps,fa_prob_ps,hacf,gacf,hcs
10329265,111.73923986946994,114.26505869999528,28.34129001543392,12.384929972027862,15.912297662669758,-1.0,-1.0,1.8431444172355267,1.8431444172355267,285.1552192243187,284.8630590409422,285.7195667838707,2864.2406747812443,0.0,0.08266833912541613,0.05058395680555074,0.24038068991627612
