target_id,prot_ps,prot_acf,prot_cs,e_prot_ps,E_prot_ps,e_prot_acf,E_prot_acf,e_prot_cs,E_prot_cs,sph_ps,sph_acf,sph_cs,h_ps,fa_prob_ps,hacf,gacf,hcs
10387524,44.16301840368541,44.62727237865329,44.61279384485996,4.1788013950563325,5.15420585832446,-1.0,-1.0,0.871001057147929,0.871001057147929,418.6028185770615,418.1135321205381,418.169823054857,213818.7228813686,0.0,1.0439664739185694,0.6207670625035472,0.9979894660020189
