target_id,prot_ps,prot_acf,prot_cs,e_prot_ps,E_prot_ps,e_prot_acf,E_prot_acf,e_prot_cs,E_prot_cs,sph_ps,sph_acf,sph_cs,h_ps,fa_prob_ps,hacf,gacf,hcs
10334567,72.32611360049293,79.16014907695353,53.44597385717557,10.883527691919703,15.569183603989941,-1.0,-1.0,7.361462725649196,7.361462725649196,635.2390135547324,634.6833694243844,637.1323855756642,1978.3068032566991,0.0,0.061511311520548215,0.020887021748855938,0.18248890754944386
