target_id,prot_ps,prot_acf,prot_cs,e_prot_ps,E_prot_ps,e_prot_acf,E_prot_acf,e_prot_cs,E_prot_cs,sph_ps,sph_acf,sph_cs,h_ps,fa_prob_ps,hacf,gacf,hcs
10352450,90.40731076538997,73.13296457380056,37.101033377498396,44.978761574820886,9040.731076539187,-1.0,-1.0,2.0474957044086053,2.0474957044086053,554.7714969024707,556.6505242128086,553.0228737301286,2763.967525597023,0.0,0.09329360299831779,0.08298694934258517,0.5852617128561093
