target_id,prot_ps,prot_acf,prot_cs,e_prot_ps,E_prot_ps,e_prot_acf,E_prot_acf,e_prot_cs,E_prot_cs,sph_ps,sph_acf,sph_cs,h_ps,fa_prob_ps,hacf,gacf,hcs
10328411,60.27169496532924,56.356080875732005,52.26645615601731,8.587718200148046,12.010238221177964,-1.0,-1.0,1.1837987357024775,1.1837987357024775,619.6913525194875,620.8178807417871,619.621143802602,5306.108239066293,0.0,0.1839654047631015,0.16901152704325018,0.3261419375928464
