target_id,prot_ps,prot_acf,prot_cs,e_prot_ps,E_prot_ps,e_prot_acf,E_prot_acf,e_prot_cs,E_prot_cs,sph_ps,sph_acf,sph_cs,h_ps,fa_prob_ps,hacf,gacf,hcs
10346628,61.489369579213964,63.52836661413312,32.03750490075035,7.93266738010351,10.691178853847298,-1.0,-1.0,1.3390299445501903,1.3390299445501903,604.6736158680784,607.2408268935208,604.7218446374029,11514.28017485069,0.0,0.20877710629548307,0.18773098872879168,0.15696338108262217
