target_id,prot_ps,prot_acf,prot_cs,e_prot_ps,E_prot_ps,e_prot_acf,E_prot_acf,e_prot_cs,E_prot_cs,sph_ps,sph_acf,sph_cs,h_ps,fa_prob_ps,hacf,gacf,hcs
10397249,91.08749430212212,100.86073258519173,46.497492467500265,18.520237794163435,31.212860481409308,-1.0,-1.0,10.35345093640573,10.35345093640573,248.52651402028596,244.30058834796057,241.18719562737624,9141.512046205366,0.0,0.09193566876725054,0.10546905601559674,0.18668162413436767
