target_id,prot_ps,prot_acf,prot_cs,e_prot_ps,E_prot_ps,e_prot_acf,E_prot_acf,e_prot_cs,E_prot_cs,sph_ps,sph_acf,sph_cs,h_ps,fa_prob_ps,hacf,gacf,hcs
10340576,54.65681907966044,50.67582242190838,26.829578564502295,12.662092829193504,23.593848768899633,-1.0,-1.0,3.2963853271730517,3.2963853271730517,381.9091513012771,374.1361734916882,374.37386997607433,1200.0414529847299,0.0,0.07351448806220022,0.02965633595133803,0.381524032007628
