target_id,prot_ps,prot_acf,prot_cs,e_prot_ps,E_prot_ps,e_prot_acf,E_prot_acf,e_prot_cs,E_prot_cs,sph_ps,sph_acf,sph_cs,h_ps,fa_prob_ps,hacf,gacf,hcs
10456424,62.65983999275928,54.536092882975936,58.623132710047074,15.691508353501249,31.436293695568118,-1.0,-1.0,1.8470714800905448,1.8470714800905448,417.60760598186874,418.8759222384416,429.0963824733011,1876.6223199780068,0.0,0.06748844162379897,0.027792069422219404,0.13943069824987997
