target_id,prot_ps,prot_acf,prot_cs,e_prot_ps,E_prot_ps,e_prot_acf,E_prot_acf,e_prot_cs,E_prot_cs,sph_ps,sph_acf,sph_cs,h_ps,fa_prob_ps,hacf,gacf,hcs
10486315,52.04978300801053,13.404660053551197,13.756123701296753,8.018793900340732,11.589865046986922,-1.0,-1.0,1.2989863030987732,1.2989863030987732,513.1476956093771,477.3842617996113,482.1517634514686,13972.846708809715,0.0,0.15777026589497856,0.11041039188591575,0.36042613931024364
