target_id,prot_ps,prot_acf,prot_cs,e_prot_ps,E_prot_ps,e_prot_acf,E_prot_acf,e_prot_cs,E_prot_cs,sph_ps,sph_acf,sph_cs,h_ps,fa_prob_ps,hacf,gacf,hcs
10490558,4.003830565527965,4.045919934287667,4.044411031018932,0.3053461085826532,0.3603018672074443,-1.0,-1.0,0.011777147768812519,0.011777147768812519,332.1635144957041,332.56130950718324,333.4112534015021,640086.6348979535,0.0,1.1761689338682602,0.8289083776560925,0.8223298404412335
