target_id,prot_ps,prot_acf,prot_cs,e_prot_ps,E_prot_ps,e_prot_acf,E_prot_acf,e_prot_cs,E_prot_cs,sph_ps,sph_acf,sph_cs,h_ps,fa_prob_ps,hacf,gacf,hcs
10423825,15.171786798280948,15.305004313588142,15.169118761271237,1.7476336382852171,2.2707729741099385,-1.0,-1.0,0.9448521642738503,0.9448521642738503,1509.9025384822664,1522.5779130997162,1509.8123538751308,140058.49337509312,0.0,0.5841820490611525,0.32508048938482076,0.9830886926651807
