target_id,prot_ps,prot_acf,prot_cs,e_prot_ps,E_prot_ps,e_prot_acf,E_prot_acf,e_prot_cs,E_prot_cs,sph_ps,sph_acf,sph_cs,h_ps,fa_prob_ps,hacf,gacf,hcs
10492130,41.329048146152225,41.07215012423694,41.63875431437993,6.802007483074448,10.13959092251799,-1.0,-1.0,0.9458163911846378,0.9458163911846378,1792.6544991370579,1796.3378569186305,1789.9208281253552,20554.266427524475,0.0,0.507798906284818,0.2692893223350978,0.16129889150138255
