target_id,prot_ps,prot_acf,prot_cs,e_prot_ps,E_prot_ps,e_prot_acf,E_prot_acf,e_prot_cs,E_prot_cs,sph_ps,sph_acf,sph_cs,h_ps,fa_prob_ps,hacf,gacf,hcs
10417718,46.661834697723805,41.46039999835193,31.12349350617055,15.067917703189327,42.54488171697706,-1.0,-1.0,2.530650041382764,2.530650041382764,779.0125776507192,785.213465309579,765.5883345720459,2319.091071782538,0.0,0.07266425205887174,0.018671805048420732,0.4945091529373854
