target_id,prot_ps,prot_acf,prot_cs,e_prot_ps,E_prot_ps,e_prot_acf,E_prot_acf,e_prot_cs,E_prot_cs,sph_ps,sph_acf,sph_cs,h_ps,fa_prob_ps,hacf,gacf,hcs
10470939,63.365185612463506,75.78868549782783,38.2537719691638,13.124149686345646,22.405278705462607,-1.0,-1.0,8.538444008462024,8.538444008462024,176.2866809606649,177.65301829035434,176.22155926676928,2549.0763427100537,0.0,0.03045878057186731,0.017929784233707204,0.2486607935599805
