target_id,prot_ps,prot_acf,prot_cs,e_prot_ps,E_prot_ps,e_prot_acf,E_prot_acf,e_prot_cs,E_prot_cs,sph_ps,sph_acf,sph_cs,h_ps,fa_prob_ps,hacf,gacf,hcs
10467823,27.844320683728753,29.588026851415634,16.57236009482294,3.9808972541325325,5.575014903781778,-1.0,-1.0,3.2505246251009607,3.2505246251009607,1350.692403365464,1424.052893793041,1315.1975137555703,16145.419577319168,0.0,0.22411395683334434,0.057000912068483706,0.2569338549480243
