target_id,prot_ps,prot_acf,prot_cs,e_prot_ps,E_prot_ps,e_prot_acf,E_prot_acf,e_prot_cs,E_prot_cs,sph_ps,sph_acf,sph_cs,h_ps,fa_prob_ps,hacf,gacf,hcs
10401967,22.356114831023458,13.813134731724858,22.804954167664977,1.0645768967154012,1.176637622685444,-1.0,-1.0,2.976177730887183,2.976177730887183,2512.2029238208424,2512.2029238208424,2512.2029238208424,1756.2575702234262,0.0,0.048768671608258575,0.06385899634041485,4.109254595389243
