target_id,prot_ps,prot_acf,prot_cs,e_prot_ps,E_prot_ps,e_prot_acf,E_prot_acf,e_prot_cs,E_prot_cs,sph_ps,sph_acf,sph_cs,h_ps,fa_prob_ps,hacf,gacf,hcs
10419006,7.7353801583136175,7.846617043018341,7.820068433180835,0.8104972144121598,1.025369407182616,-1.0,-1.0,0.05480326244915072,0.05480326244915072,5787.854849166906,5856.519976135847,5875.112280006666,819681.638048114,0.0,1.120855279133818,0.7085774633856161,0.8651166193261738
