target_id,prot_ps,prot_acf,prot_cs,e_prot_ps,E_prot_ps,e_prot_acf,E_prot_acf,e_prot_cs,E_prot_cs,sph_ps,sph_acf,sph_cs,h_ps,fa_prob_ps,hacf,gacf,hcs
10425286,72.32598146748107,81.32697368040681,42.14331081857904,17.23555100598248,32.93044808412051,-1.0,-1.0,6.032993291151766,6.032993291151766,838.832767119148,819.6766727939831,814.9093180120246,29431.723567837314,0.0,0.25115148763541184,0.17013243042780898,0.1617064577289155
