target_id,prot_ps,prot_acf,prot_cs,e_prot_ps,E_prot_ps,e_prot_acf,E_prot_acf,e_prot_cs,E_prot_cs,sph_ps,sph_acf,sph_cs,h_ps,fa_prob_ps,hacf,gacf,hcs
10449049,90.4074690027678,67.61498137330636,37.82944801022764,10.310623280299225,13.35732644628142,-1.0,-1.0,5.883947983482641,5.883947983482641,721.2697727304958,721.6585633325823,711.5034022178634,3198.5545866204075,0.0,0.10787659407526967,0.02696674016143514,0.15192028072735025
