target_id,prot_ps,prot_acf,prot_cs,e_prot_ps,E_prot_ps,e_prot_acf,E_prot_acf,e_prot_cs,E_prot_cs,sph_ps,sph_acf,sph_cs,h_ps,fa_prob_ps,hacf,gacf,hcs
10412074,92.23407748995324,57.15306721208617,47.02610324538781,10.409211364680274,13.4436071592107,-1.0,-1.0,1.0281503750325955,1.0281503750325955,491.6657918718911,487.39812524456465,488.5918600934217,5537.247949577065,0.0,0.10416167748618947,0.0048713652201562005,0.1607969372477363
