target_id,prot_ps,prot_acf,prot_cs,e_prot_ps,E_prot_ps,e_prot_acf,E_prot_acf,e_prot_cs,E_prot_cs,sph_ps,sph_acf,sph_cs,h_ps,fa_prob_ps,hacf,gacf,hcs
10417984,3.512724668395262,3.5759275197051466,3.5704103743890294,0.29682343924948107,0.35718781487033224,-1.0,-1.0,0.07907329731895146,0.07907329731895146,13693.288365296736,13747.022689782034,13654.828606104787,1922813.0096647616,0.0,1.4185751327217553,0.8566028345985288,0.3183582579893556
