target_id,prot_ps,prot_acf,prot_cs,e_prot_ps,E_prot_ps,e_prot_acf,E_prot_acf,e_prot_cs,E_prot_cs,sph_ps,sph_acf,sph_cs,h_ps,fa_prob_ps,hacf,gacf,hcs
10480715,11.945861702084228,8.275749657768756,12.066568311355674,1.3020117717753692,1.664945623780305,-1.0,-1.0,0.06687635295099363,0.06687635295099363,174.32110953252118,173.0571977624185,174.7119462596273,4613.838892574157,0.0,4.239162810595887e-05,0.14471560385851825,0.8826463357783607
