target_id,prot_ps,prot_acf,prot_cs,e_prot_ps,E_prot_ps,e_prot_acf,E_prot_acf,e_prot_cs,E_prot_cs,sph_ps,sph_acf,sph_cs,h_ps,fa_prob_ps,hacf,gacf,hcs
10590054,2.029784807626237,2.084249102510512,2.124095041234978,0.16256988824850183,0.19357806658768606,-1.0,-1.0,0.08458972429689103,0.08458972429689103,4179.5113577458105,4171.911741073392,4180.140391923228,1911876.9420863157,0.0,1.3967385155062553,0.8972137930499909,0.12521510819202547
