target_id,prot_ps,prot_acf,prot_cs,e_prot_ps,E_prot_ps,e_prot_acf,E_prot_acf,e_prot_cs,E_prot_cs,sph_ps,sph_acf,sph_cs,h_ps,fa_prob_ps,hacf,gacf,hcs
10513965,52.38474836136193,53.53623102419078,28.710042043374866,9.416650849146066,14.702462462886487,-1.0,-1.0,0.4844362565430062,0.4844362565430062,1015.1087155758527,985.3168936941591,968.0922120969772,44019.93624533697,0.0,0.26907908378071255,0.08446935261488336,0.23858803263110306
