target_id,prot_ps,prot_acf,prot_cs,e_prot_ps,E_prot_ps,e_prot_acf,E_prot_acf,e_prot_cs,E_prot_cs,sph_ps,sph_acf,sph_cs,h_ps,fa_prob_ps,hacf,gacf,hcs
10591561,64.16282838407017,62.833520653657615,45.67828598555295,10.724172134784041,16.10913090746564,-1.0,-1.0,1.0430179479472519,1.0430179479472519,945.3071296557871,945.3729868214396,940.3384632341637,3040.3426836705285,0.0,0.0854571313095029,0.028263293808621737,0.3661233980589554
