target_id,prot_ps,prot_acf,prot_cs,e_prot_ps,E_prot_ps,e_prot_acf,E_prot_acf,e_prot_cs,E_prot_cs,sph_ps,sph_acf,sph_cs,h_ps,fa_prob_ps,hacf,gacf,hcs
10593632,45.54323436574289,2.4520544707775116,2.4949073474232093,4.7498793091297244,6.001775969116736,-1.0,-1.0,0.010530156945460563,0.010530156945460563,152.7515297967619,128.70039698382578,130.13103563962432,8200.052972385516,0.0,0.15834974302880128,0.37151928918332955,0.53274249092828
