target_id,prot_ps,prot_acf,prot_cs,e_prot_ps,E_prot_ps,e_prot_acf,E_prot_acf,e_prot_cs,E_prot_cs,sph_ps,sph_acf,sph_cs,h_ps,fa_prob_ps,hacf,gacf,hcs
10582625,62.81220846855901,54.41441654972732,58.1790850082785,17.626460406849205,40.17364017181143,-1.0,-1.0,9.315128236715655,9.315128236715655,1284.9909439227797,1321.2026913536492,1298.7706324977187,3334.1399927287257,0.0,0.1958679885450096,0.12660822167810562,0.21347655245468408
