target_id,prot_ps,prot_acf,prot_cs,e_prot_ps,E_prot_ps,e_prot_acf,E_prot_acf,e_prot_cs,E_prot_cs,sph_ps,sph_acf,sph_cs,h_ps,fa_prob_ps,hacf,gacf,hcs
10557072,12.049437222661064,10.012604356743395,12.058934031310617,1.7757725740660284,2.517925617938353,-1.0,-1.0,0.19268681337766647,0.19268681337766647,1084.3353737941522,1056.475195208787,1085.172579822022,5929.4533254662665,0.0,0.17231006737342222,0.13036120440241492,1.0925205224768628
