target_id,prot_ps,prot_acf,prot_cs,e_prot_ps,E_prot_ps,e_prot_acf,E_prot_acf,e_prot_cs,E_prot_cs,sph_ps,sph_acf,sph_cs,h_ps,fa_prob_ps,hacf,gacf,hcs
10553849,74.34180344852334,68.65800864994526,37.16232073634915,12.017188768201038,17.758401850454234,-1.0,-1.0,11.32598921547202,11.32598921547202,228.272767669259,236.5578639927087,225.73536240932816,10131.951797211927,0.0,0.15952417698396354,0.0823611159536122,0.2189944095131026
