target_id,prot_ps,prot_acf,prot_cs,e_prot_ps,E_prot_ps,e_prot_acf,E_prot_acf,e_prot_cs,E_prot_cs,sph_ps,sph_acf,sph_cs,h_ps,fa_prob_ps,hacf,gacf,hcs
10546277,72.32575885798357,62.99766903044656,31.390739260870028,14.9718670348744,25.54978555717136,-1.0,-1.0,4.663376334001804,4.663376334001804,317.6087952634744,296.06562429857337,283.5759359666747,11988.130242262814,0.0,0.2651974334237592,0.15220284130076167,0.19957552309120072
