target_id,prot_ps,prot_acf,prot_cs,e_prot_ps,E_prot_ps,e_prot_acf,E_prot_acf,e_prot_cs,E_prot_cs,sph_ps,sph_acf,sph_cs,h_ps,fa_prob_ps,hacf,gacf,hcs
10526834,52.705188963267595,58.13378559425473,28.717756007484983,10.005977049371303,16.13076568698535,-1.0,-1.0,0.4618165377781799,0.4618165377781799,233.52994520803801,235.4331488063173,232.25834032408324,2114.638419806808,0.0,0.09244566217214124,0.048820685400387524,0.27894102523089387
