target_id,prot_ps,prot_acf,prot_cs,e_prot_ps,E_prot_ps,e_prot_acf,E_prot_acf,e_prot_cs,E_prot_cs,sph_ps,sph_acf,sph_cs,h_ps,fa_prob_ps,hacf,gacf,hcs
10578030,13.150177571865177,13.097976442426443,13.281646407302814,1.2337486815815968,1.5187213250694018,-1.0,-1.0,0.13520947589305135,0.13520947589305135,1451.489370049072,1452.4224683781604,1450.0402137685248,37688.28774685198,0.0,0.698025789717504,0.39827832738715585,0.9901170599644947
