target_id,prot_ps,prot_acf,prot_cs,e_prot_ps,E_prot_ps,e_prot_acf,E_prot_acf,e_prot_cs,E_prot_cs,sph_ps,sph_acf,sph_cs,h_ps,fa_prob_ps,hacf,gacf,hcs
10515886,23.058487036350993,22.599644070491195,22.979670441536584,2.772858329028459,3.6509310892802773,-1.0,-1.0,1.0339157088848463,1.0339157088848463,2760.0730842384246,2741.7205896976366,2757.580969251251,48071.86116826553,0.0,0.6117566813135255,0.312658412010037,0.9928168058815304
