target_id,prot_ps,prot_acf,prot_cs,e_prot_ps,E_prot_ps,e_prot_acf,E_prot_acf,e_prot_cs,E_prot_cs,sph_ps,sph_acf,sph_cs,h_ps,fa_prob_ps,hacf,gacf,hcs
10599193,78.25484660803849,86.10773617401719,36.73846785021954,21.60752877938838,48.256393548277956,-1.0,-1.0,0.8634020691042682,0.8634020691042682,215.23145507699243,206.16706776107978,214.92027161959584,21906.647869241526,0.0,0.0648344387442544,0.10363394290964495,0.9578453932907308
