target_id,prot_ps,prot_acf,prot_cs,e_prot_ps,E_prot_ps,e_prot_acf,E_prot_acf,e_prot_cs,E_prot_cs,sph_ps,sph_acf,sph_cs,h_ps,fa_prob_ps,hacf,gacf,hcs
10519248,64.16282362112834,49.81735762767494,24.18777792084962,32.24262493524037,-6416.282362112686,-1.0,-1.0,2.9268763000211937,2.9268763000211937,501.32694983241606,506.7396284321373,509.6620460416079,6593.723226636502,0.0,0.19423431711402434,0.13284361000949466,0.36946792564457265
