target_id,prot_ps,prot_acf,prot_cs,e_prot_ps,E_prot_ps,e_prot_acf,E_prot_acf,e_prot_cs,E_prot_cs,sph_ps,sph_acf,sph_cs,h_ps,fa_prob_ps,hacf,gacf,hcs
10517707,46.117000274789646,45.03584337607026,45.95878505118901,6.991355851225158,10.033530351427693,-1.0,-1.0,1.4666954588116257,1.4666954588116257,664.9969619795679,653.3917160628436,665.0984321843426,5889.677203779136,0.0,0.1509769663430919,0.11857497312092888,0.24438182879301648
