target_id,prot_ps,prot_acf,prot_cs,e_prot_ps,E_prot_ps,e_prot_acf,E_prot_acf,e_prot_cs,E_prot_cs,sph_ps,sph_acf,sph_cs,h_ps,fa_prob_ps,hacf,gacf,hcs
10526682,72.86997866033632,17.45037438441068,28.583672374277374,13.665539646492412,21.86718599386728,-1.0,-1.0,1.2782959200066906,1.2782959200066906,742.3084155767831,727.4663591274714,741.214553279768,88009.53034212977,0.0,0.2050839916787646,0.057268118166423576,0.7312076127242814
