target_id,prot_ps,prot_acf,prot_cs,e_prot_ps,E_prot_ps,e_prot_acf,E_prot_acf,e_prot_cs,E_prot_cs,sph_ps,sph_acf,sph_cs,h_ps,fa_prob_ps,hacf,gacf,hcs
10527775,18.585257982032818,18.63555197417736,18.594888872830193,2.0914960284626574,2.6989498360540374,-1.0,-1.0,1.1330985152221165,1.1330985152221165,262.50526122641696,262.5855877700567,262.59107143232876,58146.20891926753,0.0,0.6469463026935243,0.2704130635376621,0.9679073576461817
