target_id,prot_ps,prot_acf,prot_cs,e_prot_ps,E_prot_ps,e_prot_acf,E_prot_acf,e_prot_cs,E_prot_cs,sph_ps,sph_acf,sph_cs,h_ps,fa_prob_ps,hacf,gacf,hcs
10552320,76.14206432210257,1.2669022297486663,4.629865954247839,11.847339544704212,17.199730466187802,-1.0,-1.0,0.28167020328492526,0.28167020328492526,743.1308783399538,554.1602669954093,628.7193211499496,5028.808311457195,0.0,0.08367807270986735,0.274536301378346,1.305568868430348
