target_id,prot_ps,prot_acf,prot_cs,e_prot_ps,E_prot_ps,e_prot_acf,E_prot_acf,e_prot_cs,E_prot_cs,sph_ps,sph_acf,sph_cs,h_ps,fa_prob_ps,hacf,gacf,hcs
10538626,28.59278987015795,30.037605660036206,28.728211258202787,3.9779171092366568,5.511459633147254,-1.0,-1.0,1.687075278683723,1.687075278683723,238.67145808637707,243.47991425054843,238.55994782545577,30281.131651008305,0.0,0.4354308290520428,0.17674776322952115,0.8540569290208696
