target_id,prot_ps,prot_acf,prot_cs,e_prot_ps,E_prot_ps,e_prot_acf,E_prot_acf,e_prot_cs,E_prot_cs,sph_ps,sph_acf,sph_cs,h_ps,fa_prob_ps,hacf,gacf,hcs
10662373,39.885028207887004,40.66302165389061,40.291722086281844,4.798522517564791,6.31898152074379,-1.0,-1.0,1.5115849923170066,1.5115849923170066,479.65754146969095,480.5057022996788,479.4153046908533,11920.493643354077,0.0,0.3205009024414039,0.26974211843740825,0.058460297055722206
