target_id,prot_ps,prot_acf,prot_cs,e_prot_ps,E_prot_ps,e_prot_acf,E_prot_acf,e_prot_cs,E_prot_cs,sph_ps,sph_acf,sph_cs,h_ps,fa_prob_ps,hacf,gacf,hcs
10687245,72.32539779453354,67.41187528148293,46.56875281266869,14.409542081909137,23.954589027174634,-1.0,-1.0,2.3480541409812887,2.3480541409812887,154.41537222734846,151.9502095737378,152.62511120779217,29520.504593421025,0.0,0.23177356336209112,0.1139836907606267,0.734490475801341
