target_id,prot_ps,prot_acf,prot_cs,e_prot_ps,E_prot_ps,e_prot_acf,E_prot_acf,e_prot_cs,E_prot_cs,sph_ps,sph_acf,sph_cs,h_ps,fa_prob_ps,hacf,gacf,hcs
10679458,8.195099651570763,8.316603343002498,8.305696438691298,0.8273179405908291,1.0366165465772124,-1.0,-1.0,0.16168874179899734,0.16168874179899734,4593.330098632276,4400.546119519538,4392.553252290584,547612.0150771509,0.0,1.177350045687262,0.7141426285966493,0.9869717167193484
