target_id,prot_ps,prot_acf,prot_cs,e_prot_ps,E_prot_ps,e_prot_acf,E_prot_acf,e_prot_cs,E_prot_cs,sph_ps,sph_acf,sph_cs,h_ps,fa_prob_ps,hacf,gacf,hcs
10644934,52.367326983663574,53.781413074582815,52.856086831136444,5.579621269788603,7.090595338797769,-1.0,-1.0,1.6138768626600208,1.6138768626600208,408.75399177589543,418.03674190711865,416.77646089661886,10998.806686136842,0.0,0.17173591494900808,0.09944447278141244,0.09872194697649554
