target_id,prot_ps,prot_acf,prot_cs,e_prot_ps,E_prot_ps,e_prot_acf,E_prot_acf,e_prot_cs,E_prot_cs,sph_ps,sph_acf,sph_cs,h_ps,fa_prob_ps,hacf,gacf,hcs
10617247,45.54311235004042,82.10387774184346,37.02663959219864,8.274594583724252,12.997578437534557,-1.0,-1.0,0.8745561301460744,0.8745561301460744,341.2199211858969,337.7213234855557,337.58945667352396,90078.23035825194,0.0,0.112890847982549,0.1479929912549931,4.445268424015952
