target_id,prot_ps,prot_acf,prot_cs,e_prot_ps,E_prot_ps,e_prot_acf,E_prot_acf,e_prot_cs,E_prot_cs,sph_ps,sph_acf,sph_cs,h_ps,fa_prob_ps,hacf,gacf,hcs
10615416,52.704979945671134,56.90843469463289,53.74199626006185,7.773708897706932,11.02637384821793,-1.0,-1.0,5.770590652419562,5.770590652419562,529.4184182497879,553.3790583680724,528.9651813077238,18860.889910407306,0.0,0.22212298688200688,0.11527220341223615,0.29897099639783603
