target_id,prot_ps,prot_acf,prot_cs,e_prot_ps,E_prot_ps,e_prot_acf,E_prot_acf,e_prot_cs,E_prot_cs,sph_ps,sph_acf,sph_cs,h_ps,fa_prob_ps,hacf,gacf,hcs
10610954,51.66129125473208,58.66572540951893,52.66878458987921,6.555298985940745,8.784672371253748,-1.0,-1.0,1.9139356166372408,1.9139356166372408,730.7569150657317,719.461871411291,735.2838033826837,2584.0742630917416,0.0,0.09993059744339075,0.06353995177243296,0.15382917506589447
