target_id,prot_ps,prot_acf,prot_cs,e_prot_ps,E_prot_ps,e_prot_acf,E_prot_acf,e_prot_cs,E_prot_cs,sph_ps,sph_acf,sph_cs,h_ps,fa_prob_ps,hacf,gacf,hcs
10617095,82.85895388393878,81.75589767890051,19.774309886661555,41.22336014126308,8285.895388393876,-1.0,-1.0,0.18385194440242153,0.18385194440242153,1016.4289035724855,1011.3038451384992,986.2165169028776,1051.0759241431706,0.0,0.024089927425549232,0.034522102264991514,0.50036131881701
