target_id,prot_ps,prot_acf,prot_cs,e_prot_ps,E_prot_ps,e_prot_acf,E_prot_acf,e_prot_cs,E_prot_cs,sph_ps,sph_acf,sph_cs,h_ps,fa_prob_ps,hacf,gacf,hcs
10717972,47.60452599908876,50.43021114356816,47.714989726729684,6.573443677506482,9.081460098926527,-1.0,-1.0,5.459912723390864,5.459912723390864,267.3287383267254,268.50594588109607,267.4949375592259,5196.215671925464,0.0,0.17216816429549847,0.05854460228264369,0.12963027981507028
