target_id,prot_ps,prot_acf,prot_cs,e_prot_ps,E_prot_ps,e_prot_acf,E_prot_acf,e_prot_cs,E_prot_cs,sph_ps,sph_acf,sph_cs,h_ps,fa_prob_ps,hacf,gacf,hcs
10793300,72.55392970905983,56.172191864810884,28.66936400292462,6.711331204165148,8.234788034641184,-1.0,-1.0,0.38876581957423073,0.38876581957423073,616.1702031712441,611.8117085772421,607.1747594483253,35330.41381619437,0.0,0.21053812778614625,0.08356693178827422,1.8088650994202247
