target_id,prot_ps,prot_acf,prot_cs,e_prot_ps,E_prot_ps,e_prot_acf,E_prot_acf,e_prot_cs,E_prot_cs,sph_ps,sph_acf,sph_cs,h_ps,fa_prob_ps,hacf,gacf,hcs
10737227,90.40761880179356,72.66221630573273,36.18190603399463,44.97891482676296,9040.761880179349,-1.0,-1.0,1.4226545051045592,1.4226545051045592,860.328773493542,849.9166974090559,849.1573798547997,7436.721463235612,0.0,0.2518017212927667,0.18585763601668295,0.17251022212110503
