target_id,prot_ps,prot_acf,prot_cs,e_prot_ps,E_prot_ps,e_prot_acf,E_prot_acf,e_prot_cs,E_prot_cs,sph_ps,sph_acf,sph_cs,h_ps,fa_prob_ps,hacf,gacf,hcs
10728138,42.16409218743882,85.92360546812415,41.748537216047524,4.818160188516721,6.24553540115155,-1.0,-1.0,1.0647497659173302,1.0647497659173302,632.9081989859781,638.2361858716008,632.8353874971384,774.4304317985111,0.0,0.03217038406654585,0.024264295610635186,0.7664671787111743
