target_id,prot_ps,prot_acf,prot_cs,e_prot_ps,E_prot_ps,e_prot_acf,E_prot_acf,e_prot_cs,E_prot_cs,sph_ps,sph_acf,sph_cs,h_ps,fa_prob_ps,hacf,gacf,hcs
10734827,60.50955645190696,40.37694278359413,30.121485388018193,6.134564210008421,7.694785774453834,-1.0,-1.0,3.6715305174750106,3.6715305174750106,889.4265198355813,898.265215948537,887.5761822918312,4091.542532726742,0.0,0.09470327893206248,0.009856801595701839,0.2699333235147764
