target_id,prot_ps,prot_acf,prot_cs,e_prot_ps,E_prot_ps,e_prot_acf,E_prot_acf,e_prot_cs,E_prot_cs,sph_ps,sph_acf,sph_cs,h_ps,fa_prob_ps,hacf,gacf,hcs
10776637,8.766687382933293,8.868234163150191,8.893368944707815,0.9184114582987233,1.1618446771825504,-1.0,-1.0,0.12025552377120981,0.12025552377120981,3603.23306483249,3586.1444633565225,3589.540552067616,1235051.2485107372,0.0,0.9310211192812525,0.6091770274713957,0.9109441152233193
