target_id,prot_ps,prot_acf,prot_cs,e_prot_ps,E_prot_ps,e_prot_acf,E_prot_acf,e_prot_cs,E_prot_cs,sph_ps,sph_acf,sph_cs,h_ps,fa_prob_ps,hacf,gacf,hcs
10784724,26.787357974639768,54.61909137899056,27.12199741210674,4.587764803001537,6.977929577164517,-1.0,-1.0,0.45165877139567545,0.45165877139567545,324.513829824792,353.05381498501583,323.68109651148814,12267.096013296588,0.0,0.12404281055077127,0.07281755464901939,1.0013774862605975
