target_id,prot_ps,prot_acf,prot_cs,e_prot_ps,E_prot_ps,e_prot_acf,E_prot_acf,e_prot_cs,E_prot_cs,sph_ps,sph_acf,sph_cs,h_ps,fa_prob_ps,hacf,gacf,hcs
10779880,32.87548304133955,29.87404651287943,30.131510935630647,5.009090931528828,7.2045375211869995,-1.0,-1.0,2.107353415691562,2.107353415691562,747.3120214661462,744.6548752252174,741.6923924294778,7232.450522503672,0.0,0.28657315569013075,0.10634776198011356,0.25541405216450935
