target_id,prot_ps,prot_acf,prot_cs,e_prot_ps,E_prot_ps,e_prot_acf,E_prot_acf,e_prot_cs,E_prot_cs,sph_ps,sph_acf,sph_cs,h_ps,fa_prob_ps,hacf,gacf,hcs
10748312,13.922214680475228,13.976785015314817,13.907752434350234,1.7243549194748446,2.292149546642655,-1.0,-1.0,0.12181080155573215,0.12181080155573215,1577.0330715851142,1596.0623472454986,1573.469411615669,111545.440767228,0.0,0.6983434249158568,0.41975981064081447,0.9920964682066259
