target_id,prot_ps,prot_acf,prot_cs,e_prot_ps,E_prot_ps,e_prot_acf,E_prot_acf,e_prot_cs,E_prot_cs,sph_ps,sph_acf,sph_cs,h_ps,fa_prob_ps,hacf,gacf,hcs
10788468,60.2717793342831,57.010037787258625,52.289000969098346,9.491498929428552,13.855326037330109,-1.0,-1.0,1.2079378765873268,1.2079378765873268,557.4904698186334,555.2136170375278,554.3687738096038,1665.0625121556604,0.0,0.08975918861151057,0.051112047482923785,0.17967711163953448
