target_id,prot_ps,prot_acf,prot_cs,e_prot_ps,E_prot_ps,e_prot_acf,E_prot_acf,e_prot_cs,E_prot_cs,sph_ps,sph_acf,sph_cs,h_ps,fa_prob_ps,hacf,gacf,hcs
10717107,74.17702085493214,56.68165304046124,45.663943171373425,8.827708904785197,11.585183580267511,-1.0,-1.0,5.2879195660645895,5.2879195660645895,378.8293981370802,383.22383356656456,280.2947204442062,745.3671688505915,0.0,0.037203155206793265,0.00929496017231849,0.25589980921390015
