target_id,prot_ps,prot_acf,prot_cs,e_prot_ps,E_prot_ps,e_prot_acf,E_prot_acf,e_prot_cs,E_prot_cs,sph_ps,sph_acf,sph_cs,h_ps,fa_prob_ps,hacf,gacf,hcs
10735429,73.78734830520588,51.04336326941848,26.82943793945014,9.760395834804157,13.27141008587499,-1.0,-1.0,3.922478846507087,3.922478846507087,686.7923116977325,684.4243201853882,679.9399064303584,5083.215559383652,0.0,0.13403713204973886,0.025588054001808882,0.5423451426660606
