target_id,prot_ps,prot_acf,prot_cs,e_prot_ps,E_prot_ps,e_prot_acf,E_prot_acf,e_prot_cs,E_prot_cs,sph_ps,sph_acf,sph_cs,h_ps,fa_prob_ps,hacf,gacf,hcs
10746148,90.40725033052524,99.22700457274914,46.50775425815956,9.17019430870235,11.503928889628256,-1.0,-1.0,9.738641502438544,9.738641502438544,744.121978411552,746.5611651768141,747.3770706403203,19966.889687368363,0.0,0.071546357397373,0.12149793839187477,0.06566533403165767
