target_id,prot_ps,prot_acf,prot_cs,e_prot_ps,E_prot_ps,e_prot_acf,E_prot_acf,e_prot_cs,E_prot_cs,sph_ps,sph_acf,sph_cs,h_ps,fa_prob_ps,hacf,gacf,hcs
10716734,44.968062748542295,40.23366591380909,42.62296126947273,2.141336683623706,2.3667405872049088,-1.0,-1.0,6.688111011616355,6.688111011616355,2729.220142063172,2729.220142063172,2729.220142063172,10937.27002882304,0.0,0.6997558801132604,0.33815533626164995,0.8278363442889807
