target_id,prot_ps,prot_acf,prot_cs,e_prot_ps,E_prot_ps,e_prot_acf,E_prot_acf,e_prot_cs,E_prot_cs,sph_ps,sph_acf,sph_cs,h_ps,fa_prob_ps,hacf,gacf,hcs
10718221,38.124046017438715,40.826473410241306,38.13903708245604,4.890982660814608,6.579052894269694,-1.0,-1.0,4.768682535326973,4.768682535326973,172.0887937630991,171.91236302938782,172.08282473711364,6168.063847745079,0.0,0.1747568468965763,0.07900291242979908,0.11958302996514303
