target_id,prot_ps,prot_acf,prot_cs,e_prot_ps,E_prot_ps,e_prot_acf,E_prot_acf,e_prot_cs,E_prot_cs,sph_ps,sph_acf,sph_cs,h_ps,fa_prob_ps,hacf,gacf,hcs
10800476,22.02602897633879,21.86404274776578,21.726586196286636,3.039183811712892,4.197552808517621,-1.0,-1.0,0.49784814280339856,0.49784814280339856,426.15911402047135,427.1262655266095,429.04408970386623,3479.182442312176,0.0,0.2159076445162008,0.06177243912476266,0.32083072568431226
