target_id,prot_ps,prot_acf,prot_cs,e_prot_ps,E_prot_ps,e_prot_acf,E_prot_acf,e_prot_cs,E_prot_cs,sph_ps,sph_acf,sph_cs,h_ps,fa_prob_ps,hacf,gacf,hcs
10813405,62.62090643941731,65.53177996259183,58.501704595423924,10.395536054050922,15.562526149929425,-1.0,-1.0,1.6699337245323473,1.6699337245323473,744.3295007667581,740.0128254586275,738.0230627002401,3756.30505931661,0.0,0.1330912021602471,0.1267980626824096,0.31199117677880905
