target_id,prot_ps,prot_acf,prot_cs,e_prot_ps,E_prot_ps,e_prot_acf,E_prot_acf,e_prot_cs,E_prot_cs,sph_ps,sph_acf,sph_cs,h_ps,fa_prob_ps,hacf,gacf,hcs
10858656,76.132678080094,73.31604272313416,36.14983574770857,9.813854650827807,13.222820098989445,-1.0,-1.0,6.5819716770881955,6.5819716770881955,632.6486138618478,632.4507712273628,629.4375003368307,2161.1145027103425,0.0,0.04883315542295301,0.06619899448997389,0.23257983246529274
