target_id,prot_ps,prot_acf,prot_cs,e_prot_ps,E_prot_ps,e_prot_acf,E_prot_acf,e_prot_cs,E_prot_cs,sph_ps,sph_acf,sph_cs,h_ps,fa_prob_ps,hacf,gacf,hcs
10858306,51.77151057606402,10.21683937869966,10.587301974571309,11.936117896805051,22.14935186488161,-1.0,-1.0,0.9742452569922405,0.9742452569922405,239.5942457655899,147.86528015787434,159.12085539069255,2352.166197070268,0.0,0.07061875919524435,0.11944194867079251,0.47498932516557196
