target_id,prot_ps,prot_acf,prot_cs,e_prot_ps,E_prot_ps,e_prot_acf,E_prot_acf,e_prot_cs,E_prot_cs,sph_ps,sph_acf,sph_cs,h_ps,fa_prob_ps,hacf,gacf,hcs
10859964,111.27082144272329,20.883217786438763,28.927956379903485,55.358617633195664,11127.082144272534,-1.0,-1.0,2.025078978270257,2.025078978270257,530.3945200009499,528.9018048888408,532.92442122241,2974.602737141706,0.0,0.04245815447831279,0.05305148385724491,0.9349227810621776
