target_id,prot_ps,prot_acf,prot_cs,e_prot_ps,E_prot_ps,e_prot_acf,E_prot_acf,e_prot_cs,E_prot_cs,sph_ps,sph_acf,sph_cs,h_ps,fa_prob_ps,hacf,gacf,hcs
10816655,51.32367944100623,55.90712222456932,27.118632379062472,9.908740977805053,16.14136538833531,-1.0,-1.0,1.167900887321223,1.167900887321223,935.6937625747128,953.3166999759266,890.4992849207673,2163.7536416138123,0.0,0.07598232027812361,0.023400779901531474,0.5198548851822785
