target_id,prot_ps,prot_acf,prot_cs,e_prot_ps,E_prot_ps,e_prot_acf,E_prot_acf,e_prot_cs,E_prot_cs,sph_ps,sph_acf,sph_cs,h_ps,fa_prob_ps,hacf,gacf,hcs
10877598,16.96251042617823,16.878396740183234,16.964627774376417,2.259394198046989,3.079866100236181,-1.0,-1.0,1.0488020758808474,1.0488020758808474,2829.097358873543,2805.9547423196695,2828.069610860386,187952.07347021767,0.0,0.5981173646422357,0.3889229979527694,0.983286022751703
