target_id,prot_ps,prot_acf,prot_cs,e_prot_ps,E_prot_ps,e_prot_acf,E_prot_acf,e_prot_cs,E_prot_cs,sph_ps,sph_acf,sph_cs,h_ps,fa_prob_ps,hacf,gacf,hcs
10865307,10.48203437270625,10.605078791733831,10.621703561588273,1.10475964190608,1.3998316613026862,-1.0,-1.0,0.08800480337265787,0.08800480337265787,7954.802909761261,7953.23270563608,7952.005257939119,1512081.2055785728,0.0,1.0234981953250957,0.6448420819911078,0.974536044314025
