target_id,prot_ps,prot_acf,prot_cs,e_prot_ps,E_prot_ps,e_prot_acf,E_prot_acf,e_prot_cs,E_prot_cs,sph_ps,sph_acf,sph_cs,h_ps,fa_prob_ps,hacf,gacf,hcs
10861332,73.73907316558864,12.280654646456242,33.53681270964443,33.51148070230179,367.9369276951706,-1.0,-1.0,8.888739246307031,8.888739246307031,788.1811174167779,740.3116878682466,779.5604329424675,2059.3294250195017,0.0,2.878304208553395e-05,0.028360153394354926,1.152798829971956
