target_id,prot_ps,prot_acf,prot_cs,e_prot_ps,E_prot_ps,e_prot_acf,E_prot_acf,e_prot_cs,E_prot_cs,sph_ps,sph_acf,sph_cs,h_ps,fa_prob_ps,hacf,gacf,hcs
10809551,90.40729507467734,77.95535139041021,40.98755468937568,15.924756287583108,24.58621346694379,-1.0,-1.0,6.237748476924181,6.237748476924181,319.74333744103245,317.3273424550725,313.3148873377204,3050.7241995501863,0.0,0.07855419925646145,0.07132487859948661,0.16026044303463405
