target_id,prot_ps,prot_acf,prot_cs,e_prot_ps,E_prot_ps,e_prot_acf,E_prot_acf,e_prot_cs,E_prot_cs,sph_ps,sph_acf,sph_cs,h_ps,fa_prob_ps,hacf,gacf,hcs
10849760,11.355606471464734,11.688001921400428,11.371485925312152,0.7646032030298446,0.8835924674994899,-1.0,-1.0,0.969054881954375,0.969054881954375,1395.667705048154,1386.8069001875008,1395.3042283569448,1835.5181140543402,0.0,0.31090180546530194,0.29622651502042924,0.20614359748076685
