target_id,prot_ps,prot_acf,prot_cs,e_prot_ps,E_prot_ps,e_prot_acf,E_prot_acf,e_prot_cs,E_prot_cs,sph_ps,sph_acf,sph_cs,h_ps,fa_prob_ps,hacf,gacf,hcs
10802049,28.93048440391399,27.299412239342928,28.982042241688582,3.9000066219991467,5.339638662054231,-1.0,-1.0,2.2520199930820266,2.2520199930820266,832.3032528646545,841.7126156068717,832.0024580865313,11797.845206974067,0.0,0.4427629925286346,0.2052981734033596,0.27670740546167527
