target_id,prot_ps,prot_acf,prot_cs,e_prot_ps,E_prot_ps,e_prot_acf,E_prot_acf,e_prot_cs,E_prot_cs,sph_ps,sph_acf,sph_cs,h_ps,fa_prob_ps,hacf,gacf,hcs
10927670,72.32613230412208,61.93455794174224,33.66916405242622,35.749148195237,3123.3213967901142,-1.0,-1.0,7.3019765086818795,7.3019765086818795,465.3265619253589,463.43211969145693,460.9872810676825,2528.283870565448,0.0,0.10836901185212247,0.0652185160059817,0.3933533297770934
