target_id,prot_ps,prot_acf,prot_cs,e_prot_ps,E_prot_ps,e_prot_acf,E_prot_acf,e_prot_cs,E_prot_cs,sph_ps,sph_acf,sph_cs,h_ps,fa_prob_ps,hacf,gacf,hcs
10903557,90.40748053755215,97.34597017429769,53.58748535722029,15.122781726315523,22.72554899913912,-1.0,-1.0,6.840022433901794,6.840022433901794,1002.2642982243138,996.638696301754,979.0283367221596,4801.179520741955,0.0,0.12242195546491066,0.055511460573217854,0.21831460505121397
