target_id,prot_ps,prot_acf,prot_cs,e_prot_ps,E_prot_ps,e_prot_acf,E_prot_acf,e_prot_cs,E_prot_cs,sph_ps,sph_acf,sph_cs,h_ps,fa_prob_ps,hacf,gacf,hcs
10989344,72.32578663133053,68.49440608546138,58.60319175405486,25.74117305317297,89.32069480814862,-1.0,-1.0,1.3145476762630963,1.3145476762630963,507.0809416204627,502.9966172108291,501.49526969527216,34510.98616777583,0.0,0.4566253832246665,0.21280509064456302,0.8989717756504677
