target_id,prot_ps,prot_acf,prot_cs,e_prot_ps,E_prot_ps,e_prot_acf,E_prot_acf,e_prot_cs,E_prot_cs,sph_ps,sph_acf,sph_cs,h_ps,fa_prob_ps,hacf,gacf,hcs
10923260,4.548808283589677,4.618012030608952,4.58399619696433,0.3985104347500057,0.4831690516045928,-1.0,-1.0,0.042286529217450186,0.042286529217450186,5382.725226977957,5392.21315642304,5382.251073383983,786436.9099726994,0.0,1.1405024607264882,0.7687647641100382,0.8401858409663971
