target_id,prot_ps,prot_acf,prot_cs,e_prot_ps,E_prot_ps,e_prot_acf,E_prot_acf,e_prot_cs,E_prot_cs,sph_ps,sph_acf,sph_cs,h_ps,fa_prob_ps,hacf,gacf,hcs
10927527,6.208245875313826,6.150539128109813,6.270730088073374,0.5143178694287869,0.6164579393741842,-1.0,-1.0,0.0184286981799487,0.0184286981799487,632.3957828718645,637.4116373368047,624.8041968457106,8598.529211041208,0.0,0.4352075490255307,0.4247440335326952,0.8887770878252924
