target_id,prot_ps,prot_acf,prot_cs,e_prot_ps,E_prot_ps,e_prot_acf,E_prot_acf,e_prot_cs,E_prot_cs,sph_ps,sph_acf,sph_cs,h_ps,fa_prob_ps,hacf,gacf,hcs
10979116,90.40768662018877,79.34395653335378,37.35586706090013,44.9789485672581,9040.768662019189,-1.0,-1.0,0.8905859022965332,0.8905859022965332,632.7459124506819,634.5119415034505,633.2833025131004,1849.258666590425,0.0,0.07678405266747307,0.06684133684790583,0.2234117066046195
