target_id,prot_ps,prot_acf,prot_cs,e_prot_ps,E_prot_ps,e_prot_acf,E_prot_acf,e_prot_cs,E_prot_cs,sph_ps,sph_acf,sph_cs,h_ps,fa_prob_ps,hacf,gacf,hcs
10904621,18.446791102259187,18.329007756896317,18.254813627607643,1.8265431774556227,2.277580971718457,-1.0,-1.0,0.1666091269081242,0.1666091269081242,2753.574101109247,2748.578611250422,2746.19536409491,177746.01624431144,0.0,1.120400529064782,0.5599870050338869,0.9787297630736244
