target_id,prot_ps,prot_acf,prot_cs,e_prot_ps,E_prot_ps,e_prot_acf,E_prot_acf,e_prot_cs,E_prot_cs,sph_ps,sph_acf,sph_cs,h_ps,fa_prob_ps,hacf,gacf,hcs
10923810,68.88197906933108,60.48371944576502,28.25254135934086,34.26964132802541,6888.19790693285,-1.0,-1.0,1.5845274801236386,1.5845274801236386,640.8018469174367,642.8461144398912,634.6107507818751,8743.080232669694,0.0,0.08874811774077393,0.07955497119434873,0.3126113054652781
