target_id,prot_ps,prot_acf,prot_cs,e_prot_ps,E_prot_ps,e_prot_acf,E_prot_acf,e_prot_cs,E_prot_cs,sph_ps,sph_acf,sph_cs,h_ps,fa_prob_ps,hacf,gacf,hcs
10964533,40.48314825264796,74.19454892119393,40.499066943218935,6.74208642707935,10.109305272928665,-1.0,-1.0,7.310384986440856,7.310384986440856,190.6374837854236,192.8940111022886,190.59931083697893,2457.3057468978923,0.0,0.040671187218081564,0.03580983228031335,0.21544971460249354
