target_id,prot_ps,prot_acf,prot_cs,e_prot_ps,E_prot_ps,e_prot_acf,E_prot_acf,e_prot_cs,E_prot_cs,sph_ps,sph_acf,sph_cs,h_ps,fa_prob_ps,hacf,gacf,hcs
10914071,60.27168412621166,58.66507433261722,33.621156393382705,10.072893868852844,15.130136199879608,-1.0,-1.0,3.794433664188451,3.794433664188451,435.07676139701425,435.10194009343275,433.5060913830603,2039.4908954489083,0.0,0.04759990871325687,0.033953078309206235,0.5394311282976244
