target_id,prot_ps,prot_acf,prot_cs,e_prot_ps,E_prot_ps,e_prot_acf,E_prot_acf,e_prot_cs,E_prot_cs,sph_ps,sph_acf,sph_cs,h_ps,fa_prob_ps,hacf,gacf,hcs
10964309,72.21321196064932,18.92166026495397,29.120353412727244,10.67803986410518,15.161994437803784,-1.0,-1.0,6.4253807888503385,6.4253807888503385,1849.6297649658552,1750.4211013528477,1847.0032853238574,26659.91393259961,0.0,0.2515906378858479,0.054935885263549006,0.3969862227403448
