target_id,prot_ps,prot_acf,prot_cs,e_prot_ps,E_prot_ps,e_prot_acf,E_prot_acf,e_prot_cs,E_prot_cs,sph_ps,sph_acf,sph_cs,h_ps,fa_prob_ps,hacf,gacf,hcs
10902706,53.57483774835615,91.21592950075865,28.361533563723793,13.007951706159282,25.28758527446511,-1.0,-1.0,2.2923505580039354,2.2923505580039354,842.8472227648784,859.3297910826626,835.4572286034676,4758.555365633149,0.0,0.060593818157100694,0.04847274610953422,0.2859739675636386
