target_id,prot_ps,prot_acf,prot_cs,e_prot_ps,E_prot_ps,e_prot_acf,E_prot_acf,e_prot_cs,E_prot_cs,sph_ps,sph_acf,sph_cs,h_ps,fa_prob_ps,hacf,gacf,hcs
10935822,16.056654404023543,15.999791787005961,15.98608077889896,2.2351066898726604,3.097442571036783,-1.0,-1.0,0.37187074816844484,0.37187074816844484,1636.2209398451596,1628.9851429669616,1623.7558857213658,14842.070675629893,0.0,0.4260679513915784,0.21721002482423887,0.9870114045905668
