target_id,prot_ps,prot_acf,prot_cs,e_prot_ps,E_prot_ps,e_prot_acf,E_prot_acf,e_prot_cs,E_prot_cs,sph_ps,sph_acf,sph_cs,h_ps,fa_prob_ps,hacf,gacf,hcs
10916447,61.95166936454036,49.75606333464384,49.551930655911555,10.930902746006517,16.89174288368195,-1.0,-1.0,7.5463209884982625,7.5463209884982625,182.9266299831215,185.52941331378733,185.67958003611648,2355.1418189473734,0.0,0.15558997630230686,0.076428233020965,0.14966795728563967
