target_id,prot_ps,prot_acf,prot_cs,e_prot_ps,E_prot_ps,e_prot_acf,E_prot_acf,e_prot_cs,E_prot_cs,sph_ps,sph_acf,sph_cs,h_ps,fa_prob_ps,hacf,gacf,hcs
10990723,43.14794439579578,46.52804107312113,43.73247616349719,6.8782242983936115,10.097520779425942,-1.0,-1.0,5.6435159530055525,5.6435159530055525,392.9875220506661,406.77305876359884,392.855658696204,14117.451704539333,0.0,0.24241325008979642,0.15301764241026905,0.8830284301094599
