target_id,prot_ps,prot_acf,prot_cs,e_prot_ps,E_prot_ps,e_prot_acf,E_prot_acf,e_prot_cs,E_prot_cs,sph_ps,sph_acf,sph_cs,h_ps,fa_prob_ps,hacf,gacf,hcs
10969563,88.81138596027579,14.487438620533794,34.23581637649366,4.229112901687955,4.674282597572983,-1.0,-1.0,4.4621494930317915,4.4621494930317915,1130.7365901038288,1155.1970803718082,1130.7365901038288,2925.2130748150034,0.0,2.5717815479532613e-05,0.05232101385199583,1.7486798555354457
