target_id,prot_ps,prot_acf,prot_cs,e_prot_ps,E_prot_ps,e_prot_acf,E_prot_acf,e_prot_cs,E_prot_cs,sph_ps,sph_acf,sph_cs,h_ps,fa_prob_ps,hacf,gacf,hcs
10990463,72.21278528072065,69.74103878671303,-1.0,17.023003111451942,32.20807463627344,-1.0,-1.0,-1.0,-1.0,1413.1690476877036,1411.77301916809,-1.0,20248.850843093118,0.0,0.28472070337849675,0.17631301866574062,0.0943512397077187
