target_id,prot_ps,prot_acf,prot_cs,e_prot_ps,E_prot_ps,e_prot_acf,E_prot_acf,e_prot_cs,E_prot_cs,sph_ps,sph_acf,sph_cs,h_ps,fa_prob_ps,hacf,gacf,hcs
10972370,72.86988737746111,10.625525303184986,12.886105811437593,8.135717484527433,10.474647125586458,-1.0,-1.0,0.384978804911903,0.384978804911903,244.47996512557694,233.55375262888938,237.81003793021918,4717.399182273531,0.0,0.1170300119440264,0.10931167136262271,1.0382819883645775
