target_id,prot_ps,prot_acf,prot_cs,e_prot_ps,E_prot_ps,e_prot_acf,E_prot_acf,e_prot_cs,E_prot_cs,sph_ps,sph_acf,sph_cs,h_ps,fa_prob_ps,hacf,gacf,hcs
10959367,8.984600118606926,18.206405283417553,18.328070289534093,0.794058095146994,0.9645521473424932,-1.0,-1.0,0.6107230312986814,0.6107230312986814,3054.8991052082406,3139.1982542804417,3125.932684743466,461412.89855397237,0.0,0.760187775831835,0.4453837844390409,1.029192463937946
