target_id,prot_ps,prot_acf,prot_cs,e_prot_ps,E_prot_ps,e_prot_acf,E_prot_acf,e_prot_cs,E_prot_cs,sph_ps,sph_acf,sph_cs,h_ps,fa_prob_ps,hacf,gacf,hcs
10908345,28.36320290795686,28.811487704515457,28.361538088023664,4.5099779576474255,6.6130272736367885,-1.0,-1.0,1.9641040806871406,1.9641040806871406,1420.6764627189318,1412.128776793428,1420.8945923562108,119328.3237560385,0.0,0.5567694191249956,0.26211068195846726,0.5115610877901929
