target_id,prot_ps,prot_acf,prot_cs,e_prot_ps,E_prot_ps,e_prot_acf,E_prot_acf,e_prot_cs,E_prot_cs,sph_ps,sph_acf,sph_cs,h_ps,fa_prob_ps,hacf,gacf,hcs
11046052,61.48910125037894,61.21994889341295,47.01964749470473,16.577455419395946,35.975364743085535,-1.0,-1.0,1.8426131309015281,1.8426131309015281,959.4293723763938,960.561598748307,956.2334417368246,3853.5989120748986,0.0,0.08553313191506572,0.017430070736383432,0.24989499256216996
