target_id,prot_ps,prot_acf,prot_cs,e_prot_ps,E_prot_ps,e_prot_acf,E_prot_acf,e_prot_cs,E_prot_cs,sph_ps,sph_acf,sph_cs,h_ps,fa_prob_ps,hacf,gacf,hcs
11081305,72.87006593891603,54.70106149930507,33.319857399715744,12.46765535155808,18.953238899469625,-1.0,-1.0,2.5481932109361374,2.5481932109361374,183.5889093871557,186.17122449069456,180.17297929762643,3458.003569206778,0.0,0.04299357984320428,0.039576139592517975,0.6246551619955109
