target_id,prot_ps,prot_acf,prot_cs,e_prot_ps,E_prot_ps,e_prot_acf,E_prot_acf,e_prot_cs,E_prot_cs,sph_ps,sph_acf,sph_cs,h_ps,fa_prob_ps,hacf,gacf,hcs
11084804,90.40759579941377,76.15635717473924,36.9387961145863,44.97890338279291,9040.759579941188,-1.0,-1.0,4.210599588111901,4.210599588111901,352.4289072263102,350.52197322801874,350.09050568616203,554.2576103367685,1.9452627828275587e-241,0.0008199516132906741,3.3106641108432304e-05,0.4943157743126292
