target_id,prot_ps,prot_acf,prot_cs,e_prot_ps,E_prot_ps,e_prot_acf,E_prot_acf,e_prot_cs,E_prot_cs,sph_ps,sph_acf,sph_cs,h_ps,fa_prob_ps,hacf,gacf,hcs
11042241,61.48918973505532,63.099848523736,37.08076493541711,7.320675059475377,9.608604823818325,-1.0,-1.0,2.5365354834095397,2.5365354834095397,279.97428644828113,278.94540892404814,281.84062062444616,4271.838312859597,0.0,0.10780586520642775,0.08025379960710462,0.26267778373660733
