target_id,prot_ps,prot_acf,prot_cs,e_prot_ps,E_prot_ps,e_prot_acf,E_prot_acf,e_prot_cs,E_prot_cs,sph_ps,sph_acf,sph_cs,h_ps,fa_prob_ps,hacf,gacf,hcs
11075448,72.32547201690775,59.54400043096393,31.390558991614768,35.98282189895909,7232.5472016907825,-1.0,-1.0,8.994947890695867,8.994947890695867,385.51240267072615,368.66755096963135,363.7266569906607,327052.02930332057,0.0,0.22975267351035908,0.10958916193324214,0.8406907877657372
