target_id,prot_ps,prot_acf,prot_cs,e_prot_ps,E_prot_ps,e_prot_acf,E_prot_acf,e_prot_cs,E_prot_cs,sph_ps,sph_acf,sph_cs,h_ps,fa_prob_ps,hacf,gacf,hcs
11036322,2.1850777134071344,2.2272718981839716,2.199968743573436,0.18977017499225934,0.22966158908997203,-1.0,-1.0,0.012923128063448744,0.012923128063448744,1117.8367219600334,1119.9321487218929,1119.3485236466745,44030.77823655263,0.0,1.0940696551073774,0.8378623763478739,0.2120418561714833
