target_id,prot_ps,prot_acf,prot_cs,e_prot_ps,E_prot_ps,e_prot_acf,E_prot_acf,e_prot_cs,E_prot_cs,sph_ps,sph_acf,sph_cs,h_ps,fa_prob_ps,hacf,gacf,hcs
11074374,47.60445677157321,47.7329017072916,46.94447444303091,7.87988596294565,11.77960129000423,-1.0,-1.0,1.3622213297628358,1.3622213297628358,330.67038432857504,330.91432416216435,333.42318782589143,2359.163603811386,0.0,0.10462413591881008,0.039458687588062,0.15608341627485592
