target_id,prot_ps,prot_acf,prot_cs,e_prot_ps,E_prot_ps,e_prot_acf,E_prot_acf,e_prot_cs,E_prot_cs,sph_ps,sph_acf,sph_cs,h_ps,fa_prob_ps,hacf,gacf,hcs
11098350,45.05504425545837,37.2715175896883,19.42042232304812,11.536636501498052,23.64612306098438,-1.0,-1.0,2.0833395324239152,2.0833395324239152,627.924082594758,606.2188805395878,551.1207512028444,75124.42544732204,0.0,0.3004746212028039,0.11719233530926843,0.4199432180549334
