target_id,prot_ps,prot_acf,prot_cs,e_prot_ps,E_prot_ps,e_prot_acf,E_prot_acf,e_prot_cs,E_prot_cs,sph_ps,sph_acf,sph_cs,h_ps,fa_prob_ps,hacf,gacf,hcs
11081971,29.337839990412256,28.566276392899454,29.089946856739473,5.207482232714611,8.073629205803954,-1.0,-1.0,0.6037777664189039,0.6037777664189039,1624.0141012793558,1648.427547109186,1628.99583740127,187241.416075478,0.0,0.7719090496770236,0.4245630748212845,0.9825413104282517
