target_id,prot_ps,prot_acf,prot_cs,e_prot_ps,E_prot_ps,e_prot_acf,E_prot_acf,e_prot_cs,E_prot_cs,sph_ps,sph_acf,sph_cs,h_ps,fa_prob_ps,hacf,gacf,hcs
11092173,72.86994472054074,52.412488732952625,22.41351535827687,18.261714790753665,36.61231736286591,-1.0,-1.0,0.4448824902996796,0.4448824902996796,336.09765072471833,331.01146854164773,331.07182345769587,16628.525249974035,0.0,0.10581381966320277,0.04401479619084537,0.5279928765737804
