target_id,prot_ps,prot_acf,prot_cs,e_prot_ps,E_prot_ps,e_prot_acf,E_prot_acf,e_prot_cs,E_prot_cs,sph_ps,sph_acf,sph_cs,h_ps,fa_prob_ps,hacf,gacf,hcs
11017853,47.60453553757534,44.27961940411478,47.59108923366293,9.499490794801204,15.808777832181434,-1.0,-1.0,6.666506118250629,6.666506118250629,331.2939132917784,323.56500835642186,331.28209306879836,2374.41103469708,0.0,0.03453039960218561,0.029060574880154136,0.15127882380075722
