target_id,prot_ps,prot_acf,prot_cs,e_prot_ps,E_prot_ps,e_prot_acf,E_prot_acf,e_prot_cs,E_prot_cs,sph_ps,sph_acf,sph_cs,h_ps,fa_prob_ps,hacf,gacf,hcs
11046870,10.258986524100026,10.114768717903644,10.35969442513079,1.0671035175366992,1.3474089507308253,-1.0,-1.0,0.050731703479061016,0.050731703479061016,1684.6995716337933,1675.2780639633354,1692.3973844572715,86439.43875394316,0.0,0.4868468101678895,0.4492002868289549,0.9708756726876131
