target_id,prot_ps,prot_acf,prot_cs,e_prot_ps,E_prot_ps,e_prot_acf,E_prot_acf,e_prot_cs,E_prot_cs,sph_ps,sph_acf,sph_cs,h_ps,fa_prob_ps,hacf,gacf,hcs
11067972,90.4075244540599,105.11080999299884,46.774834712229186,11.771215697668964,15.915725565601463,-1.0,-1.0,1.6452104464634907,1.6452104464634907,632.2450477105668,627.6336692994842,626.0659044083853,15954.799100703076,0.0,0.13544795649005015,0.18360602781232815,0.12408190796058624
