target_id,prot_ps,prot_acf,prot_cs,e_prot_ps,E_prot_ps,e_prot_acf,E_prot_acf,e_prot_cs,E_prot_cs,sph_ps,sph_acf,sph_cs,h_ps,fa_prob_ps,hacf,gacf,hcs
11153346,17.492177267727477,17.49143310263753,17.501241382881997,2.177425015645227,2.89921257767044,-1.0,-1.0,0.5653595334980689,0.5653595334980689,2564.542005045826,2564.542005045826,2563.8883344524374,1809797.1588585456,0.0,0.7872954051630985,0.4632432494325755,0.9534466959722517
