target_id,prot_ps,prot_acf,prot_cs,e_prot_ps,E_prot_ps,e_prot_acf,E_prot_acf,e_prot_cs,E_prot_cs,sph_ps,sph_acf,sph_cs,h_ps,fa_prob_ps,hacf,gacf,hcs
11177822,72.32574786688743,59.42089543491602,54.31113384417958,7.539742027533833,9.525817836031322,-1.0,-1.0,1.6465711105675798,1.6465711105675798,393.0485684085384,393.8315324138938,403.74136528809765,8875.656356277537,0.0,0.20453346938498604,0.08559564721013208,0.16542674194459983
