target_id,prot_ps,prot_acf,prot_cs,e_prot_ps,E_prot_ps,e_prot_acf,E_prot_acf,e_prot_cs,E_prot_cs,sph_ps,sph_acf,sph_cs,h_ps,fa_prob_ps,hacf,gacf,hcs
11186837,1.8713077405808163,1.8594648516736925,1.8270396204183923,0.14157858785419442,0.16682115235927664,-1.0,-1.0,0.02298146759822369,0.02298146759822369,9748.01227151759,9709.050399798918,9729.45817793803,1104348.4502113007,0.0,1.5940108655576921,0.9257661156292745,0.11884137429364476
