target_id,prot_ps,prot_acf,prot_cs,e_prot_ps,E_prot_ps,e_prot_acf,E_prot_acf,e_prot_cs,E_prot_cs,sph_ps,sph_acf,sph_cs,h_ps,fa_prob_ps,hacf,gacf,hcs
11181992,21.2722943100452,20.270141422748566,21.260967186447235,2.8482213162901253,3.8898805249877064,-1.0,-1.0,1.4918352615090011,1.4918352615090011,1070.9838729553992,1070.7426921446163,1071.3416178412351,39666.77854198581,0.0,0.5061691735336441,0.23449403926921436,0.8341724628262849
