target_id,prot_ps,prot_acf,prot_cs,e_prot_ps,E_prot_ps,e_prot_acf,E_prot_acf,e_prot_cs,E_prot_cs,sph_ps,sph_acf,sph_cs,h_ps,fa_prob_ps,hacf,gacf,hcs
11137332,56.75943429217705,63.73261063918471,36.25096180915833,6.244107670647459,8.00547234623481,-1.0,-1.0,7.030295281263102,7.030295281263102,320.3686595320886,318.61910585148763,319.9034284661635,867.0006203372947,0.0,0.04563791599989729,0.058472206786524275,0.3185054739323163
