target_id,prot_ps,prot_acf,prot_cs,e_prot_ps,E_prot_ps,e_prot_acf,E_prot_acf,e_prot_cs,E_prot_cs,sph_ps,sph_acf,sph_cs,h_ps,fa_prob_ps,hacf,gacf,hcs
11193876,47.604709077824026,51.2886201729998,45.53846553281501,5.927283223830528,7.8927403566287,-1.0,-1.0,1.405475172991423,1.405475172991423,816.5464234550527,810.2575818427318,802.1488734909717,1487.187845890427,0.0,0.06656059954048944,0.011352846874968944,0.26178727645990607
