target_id,prot_ps,prot_acf,prot_cs,e_prot_ps,E_prot_ps,e_prot_acf,E_prot_acf,e_prot_cs,E_prot_cs,sph_ps,sph_acf,sph_cs,h_ps,fa_prob_ps,hacf,gacf,hcs
11175535,35.99332886183053,45.50591666577384,21.71124677849933,6.538357413772953,10.269285342853848,-1.0,-1.0,5.008543148590078,5.008543148590078,504.108030635029,501.6140605026235,501.6653504180817,6092.417028652952,0.0,0.039563687442063476,0.015209893403622032,0.6046420621229912
