target_id,prot_ps,prot_acf,prot_cs,e_prot_ps,E_prot_ps,e_prot_acf,E_prot_acf,e_prot_cs,E_prot_cs,sph_ps,sph_acf,sph_cs,h_ps,fa_prob_ps,hacf,gacf,hcs
11198419,11.389927656005142,11.524594819173217,11.43807389313599,1.127782559622446,1.406268003279834,-1.0,-1.0,0.184290342634051,0.184290342634051,9479.354397277171,9402.03949691401,9494.892868569637,1107539.9671603625,0.0,0.8559520088848105,0.5345088462803576,0.9967233907681462
