target_id,prot_ps,prot_acf,prot_cs,e_prot_ps,E_prot_ps,e_prot_acf,E_prot_acf,e_prot_cs,E_prot_cs,sph_ps,sph_acf,sph_cs,h_ps,fa_prob_ps,hacf,gacf,hcs
11138509,46.11700319207619,44.21849896945059,45.931446114378964,6.409068236388158,8.8761885744429,-1.0,-1.0,1.2975447160706488,1.2975447160706488,670.0746830103839,646.6243999626951,671.7010577581967,9658.555861211185,0.0,0.2113608803565728,0.17591114481134307,0.16678834180532104
