target_id,prot_ps,prot_acf,prot_cs,e_prot_ps,E_prot_ps,e_prot_acf,E_prot_acf,e_prot_cs,E_prot_cs,sph_ps,sph_acf,sph_cs,h_ps,fa_prob_ps,hacf,gacf,hcs
11129145,23.384407870879517,23.519174969289452,23.39751994147379,3.215846350568789,4.435906694521822,-1.0,-1.0,1.2452739598753761,1.2452739598753761,881.9739688733383,882.2361496668419,881.9358649122224,184387.7430060145,0.0,0.8693943764235729,0.4493988479147243,0.9840738297123031
