target_id,prot_ps,prot_acf,prot_cs,e_prot_ps,E_prot_ps,e_prot_acf,E_prot_acf,e_prot_cs,E_prot_cs,sph_ps,sph_acf,sph_cs,h_ps,fa_prob_ps,hacf,gacf,hcs
11124841,59.977014142857286,64.24180529639125,50.126997960945594,2.8560482925170163,3.1566849548872256,-1.0,-1.0,9.086728269566425,9.086728269566425,792.72938880741,792.72938880741,792.72938880741,647.6162823678654,5.543986664300161e-282,0.08361494587110924,0.08839822026469664,0.5433355152193761
