target_id,prot_ps,prot_acf,prot_cs,e_prot_ps,E_prot_ps,e_prot_acf,E_prot_acf,e_prot_cs,E_prot_cs,sph_ps,sph_acf,sph_cs,h_ps,fa_prob_ps,hacf,gacf,hcs
11299239,94.43244154013559,72.35577190341428,37.455237132595045,46.98131419907242,9443.244154013359,-1.0,-1.0,4.273970103919,4.273970103919,645.2252485254139,663.590498638543,641.3598129748045,9425.197104517332,0.0,0.20694384994597964,0.1148896872129958,0.1739394826912861
