target_id,prot_ps,prot_acf,prot_cs,e_prot_ps,E_prot_ps,e_prot_acf,E_prot_acf,e_prot_cs,E_prot_cs,sph_ps,sph_acf,sph_cs,h_ps,fa_prob_ps,hacf,gacf,hcs
11296813,45.20378467139852,50.94117042934522,28.955141088445668,6.668647550014292,9.45972122926046,-1.0,-1.0,4.794484555293585,4.794484555293585,393.47868096996444,393.5645392612892,392.73084922080494,1068.4242120171893,0.0,0.05553096766001436,0.01079266386182464,0.15540963607497565
