target_id,prot_ps,prot_acf,prot_cs,e_prot_ps,E_prot_ps,e_prot_acf,E_prot_acf,e_prot_cs,E_prot_cs,sph_ps,sph_acf,sph_cs,h_ps,fa_prob_ps,hacf,gacf,hcs
11247347,76.13269387877239,61.68929022690281,37.70731401776305,8.886694750066525,11.593147283101374,-1.0,-1.0,8.86309346604436,8.86309346604436,441.84959378470893,437.64497441787114,437.1989368973368,1783.5931806575825,0.0,0.060634813302023235,0.016838951429540616,0.14333280023624118
