target_id,prot_ps,prot_acf,prot_cs,e_prot_ps,E_prot_ps,e_prot_acf,E_prot_acf,e_prot_cs,E_prot_cs,sph_ps,sph_acf,sph_cs,h_ps,fa_prob_ps,hacf,gacf,hcs
11243300,46.11696660756457,87.92608562950045,46.18994062164169,8.944159399939721,14.612017663398667,-1.0,-1.0,1.539948188646481,1.539948188646481,572.0330206760507,575.9127327387878,571.855109163005,1639.0500299229911,0.0,0.028836198343732217,0.030480158366156005,0.46142893748371266
