target_id,prot_ps,prot_acf,prot_cs,e_prot_ps,E_prot_ps,e_prot_acf,E_prot_acf,e_prot_cs,E_prot_cs,sph_ps,sph_acf,sph_cs,h_ps,fa_prob_ps,hacf,gacf,hcs
11246353,10.958493815363381,10.99332167673856,11.018550701166644,1.06020233336017,1.3145625165983983,-1.0,-1.0,0.10396274607254084,0.10396274607254084,6662.753606812452,6693.033632021568,6691.83333548368,3527054.6189874327,0.0,1.0795305168471951,0.6312002836248071,0.9932325548187069
