target_id,prot_ps,prot_acf,prot_cs,e_prot_ps,E_prot_ps,e_prot_acf,E_prot_acf,e_prot_cs,E_prot_cs,sph_ps,sph_acf,sph_cs,h_ps,fa_prob_ps,hacf,gacf,hcs
11229047,85.08956536526144,90.35768010467291,35.02269402284175,11.691828326703288,16.12248504904204,-1.0,-1.0,8.198335042276641,8.198335042276641,674.2705149641826,691.2210672929692,684.8223667387643,6934.907413880924,0.0,0.16169712872045394,0.10372102293062023,0.21596697406289975
