target_id,prot_ps,prot_acf,prot_cs,e_prot_ps,E_prot_ps,e_prot_acf,E_prot_acf,e_prot_cs,E_prot_cs,sph_ps,sph_acf,sph_cs,h_ps,fa_prob_ps,hacf,gacf,hcs
11298155,45.2037722042048,38.946589048951864,18.612945334477097,22.489438907564576,4520.3772204204715,-1.0,-1.0,0.9934455196873606,0.9934455196873606,504.49607064896367,504.3230142344087,504.93704852225096,2387.26766301326,0.0,0.10488170878274668,0.02302295701174956,0.2065929623634412
