target_id,prot_ps,prot_acf,prot_cs,e_prot_ps,E_prot_ps,e_prot_acf,E_prot_acf,e_prot_cs,E_prot_cs,sph_ps,sph_acf,sph_cs,h_ps,fa_prob_ps,hacf,gacf,hcs
11244208,67.07925127109864,53.78144494071603,-1.0,8.984211197710145,12.271309081942107,-1.0,-1.0,-1.0,-1.0,236.1870575468095,226.89580406338027,-1.0,3375.4341575333883,0.0,0.10834568011286738,0.03627623259407063,0.08609124452913194
