target_id,prot_ps,prot_acf,prot_cs,e_prot_ps,E_prot_ps,e_prot_acf,E_prot_acf,e_prot_cs,E_prot_cs,sph_ps,sph_acf,sph_cs,h_ps,fa_prob_ps,hacf,gacf,hcs
11289187,90.80038389208985,75.68608394637704,37.460524559612914,7.863465774454724,9.510761644194687,-1.0,-1.0,0.6309314607975791,0.6309314607975791,509.7202558356294,498.65959380885266,485.7069928746365,2849.56147713869,0.0,0.06475581772869862,0.03142278901133286,0.26760253659178806
