target_id,prot_ps,prot_acf,prot_cs,e_prot_ps,E_prot_ps,e_prot_acf,E_prot_acf,e_prot_cs,E_prot_cs,sph_ps,sph_acf,sph_cs,h_ps,fa_prob_ps,hacf,gacf,hcs
11285203,59.977107158131595,63.710629211738706,54.86061390571297,2.856052721815786,3.1566898504279877,-1.0,-1.0,6.039826217209421,6.039826217209421,912.280296004157,912.280296004157,912.280296004157,720.9653970454334,7.7393844397e-314,0.05197985073095415,0.06773226737749796,0.3042814780253208
