target_id,prot_ps,prot_acf,prot_cs,e_prot_ps,E_prot_ps,e_prot_acf,E_prot_acf,e_prot_cs,E_prot_cs,sph_ps,sph_acf,sph_cs,h_ps,fa_prob_ps,hacf,gacf,hcs
11237218,46.1168929242074,51.901441141963005,52.26984689198826,9.119001830223034,15.084533210822364,-1.0,-1.0,1.541859601338305,1.541859601338305,445.5066411955327,433.78048161643255,432.6002376449921,3329.4232132338625,0.0,0.10855642555899471,0.053489313812994564,0.26589428663613707
