target_id,prot_ps,prot_acf,prot_cs,e_prot_ps,E_prot_ps,e_prot_acf,E_prot_acf,e_prot_cs,E_prot_cs,sph_ps,sph_acf,sph_cs,h_ps,fa_prob_ps,hacf,gacf,hcs
11299407,24.517308806679978,23.989144874736667,24.749940349833604,2.6984166759874704,3.4600559536818487,-1.0,-1.0,0.6086852982838268,0.6086852982838268,3466.490192233303,3468.2239922131325,3458.602862715177,145286.4459837193,0.0,0.8135704008063616,0.5362383033606439,0.7254305790286661
