target_id,prot_ps,prot_acf,prot_cs,e_prot_ps,E_prot_ps,e_prot_acf,E_prot_acf,e_prot_cs,E_prot_cs,sph_ps,sph_acf,sph_cs,h_ps,fa_prob_ps,hacf,gacf,hcs
11250662,73.58567623953876,80.26367307081819,45.97359378545162,11.151417479502086,16.001153129751472,-1.0,-1.0,1.2193893857821279,1.2193893857821279,743.6169111813124,747.4770795131475,739.7320581443169,9089.823325019655,0.0,0.2129765184010352,0.16115770725771747,0.1791695949040072
