target_id,prot_ps,prot_acf,prot_cs,e_prot_ps,E_prot_ps,e_prot_acf,E_prot_acf,e_prot_cs,E_prot_cs,sph_ps,sph_acf,sph_cs,h_ps,fa_prob_ps,hacf,gacf,hcs
11251391,72.32602229742395,63.26265213266015,45.87094200873353,12.874348617015528,19.991496374507477,-1.0,-1.0,1.2794289186628593,1.2794289186628593,620.256581024587,625.9879774816177,617.7643115890256,3528.895327437446,0.0,0.0978045436974157,0.03883346502783318,0.2583281360594885
