target_id,prot_ps,prot_acf,prot_cs,e_prot_ps,E_prot_ps,e_prot_acf,E_prot_acf,e_prot_cs,E_prot_cs,sph_ps,sph_acf,sph_cs,h_ps,fa_prob_ps,hacf,gacf,hcs
11242594,72.32613516335756,64.77484580129385,28.37730823550373,35.98315182256596,7232.613516335688,-1.0,-1.0,2.065008810524915,2.065008810524915,274.703226016257,275.5889460050754,269.44484201290305,9688.507599419032,0.0,0.22755131109597002,0.1514488229302436,0.1362480509335442
