target_id,prot_ps,prot_acf,prot_cs,e_prot_ps,E_prot_ps,e_prot_acf,E_prot_acf,e_prot_cs,E_prot_cs,sph_ps,sph_acf,sph_cs,h_ps,fa_prob_ps,hacf,gacf,hcs
11356178,13.765973095967745,13.854080292396247,13.741094556970463,1.5251470806665708,1.9592910358661904,-1.0,-1.0,0.14572497606413073,0.14572497606413073,3240.3801764539253,3231.8482255312147,3210.9291136539764,3273268.530785411,0.0,0.9046574969267714,0.4816648638847478,0.9790814189642322
