target_id,prot_ps,prot_acf,prot_cs,e_prot_ps,E_prot_ps,e_prot_acf,E_prot_acf,e_prot_cs,E_prot_cs,sph_ps,sph_acf,sph_cs,h_ps,fa_prob_ps,hacf,gacf,hcs
11304196,18.20736620398634,17.818186555057764,18.158033081780264,2.041267859850336,2.6312607068857226,-1.0,-1.0,0.26434353155978085,0.26434353155978085,807.0459191463033,806.957464826012,804.574295214752,11192.491814227451,0.0,0.3460347460060774,0.1577629289895107,0.4789517636729199
