target_id,prot_ps,prot_acf,prot_cs,e_prot_ps,E_prot_ps,e_prot_acf,E_prot_acf,e_prot_cs,E_prot_cs,sph_ps,sph_acf,sph_cs,h_ps,fa_prob_ps,hacf,gacf,hcs
11357555,90.40778516216248,60.46330642513931,46.64890191625804,44.97899759311568,9040.778516216527,-1.0,-1.0,5.386901331775752,5.386901331775752,487.64326573855254,459.92515008216805,463.04380201162365,30495.864548646416,0.0,0.23224618202915864,0.04466792652169679,1.9108361505975087
