target_id,prot_ps,prot_acf,prot_cs,e_prot_ps,E_prot_ps,e_prot_acf,E_prot_acf,e_prot_cs,E_prot_cs,sph_ps,sph_acf,sph_cs,h_ps,fa_prob_ps,hacf,gacf,hcs
11302549,12.363446272529652,12.362395932432264,12.428192466787097,1.286490524781989,1.6245863828769789,-1.0,-1.0,0.1589167396605299,0.1589167396605299,2301.5865565124054,2301.5865565124054,2304.364435260518,128393.90245795753,0.0,0.713519849589737,0.5149824354610658,0.5876794256684245
