target_id,prot_ps,prot_acf,prot_cs,e_prot_ps,E_prot_ps,e_prot_acf,E_prot_acf,e_prot_cs,E_prot_cs,sph_ps,sph_acf,sph_cs,h_ps,fa_prob_ps,hacf,gacf,hcs
11351621,10.608574114975042,9.011474322527647,10.401816075146197,0.5051701959511927,0.5583460060513179,-1.0,-1.0,2.832384028863329,2.832384028863329,354.0081776533189,354.0081776533189,354.0081776533189,484.2190741034564,5.085434729062308e-211,0.14779841581463157,0.08415737205815002,0.12102672794807093
