target_id,prot_ps,prot_acf,prot_cs,e_prot_ps,E_prot_ps,e_prot_acf,E_prot_acf,e_prot_cs,E_prot_cs,sph_ps,sph_acf,sph_cs,h_ps,fa_prob_ps,hacf,gacf,hcs
11304230,7.040497551115115,7.172244616784155,7.1313234157471435,0.5972950809937858,0.7193501838313328,-1.0,-1.0,0.055953919489145826,0.055953919489145826,5707.4441233484395,5721.632730477145,5727.6199680915715,36734128.350068405,0.0,1.4658865410497148,0.8761139410227966,0.9983067137514479
