target_id,prot_ps,prot_acf,prot_cs,e_prot_ps,E_prot_ps,e_prot_acf,E_prot_acf,e_prot_cs,E_prot_cs,sph_ps,sph_acf,sph_cs,h_ps,fa_prob_ps,hacf,gacf,hcs
11308216,26.352583539154175,27.360718302894384,26.318144809777454,3.3872655967197502,4.5593503393813535,-1.0,-1.0,1.1416815740004735,1.1416815740004735,920.345388070798,916.8022020393859,920.164139016093,40136.90651935284,0.0,0.5173942238933906,0.2558497914473638,0.2204821044063909
