target_id,prot_ps,prot_acf,prot_cs,e_prot_ps,E_prot_ps,e_prot_acf,E_prot_acf,e_prot_cs,E_prot_cs,sph_ps,sph_acf,sph_cs,h_ps,fa_prob_ps,hacf,gacf,hcs
11348043,27.81774254693974,27.72848754003644,27.917037303012023,2.7038560432752377,3.3563172271793107,-1.0,-1.0,0.9647992610403984,0.9647992610403984,3048.2413972007607,3051.4757682165055,3048.569970806556,407934.5222201281,0.0,1.295941711433695,0.6546371936130211,0.9949105730239073
