target_id,prot_ps,prot_acf,prot_cs,e_prot_ps,E_prot_ps,e_prot_acf,E_prot_acf,e_prot_cs,E_prot_cs,sph_ps,sph_acf,sph_cs,h_ps,fa_prob_ps,hacf,gacf,hcs
11352390,30.77703378297078,29.894467253237963,31.274591017634265,5.3965985732130335,8.311281743425386,-1.0,-1.0,0.997392869524537,0.997392869524537,1838.2547946561463,1858.990001820785,1939.5721435789767,151916.77039081094,0.0,0.744634955391579,0.4243666119922341,0.9366417138118329
