target_id,prot_ps,prot_acf,prot_cs,e_prot_ps,E_prot_ps,e_prot_acf,E_prot_acf,e_prot_cs,E_prot_cs,sph_ps,sph_acf,sph_cs,h_ps,fa_prob_ps,hacf,gacf,hcs
11304440,9.520937584608594,9.562973644584417,9.534775132555513,1.0905995210457835,1.4147002525406194,-1.0,-1.0,0.28131581147988616,0.28131581147988616,4448.375829427373,4448.998692361039,4456.014476736516,483266.94493357185,0.0,0.9530482590312861,0.5451384586261535,0.9449777882669211
