target_id,prot_ps,prot_acf,prot_cs,e_prot_ps,E_prot_ps,e_prot_acf,E_prot_acf,e_prot_cs,E_prot_cs,sph_ps,sph_acf,sph_cs,h_ps,fa_prob_ps,hacf,gacf,hcs
11359322,8.024010336418195,16.387645293958485,8.098695956713438,0.7667509330896696,0.9479099273625007,-1.0,-1.0,0.24192247449405951,0.24192247449405951,759.4467428263329,768.0655611826155,694.9491338997625,4286.016819707465,0.0,0.1757896275135852,0.18157312393806427,0.8597584235673527
