target_id,prot_ps,prot_acf,prot_cs,e_prot_ps,E_prot_ps,e_prot_acf,E_prot_acf,e_prot_cs,E_prot_cs,sph_ps,sph_acf,sph_cs,h_ps,fa_prob_ps,hacf,gacf,hcs
11461265,72.86902095565645,86.86384751088917,46.43748790804072,11.6703724166846,17.170163768511017,-1.0,-1.0,1.717181393469034,1.717181393469034,105.39226555043979,105.84941806279619,105.28887301848233,8599.949273547609,0.0,0.12607866474944524,0.17575023569827353,0.2699887944269695
