target_id,prot_ps,prot_acf,prot_cs,e_prot_ps,E_prot_ps,e_prot_acf,E_prot_acf,e_prot_cs,E_prot_cs,sph_ps,sph_acf,sph_cs,h_ps,fa_prob_ps,hacf,gacf,hcs
11442831,16.418830362177648,16.674310103058815,16.428282292224463,1.4790063506615478,1.8040177787055605,-1.0,-1.0,1.7239967652685402,1.7239967652685402,6742.9482092575645,6719.192356624234,6742.383642052019,19041.728505852607,0.0,1.1403975999262521,0.5914064413424841,0.9858475137052375
