target_id,prot_ps,prot_acf,prot_cs,e_prot_ps,E_prot_ps,e_prot_acf,E_prot_acf,e_prot_cs,E_prot_cs,sph_ps,sph_acf,sph_cs,h_ps,fa_prob_ps,hacf,gacf,hcs
11446456,89.95544150964952,58.19366756081581,59.49771548651606,4.283593177525162,4.734497806840167,-1.0,-1.0,7.845130138963569,7.845130138963569,1080.4591543097074,1080.4591543097074,1080.4591543097074,3616.1911564194447,0.0,0.2074055576628426,0.09916532883112492,0.27619447202803643
