target_id,prot_ps,prot_acf,prot_cs,e_prot_ps,E_prot_ps,e_prot_acf,E_prot_acf,e_prot_cs,E_prot_cs,sph_ps,sph_acf,sph_cs,h_ps,fa_prob_ps,hacf,gacf,hcs
11455680,11.095820316482614,11.095492116641253,10.97044618583643,1.290583891270174,1.6818169506971774,-1.0,-1.0,0.07816173072612422,0.07816173072612422,3261.9413014453708,3261.9413014453708,3260.280063657632,204975.88260589406,0.0,0.9212513769794323,0.5717003707562612,0.9096423530661453
