target_id,prot_ps,prot_acf,prot_cs,e_prot_ps,E_prot_ps,e_prot_acf,E_prot_acf,e_prot_cs,E_prot_cs,sph_ps,sph_acf,sph_cs,h_ps,fa_prob_ps,hacf,gacf,hcs
11468568,23.33097537457692,23.04918386042118,23.53084633430556,2.523908766283565,3.2207375652874433,-1.0,-1.0,0.3093245259046112,0.3093245259046112,4355.707688335183,4369.396563566044,4361.225119618941,222610.7974853587,0.0,0.8938357541772126,0.5143835211791975,0.9741775091623606
