target_id,prot_ps,prot_acf,prot_cs,e_prot_ps,E_prot_ps,e_prot_acf,E_prot_acf,e_prot_cs,E_prot_cs,sph_ps,sph_acf,sph_cs,h_ps,fa_prob_ps,hacf,gacf,hcs
11446076,30.362413003497103,27.646764208562672,28.583648272836577,5.626152876863905,8.93891253646509,-1.0,-1.0,2.6891667476694217,2.6891667476694217,703.0637736027902,692.9361613044365,718.0222717194617,306132.51662373566,0.0,0.365880782599371,0.12427248563746027,0.39895427725808597
