target_id,prot_ps,prot_acf,prot_cs,e_prot_ps,E_prot_ps,e_prot_acf,E_prot_acf,e_prot_cs,E_prot_cs,sph_ps,sph_acf,sph_cs,h_ps,fa_prob_ps,hacf,gacf,hcs
11445869,92.23374391727923,17.736390316858888,15.030331687281404,13.026599848564288,18.15476268295049,-1.0,-1.0,0.6120247968693755,0.6120247968693755,715.5784766603266,648.1003567449171,605.2770188448399,18229.06395046032,0.0,0.18222570774156222,0.08082624647217733,0.5896715389609727
