target_id,prot_ps,prot_acf,prot_cs,e_prot_ps,E_prot_ps,e_prot_acf,E_prot_acf,e_prot_cs,E_prot_cs,sph_ps,sph_acf,sph_cs,h_ps,fa_prob_ps,hacf,gacf,hcs
11407745,72.32625001979366,60.402023231610656,28.934530763337385,26.563987263189247,100.07532108699141,-1.0,-1.0,6.451010767518882,6.451010767518882,348.53055823899535,350.06252991873725,342.6245621227392,14526.500939553589,0.0,0.19736567877967198,0.09225177348758609,0.08848710363315064
