target_id,prot_ps,prot_acf,prot_cs,e_prot_ps,E_prot_ps,e_prot_acf,E_prot_acf,e_prot_cs,E_prot_cs,sph_ps,sph_acf,sph_cs,h_ps,fa_prob_ps,hacf,gacf,hcs
11466369,72.32619436510737,70.6188195347786,45.73735923240919,12.287196462368804,18.610526362011626,-1.0,-1.0,1.1170121358123206,1.1170121358123206,441.68301252053976,441.60408103816746,439.10980149927246,4399.489670870612,0.0,0.17575775229541513,0.10266764248417502,0.2736361892165487
