target_id,prot_ps,prot_acf,prot_cs,e_prot_ps,E_prot_ps,e_prot_acf,E_prot_acf,e_prot_cs,E_prot_cs,sph_ps,sph_acf,sph_cs,h_ps,fa_prob_ps,hacf,gacf,hcs
11402237,90.40768664349301,61.09668556135148,28.62495566484605,44.978948578852254,9040.768664349474,-1.0,-1.0,0.3940455103570858,0.3940455103570858,591.874076519141,586.3257980115334,583.2919375383133,3450.844735793064,0.0,0.08958959686602404,0.024914374208908224,0.18405296482736172
