target_id,prot_ps,prot_acf,prot_cs,e_prot_ps,E_prot_ps,e_prot_acf,E_prot_acf,e_prot_cs,E_prot_cs,sph_ps,sph_acf,sph_cs,h_ps,fa_prob_ps,hacf,gacf,hcs
11468301,5.0429040494576824,4.883660241030157,5.088126930674428,0.5607477887513888,0.7211177603258214,-1.0,-1.0,0.017753067311552403,0.017753067311552403,624.7344077877174,628.761000244494,625.369987107591,149056.91112742087,0.0,0.68300807524168,0.46105975651017017,0.7836527054566342
