target_id,prot_ps,prot_acf,prot_cs,e_prot_ps,E_prot_ps,e_prot_acf,E_prot_acf,e_prot_cs,E_prot_cs,sph_ps,sph_acf,sph_cs,h_ps,fa_prob_ps,hacf,gacf,hcs
11466153,90.4077703937916,103.98706465866417,47.59129746785387,19.143495963519186,33.20596580705927,-1.0,-1.0,6.596265359035955,6.596265359035955,540.5148097991917,530.0198735764817,518.6163751819761,20890.436832765066,0.0,0.1356501647977435,0.18536664882615678,6.471531444795609
