target_id,prot_ps,prot_acf,prot_cs,e_prot_ps,E_prot_ps,e_prot_acf,E_prot_acf,e_prot_cs,E_prot_cs,sph_ps,sph_acf,sph_cs,h_ps,fa_prob_ps,hacf,gacf,hcs
11464185,25.443635149883796,25.746935717761517,25.44716782333329,3.3103510359903403,4.474720471521806,-1.0,-1.0,2.666935196034883,2.666935196034883,1065.7081478344783,1072.5585649970933,1064.9745537453166,235825.61945495667,0.0,0.9515432934297567,0.4373729535302429,0.9771400483292662
