target_id,prot_ps,prot_acf,prot_cs,e_prot_ps,E_prot_ps,e_prot_acf,E_prot_acf,e_prot_cs,E_prot_cs,sph_ps,sph_acf,sph_cs,h_ps,fa_prob_ps,hacf,gacf,hcs
11403389,26.30037486249044,25.33775819465518,26.29814096493647,3.779661157086821,5.304211437873892,-1.0,-1.0,1.6057768393776977,1.6057768393776977,1751.5251735008499,1678.5702929337497,1751.5251735008499,111903.50703829316,0.0,0.5964126563517973,0.2890311512952468,0.9186781067185357
