target_id,prot_ps,prot_acf,prot_cs,e_prot_ps,E_prot_ps,e_prot_acf,E_prot_acf,e_prot_cs,E_prot_cs,sph_ps,sph_acf,sph_cs,h_ps,fa_prob_ps,hacf,gacf,hcs
11498136,89.96567205182589,97.24150599865243,43.714542029513986,4.284079259132014,4.735034928458603,-1.0,-1.0,28.980072988901977,28.980072988901977,753.9852939253423,753.9852939253423,753.9852939253423,806.5673067385691,0.0,0.04959020781065029,0.08742621774336198,0.5946070919126414
