target_id,prot_ps,prot_acf,prot_cs,e_prot_ps,E_prot_ps,e_prot_acf,E_prot_acf,e_prot_cs,E_prot_cs,sph_ps,sph_acf,sph_cs,h_ps,fa_prob_ps,hacf,gacf,hcs
11567687,44.39599233682798,9.0317327324301,49.38713089200336,2.1140948731822817,2.3366311756225215,-1.0,-1.0,5.457139227917713,5.457139227917713,958.7567114961585,957.3472652920632,958.7567114961585,566.5016449499687,9.364004400443064e-247,0.0004145759228748082,0.04105063798083903,2.382264528733085
