target_id,prot_ps,prot_acf,prot_cs,e_prot_ps,E_prot_ps,e_prot_acf,E_prot_acf,e_prot_cs,E_prot_cs,sph_ps,sph_acf,sph_cs,h_ps,fa_prob_ps,hacf,gacf,hcs
11518511,46.9776488263089,12.607586688827723,23.424160455004245,14.502052044859923,37.90417072473222,-1.0,-1.0,5.039702017725854,5.039702017725854,567.0409310618908,564.1013665659999,581.5826081354513,6603.645471292383,0.0,0.144796483590669,0.011422667128421002,1.1185954769640107
