target_id,prot_ps,prot_acf,prot_cs,e_prot_ps,E_prot_ps,e_prot_acf,E_prot_acf,e_prot_cs,E_prot_cs,sph_ps,sph_acf,sph_cs,h_ps,fa_prob_ps,hacf,gacf,hcs
11561331,39.12695599713117,1.5325300628319383,2.9591592308557546,11.847110340461224,30.036241501371116,-1.0,-1.0,0.23451979283662072,0.23451979283662072,619.8529868308207,488.66632814977226,532.4110924709406,74449.89495803599,0.0,0.09731704504321019,0.3909456502283196,4.039550121420798
