target_id,prot_ps,prot_acf,prot_cs,e_prot_ps,E_prot_ps,e_prot_acf,E_prot_acf,e_prot_cs,E_prot_cs,sph_ps,sph_acf,sph_cs,h_ps,fa_prob_ps,hacf,gacf,hcs
11513396,12.36342460208998,12.09673672169447,12.52828793953396,1.7690550999821841,2.478277639639062,-1.0,-1.0,0.4545986124723966,0.4545986124723966,1291.4627366276436,1305.889856246789,1308.3593968971802,30606.442958363732,0.0,0.5259074617029038,0.2872601879838215,0.9551859431710883
