target_id,prot_ps,prot_acf,prot_cs,e_prot_ps,E_prot_ps,e_prot_acf,E_prot_acf,e_prot_cs,E_prot_cs,sph_ps,sph_acf,sph_cs,h_ps,fa_prob_ps,hacf,gacf,hcs
11569695,60.271016418659514,6.538794636726379,7.739276464562862,29.328501529337842,1095.1945262876327,-1.0,-1.0,0.7253614496779108,0.7253614496779108,527.1528532544801,449.1850081525164,470.2196806400218,78109.9460841001,0.0,0.32034724899745437,0.34398334717880596,0.36003996295552143
