target_id,prot_ps,prot_acf,prot_cs,e_prot_ps,E_prot_ps,e_prot_acf,E_prot_acf,e_prot_cs,E_prot_cs,sph_ps,sph_acf,sph_cs,h_ps,fa_prob_ps,hacf,gacf,hcs
11517525,72.74145704034811,93.17678522318602,46.187487233066925,3.4638789066832487,3.8284977389656802,-1.0,-1.0,11.789777491023425,11.789777491023425,732.9789363480392,732.9789363480392,732.9789363480392,1115.4662615039051,0.0,0.09073805378971661,0.12491603102293283,0.44498522151468095
