target_id,prot_ps,prot_acf,prot_cs,e_prot_ps,E_prot_ps,e_prot_acf,E_prot_acf,e_prot_cs,E_prot_cs,sph_ps,sph_acf,sph_cs,h_ps,fa_prob_ps,hacf,gacf,hcs
11567049,1.0966807171685231,1.1238531512208283,1.1451097089312294,0.07423912587754833,0.08586417013148728,-1.0,-1.0,0.014670551996934376,0.014670551996934376,4172.692752719593,4180.99104629472,4176.4842834236415,5535435.680017101,0.0,1.647787444043165,0.9500815549280552,0.013105552102234266
