target_id,prot_ps,prot_acf,prot_cs,e_prot_ps,E_prot_ps,e_prot_acf,E_prot_acf,e_prot_cs,E_prot_cs,sph_ps,sph_acf,sph_cs,h_ps,fa_prob_ps,hacf,gacf,hcs
11509734,46.11702952873571,42.29775647632778,21.908398821847516,6.1688329032237945,8.42195405143461,-1.0,-1.0,2.170241573499057,2.170241573499057,714.2964227231577,704.6938507082913,703.6305786540106,14502.44267198371,0.0,0.22144154986165054,0.07066426777087377,0.5714681175940107
