target_id,prot_ps,prot_acf,prot_cs,e_prot_ps,E_prot_ps,e_prot_acf,E_prot_acf,e_prot_cs,E_prot_cs,sph_ps,sph_acf,sph_cs,h_ps,fa_prob_ps,hacf,gacf,hcs
11569145,31.82555375880618,25.297473672777414,26.801033310666405,1.5155024290079737,1.6750289852490496,-1.0,-1.0,3.0503798623342417,3.0503798623342417,319.4789668326939,319.4789668326939,319.4789668326939,235.90824392752265,3.51845034882503e-103,0.023841313982017373,0.04616586653032654,0.3941524377301325
