target_id,prot_ps,prot_acf,prot_cs,e_prot_ps,E_prot_ps,e_prot_acf,E_prot_acf,e_prot_cs,E_prot_cs,sph_ps,sph_acf,sph_cs,h_ps,fa_prob_ps,hacf,gacf,hcs
11507190,52.70519267390372,51.370244982652366,52.52804766764634,14.434795013390968,31.918163079503394,-1.0,-1.0,1.9035595175083209,1.9035595175083209,1130.6644497207237,1138.169260207677,1129.72836118925,7054.387160678906,0.0,0.11044752179250358,0.0595470110852097,0.5218055027247355
