target_id,prot_ps,prot_acf,prot_cs,e_prot_ps,E_prot_ps,e_prot_acf,E_prot_acf,e_prot_cs,E_prot_cs,sph_ps,sph_acf,sph_cs,h_ps,fa_prob_ps,hacf,gacf,hcs
11506715,72.32605169876594,54.41489397129044,45.86887125840698,35.9831102978935,7232.605169876605,-1.0,-1.0,1.4510178814874537,1.4510178814874537,653.0723052210806,653.9566567382925,654.2161263330734,883.4623687497968,0.0,0.03888783359904696,0.007211216815525473,0.17748750388688628
