target_id,prot_ps,prot_acf,prot_cs,e_prot_ps,E_prot_ps,e_prot_acf,E_prot_acf,e_prot_cs,E_prot_cs,sph_ps,sph_acf,sph_cs,h_ps,fa_prob_ps,hacf,gacf,hcs
11559513,64.16291157440651,55.027933260425925,36.45649895967766,14.833104961130012,27.58916523648736,-1.0,-1.0,1.40630914285538,1.40630914285538,486.2467234443834,499.05506623145385,488.90434770919245,4445.347726358464,0.0,0.11474486779081386,0.044868812371843834,0.3455384986812315
