target_id,prot_ps,prot_acf,prot_cs,e_prot_ps,E_prot_ps,e_prot_acf,E_prot_acf,e_prot_cs,E_prot_cs,sph_ps,sph_acf,sph_cs,h_ps,fa_prob_ps,hacf,gacf,hcs
11553761,89.96565262166656,65.85612724348903,52.97934386540205,4.284078696269816,4.735034348508776,-1.0,-1.0,7.094476663010376,7.094476663010376,960.9208498994,960.9208498994,960.9208498994,2328.1664298072205,0.0,0.13903491861433204,0.02448469615324939,0.1411122928762806
