target_id,prot_ps,prot_acf,prot_cs,e_prot_ps,E_prot_ps,e_prot_acf,E_prot_acf,e_prot_cs,E_prot_cs,sph_ps,sph_acf,sph_cs,h_ps,fa_prob_ps,hacf,gacf,hcs
11617094,73.67194627660638,81.7757724719122,-1.0,9.649240361001901,13.073993173598964,-1.0,-1.0,-1.0,-1.0,1589.1463083734018,1544.0967731100802,-1.0,166858.65692771244,0.0,0.7513598917071045,0.4091426452915223,0.6868429236221478
