target_id,prot_ps,prot_acf,prot_cs,e_prot_ps,E_prot_ps,e_prot_acf,E_prot_acf,e_prot_cs,E_prot_cs,sph_ps,sph_acf,sph_cs,h_ps,fa_prob_ps,hacf,gacf,hcs
11618997,24.940017190616825,24.888223562389612,25.13545674110406,2.594406725718599,3.275979995615252,-1.0,-1.0,0.5332337379454289,0.5332337379454289,3726.3785595536797,3726.3544527400604,3727.7021706274604,1276223.13601744,0.0,1.210246540221209,0.6809488968322425,0.9864020319260697
