target_id,prot_ps,prot_acf,prot_cs,e_prot_ps,E_prot_ps,e_prot_acf,E_prot_acf,e_prot_cs,E_prot_cs,sph_ps,sph_acf,sph_cs,h_ps,fa_prob_ps,hacf,gacf,hcs
11605843,61.48926286773925,66.16420055087656,30.110841349526304,7.3117418693250045,9.593217613764587,-1.0,-1.0,3.1598630976376705,3.1598630976376705,896.9045618844493,874.2695021813546,885.3974351142575,5678.531381976153,0.0,0.1781515984507256,0.11819248163717663,0.26279740297100723
