target_id,prot_ps,prot_acf,prot_cs,e_prot_ps,E_prot_ps,e_prot_acf,E_prot_acf,e_prot_cs,E_prot_cs,sph_ps,sph_acf,sph_cs,h_ps,fa_prob_ps,hacf,gacf,hcs
11616687,72.32520736626219,50.49174563027918,28.688359201252464,10.469623395782563,14.73588650825971,-1.0,-1.0,0.5730681706602062,0.5730681706602062,451.4072643296302,452.99976354074585,443.0095598617253,4632.183166243714,0.0,0.09082745242637458,0.08671817361759912,0.20220459126012336
