target_id,prot_ps,prot_acf,prot_cs,e_prot_ps,E_prot_ps,e_prot_acf,E_prot_acf,e_prot_cs,E_prot_cs,sph_ps,sph_acf,sph_cs,h_ps,fa_prob_ps,hacf,gacf,hcs
11652033,72.32564790675086,22.762994155287743,30.11070067979395,11.968236232665504,17.888513948258833,-1.0,-1.0,4.271057590967526,4.271057590967526,1165.595289056721,1088.31504589547,1083.4067768718926,10233.427003368492,0.0,0.17394661050762567,0.015440282823974062,0.8258279382854936
