target_id,prot_ps,prot_acf,prot_cs,e_prot_ps,E_prot_ps,e_prot_acf,E_prot_acf,e_prot_cs,E_prot_cs,sph_ps,sph_acf,sph_cs,h_ps,fa_prob_ps,hacf,gacf,hcs
11602951,1.8884071029343168,3.8006551545113325,3.8609221766455595,0.1415668816381701,0.16653606474442584,-1.0,-1.0,0.01894940323932377,0.01894940323932377,5340.421919412943,5496.249632112645,5517.224285506244,1150585.5559863725,0.0,1.2679761033604553,0.8794324925314289,0.31451653929497736
