target_id,prot_ps,prot_acf,prot_cs,e_prot_ps,E_prot_ps,e_prot_acf,E_prot_acf,e_prot_cs,E_prot_cs,sph_ps,sph_acf,sph_cs,h_ps,fa_prob_ps,hacf,gacf,hcs
11668893,72.32608369083194,59.68681101547554,28.766139967862355,35.983126214344246,7232.608369083242,-1.0,-1.0,0.531375212619353,0.531375212619353,546.7361571798962,546.355834687966,544.6587918637301,1823.4870849064653,0.0,0.08940638199998589,0.06235940209887002,0.34756105215632455
