target_id,prot_ps,prot_acf,prot_cs,e_prot_ps,E_prot_ps,e_prot_acf,E_prot_acf,e_prot_cs,E_prot_cs,sph_ps,sph_acf,sph_cs,h_ps,fa_prob_ps,hacf,gacf,hcs
11620956,6.405602019879725,6.497908215969801,6.449166882068665,0.6301505088843227,0.7845009205256401,-1.0,-1.0,0.05451479231793095,0.05451479231793095,6114.625307709493,6146.723866478479,6074.105340067635,1615264.6503552774,0.0,1.2057930742564729,0.7629389457189708,0.9057655844330088
