target_id,prot_ps,prot_acf,prot_cs,e_prot_ps,E_prot_ps,e_prot_acf,E_prot_acf,e_prot_cs,E_prot_cs,sph_ps,sph_acf,sph_cs,h_ps,fa_prob_ps,hacf,gacf,hcs
11653958,48.579408653421915,1.0625541768968105,3.1160457467211193,7.183317054019128,10.199736773508079,-1.0,-1.0,0.10430020728282792,0.10430020728282792,250.34797615801665,159.4548634855311,188.2670725893877,22341.051509626497,0.0,0.2903206616786034,0.4401650785389339,0.21587843297589615
