target_id,prot_ps,prot_acf,prot_cs,e_prot_ps,E_prot_ps,e_prot_acf,E_prot_acf,e_prot_cs,E_prot_cs,sph_ps,sph_acf,sph_cs,h_ps,fa_prob_ps,hacf,gacf,hcs
11619989,17.6405082159851,16.18348316475749,17.820635446545694,3.0904345616000946,4.757290856497832,-1.0,-1.0,0.15680218102785118,0.15680218102785118,1998.9299991914068,1973.5004617514242,2001.8464068132084,209362.14498982296,0.0,0.6664566197612176,0.3461161255999675,0.72795361180311
