target_id,prot_ps,prot_acf,prot_cs,e_prot_ps,E_prot_ps,e_prot_acf,E_prot_acf,e_prot_cs,E_prot_cs,sph_ps,sph_acf,sph_cs,h_ps,fa_prob_ps,hacf,gacf,hcs
11658621,23.349056000104287,18.92212337628007,46.10397838314996,1.1118598095287808,1.2288976842160118,-1.0,-1.0,3.9436259292609135,3.9436259292609135,3309.008906668687,3309.008906668687,3309.008906668687,2640.367897526289,0.0,0.25545844234863735,0.2340426909677007,2.8633343577042476
