target_id,prot_ps,prot_acf,prot_cs,e_prot_ps,E_prot_ps,e_prot_acf,E_prot_acf,e_prot_cs,E_prot_cs,sph_ps,sph_acf,sph_cs,h_ps,fa_prob_ps,hacf,gacf,hcs
11611079,60.29953163712174,54.72139545343816,26.58090597001283,5.1966309703787985,6.2788586586673105,-1.0,-1.0,0.3302450336175425,0.3302450336175425,551.0432019654038,552.178022655932,547.7354979236686,4429.426452443933,0.0,0.1363669701844182,0.08675546735634895,0.09963905083090882
