target_id,prot_ps,prot_acf,prot_cs,e_prot_ps,E_prot_ps,e_prot_acf,E_prot_acf,e_prot_cs,E_prot_cs,sph_ps,sph_acf,sph_cs,h_ps,fa_prob_ps,hacf,gacf,hcs
11618494,35.99374460273862,37.39363383036107,18.256405372355772,10.822519789547158,27.14830450700201,-1.0,-1.0,0.16075799727771958,0.16075799727771958,1028.2193280559745,1035.0035797579308,1011.4776698629007,3308.543152706753,0.0,0.0875239115941058,0.004463003299029775,0.7023422205044954
