target_id,prot_ps,prot_acf,prot_cs,e_prot_ps,E_prot_ps,e_prot_acf,E_prot_acf,e_prot_cs,E_prot_cs,sph_ps,sph_acf,sph_cs,h_ps,fa_prob_ps,hacf,gacf,hcs
11668571,22.359761742422943,22.66096213599667,22.350983059708955,3.1957139775678414,4.474818981566813,-1.0,-1.0,1.8004601604610504,1.8004601604610504,1544.5773639458666,1540.6904000018014,1545.1211253715005,92017.52411868524,0.0,0.5778883896572053,0.2815087599063251,0.9634293305831715
