target_id,prot_ps,prot_acf,prot_cs,e_prot_ps,E_prot_ps,e_prot_acf,E_prot_acf,e_prot_cs,E_prot_cs,sph_ps,sph_acf,sph_cs,h_ps,fa_prob_ps,hacf,gacf,hcs
11652713,9.109496224172004,9.195123589597642,9.106755404171615,1.1380833966710933,1.5171764378860342,-1.0,-1.0,0.2818756332790992,0.2818756332790992,3698.462869423443,3723.10639970618,3697.0206946739727,416987.8647798578,0.0,0.9383592120509526,0.5745335087370387,0.9622345477365392
