target_id,prot_ps,prot_acf,prot_cs,e_prot_ps,E_prot_ps,e_prot_acf,E_prot_acf,e_prot_cs,E_prot_cs,sph_ps,sph_acf,sph_cs,h_ps,fa_prob_ps,hacf,gacf,hcs
11759076,72.32612367541765,69.78109087795019,45.57889563859746,25.41937020898356,85.56111702660198,-1.0,-1.0,4.814810675568273,4.814810675568273,827.2441315782953,830.6000414150524,814.5810625996131,16953.585454012395,0.0,0.27535585058271467,0.13917587607320656,0.0821570992604804
