target_id,prot_ps,prot_acf,prot_cs,e_prot_ps,E_prot_ps,e_prot_acf,E_prot_acf,e_prot_cs,E_prot_cs,sph_ps,sph_acf,sph_cs,h_ps,fa_prob_ps,hacf,gacf,hcs
11703279,62.89214699682502,60.60612407512963,32.07138772112728,19.048138266618345,48.31362196536669,-1.0,-1.0,7.623266413205881,7.623266413205881,378.13576444961853,383.6471615818658,378.5055041991058,14488.048838274386,0.0,0.24182924735172487,0.12246517313823023,0.9816447523431489
