target_id,prot_ps,prot_acf,prot_cs,e_prot_ps,E_prot_ps,e_prot_acf,E_prot_acf,e_prot_cs,E_prot_cs,sph_ps,sph_acf,sph_cs,h_ps,fa_prob_ps,hacf,gacf,hcs
11709244,14.04389071252648,14.099237699992955,14.187143495952958,1.524325498941442,1.9469753523372741,-1.0,-1.0,0.0956954933076576,0.0956954933076576,5796.076711201895,5792.050941530278,5796.03988443662,1363298.697556764,0.0,0.9124283577577905,0.551890759868178,0.975218577802384
