target_id,prot_ps,prot_acf,prot_cs,e_prot_ps,E_prot_ps,e_prot_acf,E_prot_acf,e_prot_cs,E_prot_cs,sph_ps,sph_acf,sph_cs,h_ps,fa_prob_ps,hacf,gacf,hcs
11712914,60.27169494186547,51.00245752930641,25.013272560406474,12.215401196302004,20.54198102025736,-1.0,-1.0,2.5817388923047466,2.5817388923047466,410.29796732756506,410.3290094374291,404.91123044437177,2329.302662749503,0.0,0.10426252093197734,0.02687861378902246,0.23854793245545622
