target_id,prot_ps,prot_acf,prot_cs,e_prot_ps,E_prot_ps,e_prot_acf,E_prot_acf,e_prot_cs,E_prot_cs,sph_ps,sph_acf,sph_cs,h_ps,fa_prob_ps,hacf,gacf,hcs
11773625,72.86899914911615,75.1961537450552,40.945462159239966,9.183020037349095,12.277452282439299,-1.0,-1.0,7.0774188243113185,7.0774188243113185,252.44425867464636,252.16196682203022,250.05814331420348,8078.530977927711,0.0,0.17652049004128512,0.153325305382404,0.1930288229856153
