target_id,prot_ps,prot_acf,prot_cs,e_prot_ps,E_prot_ps,e_prot_acf,E_prot_acf,e_prot_cs,E_prot_cs,sph_ps,sph_acf,sph_cs,h_ps,fa_prob_ps,hacf,gacf,hcs
11719895,72.21213302635144,65.6537704244256,31.794876695884177,16.016530920701783,28.785828725171626,-1.0,-1.0,0.5218732540126235,0.5218732540126235,677.9670286573435,682.5421682292505,677.1283553635161,4418.749715728341,0.0,0.07350319683815806,0.05257997902305201,0.6098836714034799
