target_id,prot_ps,prot_acf,prot_cs,e_prot_ps,E_prot_ps,e_prot_acf,E_prot_acf,e_prot_cs,E_prot_cs,sph_ps,sph_acf,sph_cs,h_ps,fa_prob_ps,hacf,gacf,hcs
11766331,63.90064877104361,55.29364434443414,32.93343402173371,10.11092036418011,14.791941444741234,-1.0,-1.0,17.372820835965875,17.372820835965875,908.4627728233054,913.868221024754,901.885189052594,6802.6068496415,0.0,0.14984323084422052,0.07578000954597613,0.11084201090030829
