target_id,prot_ps,prot_acf,prot_cs,e_prot_ps,E_prot_ps,e_prot_acf,E_prot_acf,e_prot_cs,E_prot_cs,sph_ps,sph_acf,sph_cs,h_ps,fa_prob_ps,hacf,gacf,hcs
11717407,77.67101382234338,56.92835485935211,53.834314565702265,13.912691286251587,21.67918852876214,-1.0,-1.0,2.134886577009516,2.134886577009516,937.5001574891573,940.7509056754441,915.8307112624096,8073.887177136496,0.0,0.1974162704385651,0.059725288364945596,0.10214547587453417
