target_id,prot_ps,prot_acf,prot_cs,e_prot_ps,E_prot_ps,e_prot_acf,E_prot_acf,e_prot_cs,E_prot_cs,sph_ps,sph_acf,sph_cs,h_ps,fa_prob_ps,hacf,gacf,hcs
11759221,26.35256975216234,27.626341234892607,27.601266318390586,3.3108961258212375,4.422056915677526,-1.0,-1.0,2.079728454878011,2.079728454878011,1746.1098889323284,1719.130491891603,1718.7968791235855,11029.816929575014,0.0,0.45196683666630316,0.2289995712538303,0.24066177638629918
