target_id,prot_ps,prot_acf,prot_cs,e_prot_ps,E_prot_ps,e_prot_acf,E_prot_acf,e_prot_cs,E_prot_cs,sph_ps,sph_acf,sph_cs,h_ps,fa_prob_ps,hacf,gacf,hcs
11764306,25.377565873492916,25.41950332559645,25.586272317731943,2.5778150529873862,3.2350350663238174,-1.0,-1.0,0.6199560669082137,0.6199560669082137,4867.324212198718,4864.649455177378,4858.952640943239,612134.0669149294,0.0,1.110924100843698,0.6598769149907776,0.9899841859715253
