target_id,prot_ps,prot_acf,prot_cs,e_prot_ps,E_prot_ps,e_prot_acf,E_prot_acf,e_prot_cs,E_prot_cs,sph_ps,sph_acf,sph_cs,h_ps,fa_prob_ps,hacf,gacf,hcs
11719736,72.32629393127264,15.16181589756161,16.010176463827566,12.442024031886795,18.96802039565084,-1.0,-1.0,0.4945864882498902,0.4945864882498902,620.2095553370661,599.7275353900184,598.7701271472146,12983.225253675102,0.0,0.1706334148775891,0.1141949989285505,0.45620514835302706
