target_id,prot_ps,prot_acf,prot_cs,e_prot_ps,E_prot_ps,e_prot_acf,E_prot_acf,e_prot_cs,E_prot_cs,sph_ps,sph_acf,sph_cs,h_ps,fa_prob_ps,hacf,gacf,hcs
11702531,90.40724256440879,86.00505793467164,45.682023665229245,10.600606188881642,13.848093474850572,-1.0,-1.0,10.914102363091061,10.914102363091061,470.30021395215425,472.3808843991607,462.9013897358432,8203.762521065368,0.0,0.16382118975866344,0.11085980928758907,0.19189555364927133
