target_id,prot_ps,prot_acf,prot_cs,e_prot_ps,E_prot_ps,e_prot_acf,E_prot_acf,e_prot_cs,E_prot_cs,sph_ps,sph_acf,sph_cs,h_ps,fa_prob_ps,hacf,gacf,hcs
11768389,90.4075846684001,88.3961245212704,46.107964489715485,44.97889784497518,9040.758466840198,-1.0,-1.0,1.6935996172936092,1.6935996172936092,845.8050525158304,848.4513158294585,839.41707537988,2971.3484890261443,0.0,0.13790938479550363,0.12384463618116172,0.30541421337703895
