target_id,prot_ps,prot_acf,prot_cs,e_prot_ps,E_prot_ps,e_prot_acf,E_prot_acf,e_prot_cs,E_prot_cs,sph_ps,sph_acf,sph_cs,h_ps,fa_prob_ps,hacf,gacf,hcs
11775950,16.25304030303831,15.468292351812124,16.119626178480736,3.061942576501936,4.91313198034149,-1.0,-1.0,0.6468808333171998,0.6468808333171998,2826.26164770701,2791.6559682986276,2824.6599782955414,49171.6812230635,0.0,0.6939884336209864,0.3864956686672827,0.8966863058231906
