target_id,prot_ps,prot_acf,prot_cs,e_prot_ps,E_prot_ps,e_prot_acf,E_prot_acf,e_prot_cs,E_prot_cs,sph_ps,sph_acf,sph_cs,h_ps,fa_prob_ps,hacf,gacf,hcs
11761036,72.32605916693643,65.10171535704285,28.655666511036152,14.132695087898298,23.19897006831988,-1.0,-1.0,0.3739797236548544,0.3739797236548544,500.46292891734595,499.9291166713544,496.047526947408,9061.834293178119,0.0,0.1584572237454031,0.08159702660405774,0.23497297078975438
