target_id,prot_ps,prot_acf,prot_cs,e_prot_ps,E_prot_ps,e_prot_acf,E_prot_acf,e_prot_cs,E_prot_cs,sph_ps,sph_acf,sph_cs,h_ps,fa_prob_ps,hacf,gacf,hcs
11766556,89.96645528725763,41.62273679673672,53.472241605669254,4.284116918440844,4.735076594066186,-1.0,-1.0,5.4751162187104,5.4751162187104,1343.249125305464,1343.249125305464,1343.249125305464,3748.0897059119775,0.0,0.10029988750801912,0.012431986144794165,0.49673100485794724
