target_id,prot_ps,prot_acf,prot_cs,e_prot_ps,E_prot_ps,e_prot_acf,E_prot_acf,e_prot_cs,E_prot_cs,sph_ps,sph_acf,sph_cs,h_ps,fa_prob_ps,hacf,gacf,hcs
11809639,72.32596368542742,59.5641084224917,42.16341963712591,10.361815174716924,14.523146912020493,-1.0,-1.0,6.608554770681978,6.608554770681978,670.007941049095,666.0573377983222,668.870706714549,11537.875369317002,0.0,0.13954824845818964,0.06541836371156937,0.21834777395493307
