target_id,prot_ps,prot_acf,prot_cs,e_prot_ps,E_prot_ps,e_prot_acf,E_prot_acf,e_prot_cs,E_prot_cs,sph_ps,sph_acf,sph_cs,h_ps,fa_prob_ps,hacf,gacf,hcs
11823879,72.32623405797627,80.79483945574611,28.64897079023739,10.70162102920289,15.199577184396745,-1.0,-1.0,0.38407152836374686,0.38407152836374686,736.7848423945027,745.7348216138018,731.711612991944,5061.875892059021,0.0,0.1891315708459077,0.14311952238329217,0.2042672521722869
