target_id,prot_ps,prot_acf,prot_cs,e_prot_ps,E_prot_ps,e_prot_acf,E_prot_acf,e_prot_cs,E_prot_cs,sph_ps,sph_acf,sph_cs,h_ps,fa_prob_ps,hacf,gacf,hcs
11858760,36.538815389341174,37.00537199014798,36.1700436594151,3.872975946412822,4.914896815680137,-1.0,-1.0,2.039805903428777,2.039805903428777,564.6743418920818,560.3870832110599,565.3300189593052,53956.306412158665,0.0,0.5722251665361944,0.2335263527677714,0.9817942142137404
