target_id,prot_ps,prot_acf,prot_cs,e_prot_ps,E_prot_ps,e_prot_acf,E_prot_acf,e_prot_cs,E_prot_cs,sph_ps,sph_acf,sph_cs,h_ps,fa_prob_ps,hacf,gacf,hcs
11853243,18.91970290983778,19.309739735908806,18.924975292282177,2.451941499097682,3.3098316764683915,-1.0,-1.0,2.1047751683499527,2.1047751683499527,1645.8348511955414,1596.9158815968121,1645.6660165594199,145910.55979755757,0.0,0.6798561337909459,0.37517164338067,0.9433562822158645
