target_id,prot_ps,prot_acf,prot_cs,e_prot_ps,E_prot_ps,e_prot_acf,E_prot_acf,e_prot_cs,E_prot_cs,sph_ps,sph_acf,sph_cs,h_ps,fa_prob_ps,hacf,gacf,hcs
11871782,72.32607657653391,72.82566594332457,41.3690241261426,15.50563501011375,27.144305845432726,-1.0,-1.0,10.116278130167938,10.116278130167938,855.2763545103896,854.9708562485558,851.6791711332953,8176.002418058946,0.0,0.18014960030502125,0.12559488907347746,0.32146814429740045
