target_id,prot_ps,prot_acf,prot_cs,e_prot_ps,E_prot_ps,e_prot_acf,E_prot_acf,e_prot_cs,E_prot_cs,sph_ps,sph_acf,sph_cs,h_ps,fa_prob_ps,hacf,gacf,hcs
11869707,21.007536074822923,83.75766449654475,50.559137627247296,2.7598072837904297,3.743352589091881,-1.0,-1.0,1.6473402582277434,1.6473402582277434,615.6092938766581,626.7678203111218,621.7283442096303,1803.1114797675152,0.0,0.043348482955966536,0.04866034541190618,0.9651665055949141
