target_id,prot_ps,prot_acf,prot_cs,e_prot_ps,E_prot_ps,e_prot_acf,E_prot_acf,e_prot_cs,E_prot_cs,sph_ps,sph_acf,sph_cs,h_ps,fa_prob_ps,hacf,gacf,hcs
11809071,72.32597510650076,63.283045425545424,28.443366646571082,14.642919284240286,24.60641393883408,-1.0,-1.0,1.3684847227232906,1.3684847227232906,377.08792337939906,374.87352145911257,368.60205872521294,11125.890065906837,0.0,0.20229332185325055,0.09953727640147017,0.19022759188336222
