target_id,prot_ps,prot_acf,prot_cs,e_prot_ps,E_prot_ps,e_prot_acf,E_prot_acf,e_prot_cs,E_prot_cs,sph_ps,sph_acf,sph_cs,h_ps,fa_prob_ps,hacf,gacf,hcs
11870278,90.40666597132724,53.69993416965008,34.772754597656316,44.97844078175485,9040.666597132802,-1.0,-1.0,0.7071121655543487,0.7071121655543487,592.7295990817372,585.7938368923793,587.710236881725,2958.9615676307963,0.0,0.08843574699940222,0.003894493642393728,0.19719815429152235
