target_id,prot_ps,prot_acf,prot_cs,e_prot_ps,E_prot_ps,e_prot_acf,E_prot_acf,e_prot_cs,E_prot_cs,sph_ps,sph_acf,sph_cs,h_ps,fa_prob_ps,hacf,gacf,hcs
11876496,72.21312619531896,84.12553788069636,45.82004417163141,8.9794760707004,11.951818453948192,-1.0,-1.0,1.3503988271531175,1.3503988271531175,1147.248370197004,1129.9104132080417,1149.4836512437257,8065.189597120488,0.0,0.2045761741601966,0.17624727559655273,0.27683280508044983
