target_id,prot_ps,prot_acf,prot_cs,e_prot_ps,E_prot_ps,e_prot_acf,E_prot_acf,e_prot_cs,E_prot_cs,sph_ps,sph_acf,sph_cs,h_ps,fa_prob_ps,hacf,gacf,hcs
11870504,46.6614240953783,51.595167024061084,24.51802336983383,8.327337123505053,12.949266783926227,-1.0,-1.0,1.1983921561244264,1.1983921561244264,445.75307140142667,461.2412934914469,452.5361779704786,1986.6254444702254,0.0,0.061713180582975015,0.0048105435464316434,0.4659555757190518
