target_id,prot_ps,prot_acf,prot_cs,e_prot_ps,E_prot_ps,e_prot_acf,E_prot_acf,e_prot_cs,E_prot_cs,sph_ps,sph_acf,sph_cs,h_ps,fa_prob_ps,hacf,gacf,hcs
11807708,12.94511475955647,13.159285521134734,12.814663754755331,1.4804169775571179,1.9194339624288261,-1.0,-1.0,0.07638494985082087,0.07638494985082087,2308.2999035422386,2246.3404464877117,2295.5049675933187,321620.52002502355,0.0,0.799767577505013,0.3882651049865029,0.953770425581099
