target_id,prot_ps,prot_acf,prot_cs,e_prot_ps,E_prot_ps,e_prot_acf,E_prot_acf,e_prot_cs,E_prot_cs,sph_ps,sph_acf,sph_cs,h_ps,fa_prob_ps,hacf,gacf,hcs
11804320,62.89196979821489,58.95093886181712,42.562373522222046,8.329605782123686,11.33104178273905,-1.0,-1.0,5.23752542531039,5.23752542531039,835.6892329609415,844.8949364303244,837.9896332409755,1650.0491314478468,0.0,0.020898525493287474,0.0009133061169714136,0.3097473722654852
