target_id,prot_ps,prot_acf,prot_cs,e_prot_ps,E_prot_ps,e_prot_acf,E_prot_acf,e_prot_cs,E_prot_cs,sph_ps,sph_acf,sph_cs,h_ps,fa_prob_ps,hacf,gacf,hcs
11913349,72.74124051724134,54.16908243438229,42.84527175785043,3.4638685960591005,3.828486343012699,-1.0,-1.0,4.125979811254973,4.125979811254973,959.8407076912194,959.8407076912194,961.6745396076255,3822.4755053593444,0.0,0.20444488752218765,0.09128589101292403,0.22315360887720365
