target_id,prot_ps,prot_acf,prot_cs,e_prot_ps,E_prot_ps,e_prot_acf,E_prot_acf,e_prot_cs,E_prot_cs,sph_ps,sph_acf,sph_cs,h_ps,fa_prob_ps,hacf,gacf,hcs
11954852,90.40870267533315,85.1673440374434,36.58905654333996,11.747147049445815,15.871683654851537,-1.0,-1.0,0.7306613323241519,0.7306613323241519,297.1046577786321,281.0000349202825,288.71745643781236,18459.096534986977,0.0,0.15046524010517015,0.046495642866777986,0.21941815050072916
