target_id,prot_ps,prot_acf,prot_cs,e_prot_ps,E_prot_ps,e_prot_acf,E_prot_acf,e_prot_cs,E_prot_cs,sph_ps,sph_acf,sph_cs,h_ps,fa_prob_ps,hacf,gacf,hcs
11905729,90.40735326180534,28.19841499440372,47.072217679152615,9.889952021793704,12.659729270613042,-1.0,-1.0,1.02055068215989,1.02055068215989,571.7853756794134,536.1026683899155,557.5473264944122,8818.233877260902,0.0,0.34527729564390525,0.10338531836298367,0.402735232350346
