target_id,prot_ps,prot_acf,prot_cs,e_prot_ps,E_prot_ps,e_prot_acf,E_prot_acf,e_prot_cs,E_prot_cs,sph_ps,sph_acf,sph_cs,h_ps,fa_prob_ps,hacf,gacf,hcs
11963521,14.189839296896759,14.896150116808712,14.055611587830246,1.5907426317973865,2.050477504597195,-1.0,-1.0,0.1939829112292184,0.1939829112292184,2270.4155564283783,2267.7633155168146,2287.8487578553986,47105.124588964565,0.0,0.8442447724106944,0.4020499764184657,0.8772190503670357
