target_id,prot_ps,prot_acf,prot_cs,e_prot_ps,E_prot_ps,e_prot_acf,E_prot_acf,e_prot_cs,E_prot_cs,sph_ps,sph_acf,sph_cs,h_ps,fa_prob_ps,hacf,gacf,hcs
12056058,90.40746709890527,65.7350831432268,28.490960083723607,14.792464195253942,21.987724426562195,-1.0,-1.0,0.9192704340144806,0.9192704340144806,661.8049404762847,670.6752302232583,661.6677454268545,7742.835762967873,0.0,0.1459978941500129,0.07807857983168127,0.33258185719264594
