target_id,prot_ps,prot_acf,prot_cs,e_prot_ps,E_prot_ps,e_prot_acf,E_prot_acf,e_prot_cs,E_prot_cs,sph_ps,sph_acf,sph_cs,h_ps,fa_prob_ps,hacf,gacf,hcs
12013059,26.024656905424507,26.012162568978965,26.540579319987444,4.579789714260588,7.0671158300844255,-1.0,-1.0,2.2363952432353846,2.2363952432353846,217.0856647270896,217.1192768540044,215.4346630060593,27316.123354964016,0.0,0.418865100497926,0.18250425957413943,0.9815778307306746
