target_id,prot_ps,prot_acf,prot_cs,e_prot_ps,E_prot_ps,e_prot_acf,E_prot_acf,e_prot_cs,E_prot_cs,sph_ps,sph_acf,sph_cs,h_ps,fa_prob_ps,hacf,gacf,hcs
12024088,72.62448035497907,68.55496879667044,41.2390059211502,9.675763467900097,13.190507542631465,-1.0,-1.0,1.0008272681655404,1.0008272681655404,2458.0282038025025,2475.261422826749,2487.0350412550733,263789.2092557987,0.0,0.6592053235106856,0.261458697939025,0.935258811585565
