target_id,prot_ps,prot_acf,prot_cs,e_prot_ps,E_prot_ps,e_prot_acf,E_prot_acf,e_prot_cs,E_prot_cs,sph_ps,sph_acf,sph_cs,h_ps,fa_prob_ps,hacf,gacf,hcs
12071107,72.3261171780404,73.03004277125001,45.19239630538971,19.686403310037655,43.207832187646204,-1.0,-1.0,3.8811370052800416,3.8811370052800416,391.10231256952085,391.5993511836193,383.71377373105787,10384.665012629088,0.0,0.2364265614787636,0.09962396663600544,0.12414962984849806
