target_id,prot_ps,prot_acf,prot_cs,e_prot_ps,E_prot_ps,e_prot_acf,E_prot_acf,e_prot_cs,E_prot_cs,sph_ps,sph_acf,sph_cs,h_ps,fa_prob_ps,hacf,gacf,hcs
12024466,72.32608077755403,69.45411208318546,37.08040411120747,15.476976979983668,27.056600019189887,-1.0,-1.0,5.738122450850857,5.738122450850857,391.50729976514924,393.78978778989193,387.61717236342275,9491.71862396894,0.0,0.29132628559927953,0.21795212884172174,0.1522740187063706
