target_id,prot_ps,prot_acf,prot_cs,e_prot_ps,E_prot_ps,e_prot_acf,E_prot_acf,e_prot_cs,E_prot_cs,sph_ps,sph_acf,sph_cs,h_ps,fa_prob_ps,hacf,gacf,hcs
12022345,72.21313498398823,75.29832414817065,45.45546296264045,9.975769423212292,13.784148154055131,-1.0,-1.0,7.296199573529208,7.296199573529208,926.270489122419,989.4286240336023,933.0543590066139,20051.5433250303,0.0,0.3324859111104016,0.28236723738445024,0.10161069827396493
