target_id,prot_ps,prot_acf,prot_cs,e_prot_ps,E_prot_ps,e_prot_acf,E_prot_acf,e_prot_cs,E_prot_cs,sph_ps,sph_acf,sph_cs,h_ps,fa_prob_ps,hacf,gacf,hcs
12023060,109.11241553240453,67.79853358492255,52.89940737532452,5.195829311066888,5.742758712231833,-1.0,-1.0,8.723797926017737,8.723797926017737,597.1330241697569,597.1330241697569,597.1330241697569,548.1453679660293,8.779937239911412e-239,0.005191056334575998,0.0076948756009325965,0.9945416930622618
