target_id,prot_ps,prot_acf,prot_cs,e_prot_ps,E_prot_ps,e_prot_acf,E_prot_acf,e_prot_cs,E_prot_cs,sph_ps,sph_acf,sph_cs,h_ps,fa_prob_ps,hacf,gacf,hcs
12011271,90.40751869565861,63.91652239114046,28.72866428479523,18.759332151986342,32.066957996265145,-1.0,-1.0,4.1518511578878305,4.1518511578878305,692.061282196677,681.4641045862919,669.3533876658363,10880.17624925208,0.0,0.1965708385262466,0.0763571927208502,0.2332884319022906
