target_id,prot_ps,prot_acf,prot_cs,e_prot_ps,E_prot_ps,e_prot_acf,E_prot_acf,e_prot_cs,E_prot_cs,sph_ps,sph_acf,sph_cs,h_ps,fa_prob_ps,hacf,gacf,hcs
12073130,72.32614106907955,67.26776397973299,45.64193585499594,10.390558079560549,14.579660612474953,-1.0,-1.0,1.0867786215776614,1.0867786215776614,448.692394335015,450.5986550764123,450.02789589063474,4297.132666802831,0.0,0.14100167638219502,0.07606047430744343,0.2448081564866183
