target_id,prot_ps,prot_acf,prot_cs,e_prot_ps,E_prot_ps,e_prot_acf,E_prot_acf,e_prot_cs,E_prot_cs,sph_ps,sph_acf,sph_cs,h_ps,fa_prob_ps,hacf,gacf,hcs
12052491,90.4072425917629,100.34945106133819,53.789257606030105,13.924761083813507,20.12380318210829,-1.0,-1.0,2.3347191165585324,2.3347191165585324,621.9235016403504,611.2935345844846,577.3019797972019,10028.413568586946,0.0,0.07100101967401866,0.11451478732516072,0.15951347900972287
