target_id,prot_ps,prot_acf,prot_cs,e_prot_ps,E_prot_ps,e_prot_acf,E_prot_acf,e_prot_cs,E_prot_cs,sph_ps,sph_acf,sph_cs,h_ps,fa_prob_ps,hacf,gacf,hcs
12153260,72.86993411532377,9.358641719445586,12.492220437131012,12.274804072837782,18.511136796304825,-1.0,-1.0,0.3049317477929176,0.3049317477929176,366.3063669075291,347.1292193988472,349.4187142529404,91706.26375745398,0.0,0.2051795145483711,0.1632697337911628,1.510786461859087
