target_id,prot_ps,prot_acf,prot_cs,e_prot_ps,E_prot_ps,e_prot_acf,E_prot_acf,e_prot_cs,E_prot_cs,sph_ps,sph_acf,sph_cs,h_ps,fa_prob_ps,hacf,gacf,hcs
12115283,72.32607939694546,65.4491073647514,28.93451295992359,13.088011484108897,20.511449627579395,-1.0,-1.0,5.874115433848988,5.874115433848988,666.5214762759306,649.5820224236103,646.5494866639664,6426.163072610197,0.0,0.23558128570253042,0.1581358725522208,0.11682441943250577
