target_id,prot_ps,prot_acf,prot_cs,e_prot_ps,E_prot_ps,e_prot_acf,E_prot_acf,e_prot_cs,E_prot_cs,sph_ps,sph_acf,sph_cs,h_ps,fa_prob_ps,hacf,gacf,hcs
12153551,26.300366651847813,25.582953561097383,26.298131975345317,3.5333068241288714,4.831468146165747,-1.0,-1.0,2.257740665381005,2.257740665381005,1446.1186749087265,1407.7493004140445,1446.1186749087265,117120.80867182686,0.0,0.6198934153736394,0.3185373183672398,0.9349086971691472
