target_id,prot_ps,prot_acf,prot_cs,e_prot_ps,E_prot_ps,e_prot_acf,E_prot_acf,e_prot_cs,E_prot_cs,sph_ps,sph_acf,sph_cs,h_ps,fa_prob_ps,hacf,gacf,hcs
12167160,90.40751866888431,55.62045202963054,28.3615264541097,44.978865009395165,9040.751866888228,-1.0,-1.0,3.007931037651013,3.007931037651013,579.0756446499977,580.6031695201443,575.0985831768277,4514.105248230892,0.0,0.17454509176907437,0.09668595101536927,0.3844395506732099
