target_id,prot_ps,prot_acf,prot_cs,e_prot_ps,E_prot_ps,e_prot_acf,E_prot_acf,e_prot_cs,E_prot_cs,sph_ps,sph_acf,sph_cs,h_ps,fa_prob_ps,hacf,gacf,hcs
12152443,46.46371998150418,49.224753440357745,46.49746915572322,5.886821279310432,7.884779620659174,-1.0,-1.0,1.6788157001673965,1.6788157001673965,240.95217966191112,237.15143951975287,240.8890837013798,16370.35749331467,0.0,0.30647264111082406,0.18909356820630752,0.09189793730209918
