target_id,prot_ps,prot_acf,prot_cs,e_prot_ps,E_prot_ps,e_prot_acf,E_prot_acf,e_prot_cs,E_prot_cs,sph_ps,sph_acf,sph_cs,h_ps,fa_prob_ps,hacf,gacf,hcs
12156880,60.271774606677084,65.49001951701939,58.54454277392718,7.335049688643728,9.694741680844814,-1.0,-1.0,0.9883569927858259,0.9883569927858259,201.37374075609432,200.42119514862992,203.25997776070372,22216.938215433383,0.0,0.342296153374115,0.24693111886265837,0.07636570806108317
