target_id,prot_ps,prot_acf,prot_cs,e_prot_ps,E_prot_ps,e_prot_acf,E_prot_acf,e_prot_cs,E_prot_cs,sph_ps,sph_acf,sph_cs,h_ps,fa_prob_ps,hacf,gacf,hcs
12153141,90.40743778565435,67.98276246758178,34.32097605152424,13.568534354770193,19.38816611051675,-1.0,-1.0,7.594308808785538,7.594308808785538,1367.929560193774,1358.9969945851872,1347.888185012012,11739.132972476713,0.0,0.1969468678355167,0.09401537149352268,0.6460311591158342
