target_id,prot_ps,prot_acf,prot_cs,e_prot_ps,E_prot_ps,e_prot_acf,E_prot_acf,e_prot_cs,E_prot_cs,sph_ps,sph_acf,sph_cs,h_ps,fa_prob_ps,hacf,gacf,hcs
12165246,72.32610433434871,53.72018797369674,28.934522850709033,11.09753009522234,16.010859802093876,-1.0,-1.0,3.1195738486069486,3.1195738486069486,550.8179641800804,545.3174410632545,546.4533753518656,6168.073707461058,0.0,0.13051991231878612,0.04014559334912015,0.19056433580388468
