target_id,prot_ps,prot_acf,prot_cs,e_prot_ps,E_prot_ps,e_prot_acf,E_prot_acf,e_prot_cs,E_prot_cs,sph_ps,sph_acf,sph_cs,h_ps,fa_prob_ps,hacf,gacf,hcs
12154888,72.32621625221482,76.46287992782891,45.73663706465527,17.75297432105232,34.87224681419427,-1.0,-1.0,1.147429947274372,1.147429947274372,874.9457209356012,880.0474763436073,879.9816263292702,12880.405295838778,0.0,0.2484754748971641,0.13175574391146347,0.9510619060665367
