target_id,prot_ps,prot_acf,prot_cs,e_prot_ps,E_prot_ps,e_prot_acf,E_prot_acf,e_prot_cs,E_prot_cs,sph_ps,sph_acf,sph_cs,h_ps,fa_prob_ps,hacf,gacf,hcs
12207328,22.381608578624114,22.722211942076683,31.530207724274273,2.568965723830665,3.3344155568441387,-1.0,-1.0,0.9491713006776645,0.9491713006776645,3691.905317317736,3652.141383756234,3843.9462185468406,124097.8564568548,0.0,0.39108835383669,0.051006916113415145,1.5826463030994407
