target_id,prot_ps,prot_acf,prot_cs,e_prot_ps,E_prot_ps,e_prot_acf,E_prot_acf,e_prot_cs,E_prot_cs,sph_ps,sph_acf,sph_cs,h_ps,fa_prob_ps,hacf,gacf,hcs
12204948,39.09509555783809,33.28641035500914,32.793755134837696,19.450296297431887,3909.5095557837894,-1.0,-1.0,1.5334174537068312,1.5334174537068312,1373.6291728053097,1368.4043705074796,1366.3379149174407,13272.479529596832,0.0,0.21416554942362204,0.07859960919713115,1.5185837853520423
