target_id,prot_ps,prot_acf,prot_cs,e_prot_ps,E_prot_ps,e_prot_acf,E_prot_acf,e_prot_cs,E_prot_cs,sph_ps,sph_acf,sph_cs,h_ps,fa_prob_ps,hacf,gacf,hcs
12217805,72.74167310313918,64.73353877663612,31.555352461291474,3.46388919538758,3.8285091106915274,-1.0,-1.0,2.9634188352127797,2.9634188352127797,740.0970557678297,740.0970557678297,712.9631324751141,2043.307322258571,0.0,0.15294686300433005,0.11014617899768478,0.3021157847061811
