target_id,prot_ps,prot_acf,prot_cs,e_prot_ps,E_prot_ps,e_prot_acf,E_prot_acf,e_prot_cs,E_prot_cs,sph_ps,sph_acf,sph_cs,h_ps,fa_prob_ps,hacf,gacf,hcs
12254187,74.13613217701996,57.8680621907115,46.35288995661772,36.88364784926366,7413.613217702077,-1.0,-1.0,1.6981293146476828,1.6981293146476828,465.11108472940117,464.46555871742237,462.85558123281413,4796.275446359125,0.0,0.1364565146670306,0.033870069375285236,0.20757637602954404
