target_id,prot_ps,prot_acf,prot_cs,e_prot_ps,E_prot_ps,e_prot_acf,E_prot_acf,e_prot_cs,E_prot_cs,sph_ps,sph_acf,sph_cs,h_ps,fa_prob_ps,hacf,gacf,hcs
12268307,72.74174242755448,75.951537378598,56.76319982391783,3.4638924965502156,3.8285127593449886,-1.0,-1.0,16.985332169308997,16.985332169308997,962.2574239544871,962.2574239544871,962.2574239544871,2469.4562383224547,0.0,0.2057527429550509,0.1300759564525471,0.14369244591394925
