target_id,prot_ps,prot_acf,prot_cs,e_prot_ps,E_prot_ps,e_prot_acf,E_prot_acf,e_prot_cs,E_prot_cs,sph_ps,sph_acf,sph_cs,h_ps,fa_prob_ps,hacf,gacf,hcs
12267213,92.23401178736816,17.675140583887696,54.515721046051524,7.312883075807719,8.691042276350174,-1.0,-1.0,1.8492985527181915,1.8492985527181915,1146.442179990021,1126.5038848019803,1133.2956182466658,8571.660600469793,0.0,0.07265645822338217,0.035725893801046654,2.836051569871601
