target_id,prot_ps,prot_acf,prot_cs,e_prot_ps,E_prot_ps,e_prot_acf,E_prot_acf,e_prot_cs,E_prot_cs,sph_ps,sph_acf,sph_cs,h_ps,fa_prob_ps,hacf,gacf,hcs
12206644,46.11707428834005,13.83362763049081,18.45042205707179,7.28157444460787,10.642254659300761,-1.0,-1.0,1.9719687679301028,1.9719687679301028,311.61774154978417,302.53154604461406,305.7000461982094,33647.391098740954,0.0,0.13116533314963708,0.011393743236232665,0.6136143281409674
