target_id,prot_ps,prot_acf,prot_cs,e_prot_ps,E_prot_ps,e_prot_acf,E_prot_acf,e_prot_cs,E_prot_cs,sph_ps,sph_acf,sph_cs,h_ps,fa_prob_ps,hacf,gacf,hcs
12206157,72.32593527514263,55.74299434944987,54.54619553015101,12.493337729007841,19.08758902123364,-1.0,-1.0,7.325289631556508,7.325289631556508,449.03845542851656,450.6498748761466,452.31292251004004,9685.971875447136,0.0,0.23244252651141362,0.11402622187900985,0.10026198783753502
