target_id,prot_ps,prot_acf,prot_cs,e_prot_ps,E_prot_ps,e_prot_acf,E_prot_acf,e_prot_cs,E_prot_cs,sph_ps,sph_acf,sph_cs,h_ps,fa_prob_ps,hacf,gacf,hcs
12268502,89.96626055448849,81.7332360893488,-1.0,4.28410764545184,4.735066344973077,-1.0,-1.0,-1.0,-1.0,1165.2956523016653,1165.2956523016653,-1.0,2149.557633937867,0.0,0.0633311554735086,0.06910240907311845,0.1378972511039998
