target_id,prot_ps,prot_acf,prot_cs,e_prot_ps,E_prot_ps,e_prot_acf,E_prot_acf,e_prot_cs,E_prot_cs,sph_ps,sph_acf,sph_cs,h_ps,fa_prob_ps,hacf,gacf,hcs
12268654,73.78737011152282,75.72728250455111,-1.0,11.223620444718335,16.13087945617049,-1.0,-1.0,-1.0,-1.0,442.3857573920605,442.9071887132369,-1.0,52620.293977269605,0.0,0.4123472880263066,0.3223137376186099,0.9731708247530036
