target_id,prot_ps,prot_acf,prot_cs,e_prot_ps,E_prot_ps,e_prot_acf,E_prot_acf,e_prot_cs,E_prot_cs,sph_ps,sph_acf,sph_cs,h_ps,fa_prob_ps,hacf,gacf,hcs
12265176,72.32614599371229,74.58303624298424,41.64956639606545,10.005104922575512,13.831935975640661,-1.0,-1.0,0.9015643038861838,0.9015643038861838,451.1221169178266,449.7449271596205,449.3663395861325,13238.654336104284,0.0,0.18499743536043253,0.1371556561167869,0.2718707422560468
