target_id,prot_ps,prot_acf,prot_cs,e_prot_ps,E_prot_ps,e_prot_acf,E_prot_acf,e_prot_cs,E_prot_cs,sph_ps,sph_acf,sph_cs,h_ps,fa_prob_ps,hacf,gacf,hcs
12251267,90.40746534434561,17.899885458871722,53.06377020522052,12.652485227659298,17.5704344616792,-1.0,-1.0,2.579650470605339,2.579650470605339,896.0719606996399,860.0269716888376,854.1500814293854,11129.296266990039,0.0,0.20432998390612006,0.03851742940714293,1.786907168355685
