target_id,prot_ps,prot_acf,prot_cs,e_prot_ps,E_prot_ps,e_prot_acf,E_prot_acf,e_prot_cs,E_prot_cs,sph_ps,sph_acf,sph_cs,h_ps,fa_prob_ps,hacf,gacf,hcs
12265967,73.78728639476489,69.61753083439544,39.87263876365497,11.377838588953516,16.45136901227066,-1.0,-1.0,6.621705083669691,6.621705083669691,1293.7040137139902,1338.8486486894276,1319.305458763416,62881.58743366413,0.0,0.4684175007138808,0.24723899306107142,2.09124348597276
