target_id,prot_ps,prot_acf,prot_cs,e_prot_ps,E_prot_ps,e_prot_acf,E_prot_acf,e_prot_cs,E_prot_cs,sph_ps,sph_acf,sph_cs,h_ps,fa_prob_ps,hacf,gacf,hcs
12301013,90.40746183582415,56.11082560475916,53.680298937317,10.53631601555422,13.738572529121768,-1.0,-1.0,2.5672739516363436,2.5672739516363436,790.5944520999465,791.5080729395378,790.4905409921985,5563.39592792145,0.0,0.215672066649903,0.11797742567312083,0.22149877358323228
