target_id,prot_ps,prot_acf,prot_cs,e_prot_ps,E_prot_ps,e_prot_acf,E_prot_acf,e_prot_cs,E_prot_cs,sph_ps,sph_acf,sph_cs,h_ps,fa_prob_ps,hacf,gacf,hcs
12351858,73.78710445107421,78.73089069034904,42.06184976189516,8.089419657713307,10.361271109740656,-1.0,-1.0,4.813734346361944,4.813734346361944,523.1785062286369,516.8788667710226,518.6691326765484,20215.515283212222,0.0,0.3151616493693048,0.27286035192355124,0.1321064777676125
