target_id,prot_ps,prot_acf,prot_cs,e_prot_ps,E_prot_ps,e_prot_acf,E_prot_acf,e_prot_cs,E_prot_cs,sph_ps,sph_acf,sph_cs,h_ps,fa_prob_ps,hacf,gacf,hcs
12316598,72.32612049825654,66.00085307843983,57.85598000194878,35.9831445264958,7232.612049825651,-1.0,-1.0,10.12079355546047,10.12079355546047,626.6519387350754,621.1707101038562,623.4707061097403,7705.37740124258,0.0,0.2597189725852029,0.16371861450509168,0.15059569832827718
