target_id,prot_ps,prot_acf,prot_cs,e_prot_ps,E_prot_ps,e_prot_acf,E_prot_acf,e_prot_cs,E_prot_cs,sph_ps,sph_acf,sph_cs,h_ps,fa_prob_ps,hacf,gacf,hcs
12317064,72.21296116651492,69.29063308937475,45.45535005199258,7.059595186642653,8.77536896130961,-1.0,-1.0,10.600265172262725,10.600265172262725,994.8196930982776,1017.3296286231326,1002.5169930923712,12170.510023130957,0.0,0.23746775543540213,0.17245827432790317,0.05315140660321963
