target_id,prot_ps,prot_acf,prot_cs,e_prot_ps,E_prot_ps,e_prot_acf,E_prot_acf,e_prot_cs,E_prot_cs,sph_ps,sph_acf,sph_cs,h_ps,fa_prob_ps,hacf,gacf,hcs
12301792,14.760411216896042,14.610074651427567,14.747184582771736,1.4868592272359606,1.8619857205071817,-1.0,-1.0,0.4059075881153774,0.4059075881153774,6250.669292151149,6290.30864065293,6258.6731588509865,484548.658132641,0.0,1.1512755486311497,0.5929376771655971,0.9765693478130635
