target_id,prot_ps,prot_acf,prot_cs,e_prot_ps,E_prot_ps,e_prot_acf,E_prot_acf,e_prot_cs,E_prot_cs,sph_ps,sph_acf,sph_cs,h_ps,fa_prob_ps,hacf,gacf,hcs
12302918,9.268880749646122,9.31775326654315,9.349016780792734,0.9751622849917467,1.235033619917857,-1.0,-1.0,0.22094935043196381,0.22094935043196381,5165.585803115582,5196.794326848022,5184.914813262536,2399286.9892214877,0.0,1.1165832083165754,0.6706061783252107,0.9412156757477734
