target_id,prot_ps,prot_acf,prot_cs,e_prot_ps,E_prot_ps,e_prot_acf,E_prot_acf,e_prot_cs,E_prot_cs,sph_ps,sph_acf,sph_cs,h_ps,fa_prob_ps,hacf,gacf,hcs
12300406,32.509191823365136,33.9820170160383,32.93905721537768,1.5480567534935794,1.7110100959665857,-1.0,-1.0,5.033947251615399,5.033947251615399,4237.971859791833,4237.971859791833,4237.971859791833,8821.069331659442,0.0,0.739192515245453,0.4343196061985461,0.1358272284240111
