target_id,prot_ps,prot_acf,prot_cs,e_prot_ps,E_prot_ps,e_prot_acf,E_prot_acf,e_prot_cs,E_prot_cs,sph_ps,sph_acf,sph_cs,h_ps,fa_prob_ps,hacf,gacf,hcs
12454853,18.545097647044308,18.512872030958533,18.768315480383635,1.7236120514904947,2.1171560158604272,-1.0,-1.0,0.38535049777030733,0.38535049777030733,5221.153685448589,5214.496759478244,5243.479579983796,224593.65830723188,0.0,0.8788725142972509,0.47396369337960875,0.9783956355721444
