target_id,prot_ps,prot_acf,prot_cs,e_prot_ps,E_prot_ps,e_prot_acf,E_prot_acf,e_prot_cs,E_prot_cs,sph_ps,sph_acf,sph_cs,h_ps,fa_prob_ps,hacf,gacf,hcs
12455816,72.3259636804795,56.15168780274689,52.70943404464982,35.98306650770125,7232.596368047966,-1.0,-1.0,2.470487712110595,2.470487712110595,1270.2512730823887,1260.0089629404383,1198.1022260205552,43181.187970135696,0.0,0.516686285692665,0.24045184985918502,0.8500341140796811
