target_id,prot_ps,prot_acf,prot_cs,e_prot_ps,E_prot_ps,e_prot_acf,E_prot_acf,e_prot_cs,E_prot_cs,sph_ps,sph_acf,sph_cs,h_ps,fa_prob_ps,hacf,gacf,hcs
12406784,74.13724642336118,87.41516019031405,46.33228260250761,13.317298974871427,20.784270088476035,-1.0,-1.0,5.454561214043901,5.454561214043901,413.0573804072833,412.10060587358765,409.82624826129995,10933.754540976837,0.0,0.24368306814232937,0.1602219546919194,0.26059910182850554
