target_id,prot_ps,prot_acf,prot_cs,e_prot_ps,E_prot_ps,e_prot_acf,E_prot_acf,e_prot_cs,E_prot_cs,sph_ps,sph_acf,sph_cs,h_ps,fa_prob_ps,hacf,gacf,hcs
12402593,72.3259780483168,56.74427676992491,28.934472737333312,35.98307365587901,7232.597804831677,-1.0,-1.0,5.637464245376329,5.637464245376329,962.6991482758408,965.2353872111286,956.9364152251159,5822.21266938405,0.0,0.15224347761120297,0.06840858819100107,0.23677929031765557
