target_id,prot_ps,prot_acf,prot_cs,e_prot_ps,E_prot_ps,e_prot_acf,E_prot_acf,e_prot_cs,E_prot_cs,sph_ps,sph_acf,sph_cs,h_ps,fa_prob_ps,hacf,gacf,hcs
12417486,73.78719533719814,80.631318426691,41.521369501450216,10.565773527854134,14.805986074288484,-1.0,-1.0,1.193326174072391,1.193326174072391,882.9782346005331,888.8084834654983,882.565351470745,21361.169819666968,0.0,0.2822923501204095,0.20817915095242642,0.6437375169828183
