target_id,prot_ps,prot_acf,prot_cs,e_prot_ps,E_prot_ps,e_prot_acf,E_prot_acf,e_prot_cs,E_prot_cs,sph_ps,sph_acf,sph_cs,h_ps,fa_prob_ps,hacf,gacf,hcs
12402792,72.86970877202846,54.70088822534308,52.84951134171141,15.212648994881306,26.117485941665237,-1.0,-1.0,1.8294223056371293,1.8294223056371293,414.48003888409266,418.07105800372364,405.6939902583478,14134.303857708212,0.0,0.2805380416131431,0.15446412590080855,0.12838828899587504
