target_id,prot_ps,prot_acf,prot_cs,e_prot_ps,E_prot_ps,e_prot_acf,E_prot_acf,e_prot_cs,E_prot_cs,sph_ps,sph_acf,sph_cs,h_ps,fa_prob_ps,hacf,gacf,hcs
12553312,21.58983697391964,43.748452382627875,43.14782153128424,2.7471251741940037,3.68486008231093,-1.0,-1.0,1.4720845492197574,1.4720845492197574,1973.9046916416344,2039.2742646910822,2030.6545904234122,22061.427559737283,0.0,0.4779380566523188,0.24631958429316472,0.7383887971730724
