target_id,prot_ps,prot_acf,prot_cs,e_prot_ps,E_prot_ps,e_prot_acf,E_prot_acf,e_prot_cs,E_prot_cs,sph_ps,sph_acf,sph_cs,h_ps,fa_prob_ps,hacf,gacf,hcs
12644614,72.86973382126887,56.417335621546954,24.576807749897792,13.933462013218481,22.561428336161185,-1.0,-1.0,1.4149983438706064,1.4149983438706064,420.45967384300695,420.127826498176,411.0973103067798,11769.299127610015,0.0,0.17271051386659633,0.06026412775944327,0.24671031663009746
