target_id,prot_ps,prot_acf,prot_cs,e_prot_ps,E_prot_ps,e_prot_acf,E_prot_acf,e_prot_cs,E_prot_cs,sph_ps,sph_acf,sph_cs,h_ps,fa_prob_ps,hacf,gacf,hcs
12602592,6.174690634548404,6.314009757712483,6.273595951455041,0.5736687268266021,0.7045908229265851,-1.0,-1.0,0.15992770889939825,0.15992770889939825,2878.1370461616584,2867.5616040245536,2891.387959504796,1399168.7095344155,0.0,1.1832553565937467,0.7061394490595047,0.9829145620825949
