target_id,prot_ps,prot_acf,prot_cs,e_prot_ps,E_prot_ps,e_prot_acf,E_prot_acf,e_prot_cs,E_prot_cs,sph_ps,sph_acf,sph_cs,h_ps,fa_prob_ps,hacf,gacf,hcs
12601514,54.5001312601394,56.37645288417116,54.0733165641683,8.126141908379239,11.579103929986815,-1.0,-1.0,1.7594074770558261,1.7594074770558261,835.2425129631152,836.0677721243743,834.4124022241109,6806.45737585034,0.0,0.23101241639386347,0.14830161945034007,0.09509132940899959
