target_id,prot_ps,prot_acf,prot_cs,e_prot_ps,E_prot_ps,e_prot_acf,E_prot_acf,e_prot_cs,E_prot_cs,sph_ps,sph_acf,sph_cs,h_ps,fa_prob_ps,hacf,gacf,hcs
12600831,46.46378139719107,51.08428653329611,52.05018822306768,5.988578868250954,8.068404206568516,-1.0,-1.0,6.146478006209543,6.146478006209543,255.0571290946997,255.93309495700564,254.24685445049647,39323.313714605596,0.0,0.5289886832405549,0.2060640112380133,0.7869714201390898
