target_id,prot_ps,prot_acf,prot_cs,e_prot_ps,E_prot_ps,e_prot_acf,E_prot_acf,e_prot_cs,E_prot_cs,sph_ps,sph_acf,sph_cs,h_ps,fa_prob_ps,hacf,gacf,hcs
12737258,40.694821844902044,77.60708185471594,40.52874797604201,3.924353892362504,4.862093647164883,-1.0,-1.0,0.8749797130551169,0.8749797130551169,2129.7839076503656,2155.527065646591,2138.3977415514946,401552.63647798344,0.0,0.6751934647902835,0.4216344169192266,3.0766738493795716
