target_id,prot_ps,prot_acf,prot_cs,e_prot_ps,E_prot_ps,e_prot_acf,E_prot_acf,e_prot_cs,E_prot_cs,sph_ps,sph_acf,sph_cs,h_ps,fa_prob_ps,hacf,gacf,hcs
12784167,18.39146640746187,12.709734284318984,46.124761321180905,2.039830750653117,2.621296123971671,-1.0,-1.0,1.7640081469594715,1.7640081469594715,631.2309131748497,615.325576607596,642.3437573896964,10741.405330515568,0.0,5.557526963147208e-05,0.08231285795572457,2.2197901217588294
