target_id,prot_ps,prot_acf,prot_cs,e_prot_ps,E_prot_ps,e_prot_acf,E_prot_acf,e_prot_cs,E_prot_cs,sph_ps,sph_acf,sph_cs,h_ps,fa_prob_ps,hacf,gacf,hcs
12834290,52.17060537606389,57.295904664322734,53.100123579106,5.944460048094399,7.698935066598395,-1.0,-1.0,1.5243599296058497,1.5243599296058497,520.2733161160382,527.0462512093618,531.0635706195943,9395.82267767727,0.0,0.19737927007302267,0.07617896205653049,0.1228094956585676
