target_id,prot_ps,prot_acf,prot_cs,e_prot_ps,E_prot_ps,e_prot_acf,E_prot_acf,e_prot_cs,E_prot_cs,sph_ps,sph_acf,sph_cs,h_ps,fa_prob_ps,hacf,gacf,hcs
002,17.529157041747716,18.06238440017114,17.30860960949013,1.997206588556482,2.5866280356510174,-1.0,-1.0,0.4243563136819841,0.4243563136819841,131.46344028743005,132.74119141887476,131.61335842369488,9626.132816030802,0.0,0.22607436460855984,0.16229269077622024,0.13771424274696176
