target_id,prot_ps,prot_acf,prot_cs,e_prot_ps,E_prot_ps,e_prot_acf,E_prot_acf,e_prot_cs,E_prot_cs,sph_ps,sph_acf,sph_cs,h_ps,fa_prob_ps,hacf,gacf,hcs
007,42.95511255279762,37.22198400035268,43.65870507091807,4.308409080650847,5.389557060489452,-1.0,-1.0,2.4353650885447604,2.4353650885447604,551.7657456298698,530.1078339897534,541.0352474863812,1662585.0877324943,0.0,0.5194266129314324,0.1680047377325673,0.8841869430343057
