target_id,prot_ps,prot_acf,prot_cs,e_prot_ps,E_prot_ps,e_prot_acf,E_prot_acf,e_prot_cs,E_prot_cs,sph_ps,sph_acf,sph_cs,h_ps,fa_prob_ps,hacf,gacf,hcs
009,36.718514398322924,31.972017600302934,36.12789378034232,6.004655766792542,8.923073740456083,-1.0,-1.0,4.568053462821927,4.568053462821927,145.58147192316574,148.4632619157093,145.027260810825,2115.5511677223526,0.0,0.04216344485417575,0.03266940519524577,0.16715169656573173
