target_id,prot_ps,prot_acf,prot_cs,e_prot_ps,E_prot_ps,e_prot_acf,E_prot_acf,e_prot_cs,E_prot_cs,sph_ps,sph_acf,sph_cs,h_ps,fa_prob_ps,hacf,gacf,hcs
013,22.47107282806123,22.124858400209632,22.37726712980757,3.054317333747534,4.194594141358447,-1.0,-1.0,2.3931077492809143,2.3931077492809143,357.2131433653,341.66862842017645,343.93570919648,44698.73092598649,0.0,0.27455879966097596,0.1372350422966172,1.0082409652817639
