target_id,prot_ps,prot_acf,prot_cs,e_prot_ps,E_prot_ps,e_prot_acf,E_prot_acf,e_prot_cs,E_prot_cs,sph_ps,sph_acf,sph_cs,h_ps,fa_prob_ps,hacf,gacf,hcs
014,35.05831408349544,35.756715600338794,35.05519231233214,4.052810738919227,5.271633297823904,-1.0,-1.0,3.65418216200526,3.65418216200526,1469.5601976766284,1466.8663903233146,1469.5742511462174,1702105.8640898305,0.0,1.151997402989082,0.5818376033871752,0.9832384742426696
