target_id,prot_ps,prot_acf,prot_cs,e_prot_ps,E_prot_ps,e_prot_acf,E_prot_acf,e_prot_cs,E_prot_cs,sph_ps,sph_acf,sph_cs,h_ps,fa_prob_ps,hacf,gacf,hcs
016,38.953682314994914,37.638648000356625,38.65835189529571,6.003643199155633,8.678860454495641,-1.0,-1.0,1.5439953129312916,1.5439953129312916,712.044963788815,704.7965251653414,710.3915644500511,2843899.450276403,0.0,1.130632328235884,0.6693869768134157,0.9834968016294596
