target_id,prot_ps,prot_acf,prot_cs,e_prot_ps,E_prot_ps,e_prot_acf,E_prot_acf,e_prot_cs,E_prot_cs,sph_ps,sph_acf,sph_cs,h_ps,fa_prob_ps,hacf,gacf,hcs
018,25.969121543329948,22.1109696002095,25.965250488245143,3.4564908485740737,4.710399466238858,-1.0,-1.0,11.876092304031555,11.876092304031555,616.9614450342422,604.7479342450565,616.9735382286515,340597.43155498256,0.0,0.4336982591310823,0.19609388562817318,0.7490141517465145
