target_id,prot_ps,prot_acf,prot_cs,e_prot_ps,E_prot_ps,e_prot_acf,E_prot_acf,e_prot_cs,E_prot_cs,sph_ps,sph_acf,sph_cs,h_ps,fa_prob_ps,hacf,gacf,hcs
021,10.161830169129109,9.902714400093828,10.094383757085506,1.116883633200601,1.4315706041332295,-1.0,-1.0,0.7727277981176742,0.7727277981176742,192.9757695749104,193.9060719934324,192.96159974933488,67597.19767973034,0.0,0.8183206736805062,0.36729771362617186,0.9795996356044103
