target_id,prot_ps,prot_acf,prot_cs,e_prot_ps,E_prot_ps,e_prot_acf,E_prot_acf,e_prot_cs,E_prot_cs,sph_ps,sph_acf,sph_cs,h_ps,fa_prob_ps,hacf,gacf,hcs
022,19.09116113457672,18.29154960017331,19.091752812180896,2.29677310400513,3.02450200534528,-1.0,-1.0,1.462288192125472,1.462288192125472,218.7322744242658,216.3677337782898,218.727302596685,36071.597594502535,0.0,0.9559710020411417,0.47883558887993793,0.9354426690498883
