target_id,prot_ps,prot_acf,prot_cs,e_prot_ps,E_prot_ps,e_prot_acf,E_prot_acf,e_prot_cs,E_prot_cs,sph_ps,sph_acf,sph_cs,h_ps,fa_prob_ps,hacf,gacf,hcs
027,43.51871547491352,44.38860480042058,43.82249731241521,4.642377576304419,5.901458872074464,-1.0,-1.0,2.693369753483073,2.693369753483073,875.5405869389018,866.819647439017,872.2872095018503,6191730.855594081,0.0,0.6384720694672266,0.22814274074013316,0.9921474800952582
