target_id,prot_ps,prot_acf,prot_cs,e_prot_ps,E_prot_ps,e_prot_acf,E_prot_acf,e_prot_cs,E_prot_cs,sph_ps,sph_acf,sph_cs,h_ps,fa_prob_ps,hacf,gacf,hcs
029,17.9449533648859,17.249889600163442,17.976482172169995,3.3877393237023554,5.442764831284567,-1.0,-1.0,2.019981935380418,2.019981935380418,623.3559922921474,619.5571411267433,623.7019737772309,198600.65865243765,0.0,0.31732865881589495,0.23724962910223737,0.957759447741779
