target_id,prot_ps,prot_acf,prot_cs,e_prot_ps,E_prot_ps,e_prot_acf,E_prot_acf,e_prot_cs,E_prot_cs,sph_ps,sph_acf,sph_cs,h_ps,fa_prob_ps,hacf,gacf,hcs
030,40.42834122616245,37.27059480035314,40.84756635227421,8.775124758945164,15.5067014583436,-1.0,-1.0,1.7229346219792778,1.7229346219792778,815.7082762761511,802.128997377633,819.5371523262384,4350491.567290665,0.0,0.8705407100289051,0.6498056211278099,0.8798242864424917
