target_id,prot_ps,prot_acf,prot_cs,e_prot_ps,E_prot_ps,e_prot_acf,E_prot_acf,e_prot_cs,E_prot_cs,sph_ps,sph_acf,sph_cs,h_ps,fa_prob_ps,hacf,gacf,hcs
032,38.18232226915343,35.05533120033215,38.212020660792994,7.992317924746619,13.747615535731072,-1.0,-1.0,4.945263643076967,4.945263643076967,392.30765790510486,400.2785049454978,392.18460990234234,175826.76198289855,0.0,0.47946226310526696,0.2381741020617373,0.8596040232490512
