target_id,prot_ps,prot_acf,prot_cs,e_prot_ps,E_prot_ps,e_prot_acf,E_prot_acf,e_prot_cs,E_prot_cs,sph_ps,sph_acf,sph_cs,h_ps,fa_prob_ps,hacf,gacf,hcs
035,42.95511255279762,35.340051600334846,43.57577173157854,5.259424867485038,6.965019010193529,-1.0,-1.0,1.8763278383344895,1.8763278383344895,1105.494198200605,1030.403975995141,1097.1880822520327,5806737.439268539,0.0,0.2998843758247515,0.16551820381985194,0.823083443416057
