target_id,prot_ps,prot_acf,prot_cs,e_prot_ps,E_prot_ps,e_prot_acf,E_prot_acf,e_prot_cs,E_prot_cs,sph_ps,sph_acf,sph_cs,h_ps,fa_prob_ps,hacf,gacf,hcs
041,17.978622606920734,18.04849560017101,17.97648217217032,1.874974888131586,2.369122286552244,-1.0,-1.0,1.3891447647441582,1.3891447647441582,354.2201832502807,353.9380064586049,354.2173894901169,761245.1421303588,0.0,0.8775284241937206,0.32419787267993544,0.993764611049039
