target_id,prot_ps,prot_acf,prot_cs,e_prot_ps,E_prot_ps,e_prot_acf,E_prot_acf,e_prot_cs,E_prot_cs,sph_ps,sph_acf,sph_cs,h_ps,fa_prob_ps,hacf,gacf,hcs
044,32.72770480213152,27.951210000264837,26.96823018025552,16.282440200065434,3272.7704802131375,-1.0,-1.0,1.6229155390982213,1.6229155390982213,879.965049453881,845.7250092894747,860.0549509824301,2295610.888448108,0.0,0.8643195957490087,0.4459193660460638,0.7012791455095169
