target_id,prot_ps,prot_acf,prot_cs,e_prot_ps,E_prot_ps,e_prot_acf,E_prot_acf,e_prot_cs,E_prot_cs,sph_ps,sph_acf,sph_cs,h_ps,fa_prob_ps,hacf,gacf,hcs
045,19.09116113457672,19.034600400180352,19.477444788184545,2.0153129770005513,2.5546678334607904,-1.0,-1.0,0.9056699729133415,0.9056699729133415,598.9960247874445,597.2802126812136,613.9472532200978,1870155.6642334564,0.0,1.3574915018720444,0.7340110869569447,0.993319097154078
