target_id,prot_ps,prot_acf,prot_cs,e_prot_ps,E_prot_ps,e_prot_acf,E_prot_acf,e_prot_cs,E_prot_cs,sph_ps,sph_acf,sph_cs,h_ps,fa_prob_ps,hacf,gacf,hcs
053,38.18232226915343,34.19422560032399,38.17663066836173,11.513584282031388,29.007649416443357,-1.0,-1.0,5.772233912854515,5.772233912854515,1755.6526925368016,1663.25351413346,1755.283639345182,8391644.742698517,0.0,1.416466146165776,0.7483048575124069,0.7224898695205161
