target_id,prot_ps,prot_acf,prot_cs,e_prot_ps,E_prot_ps,e_prot_acf,E_prot_acf,e_prot_cs,E_prot_cs,sph_ps,sph_acf,sph_cs,h_ps,fa_prob_ps,hacf,gacf,hcs
055,42.95511255279762,39.721968000376364,43.82249731241521,7.0049175808444915,10.395375350615062,-1.0,-1.0,2.351615874371281,2.351615874371281,960.4315224933201,899.8036032743389,952.0760425601198,3749778.0496352855,0.0,0.40741701352561255,0.1587588544357564,0.9410545050141786
