target_id,prot_ps,prot_acf,prot_cs,e_prot_ps,E_prot_ps,e_prot_acf,E_prot_acf,e_prot_cs,E_prot_cs,sph_ps,sph_acf,sph_cs,h_ps,fa_prob_ps,hacf,gacf,hcs
059,16.762970752311265,15.840176400150085,16.761142728158816,1.8343623102134128,2.3483109638801523,-1.0,-1.0,1.8734642943259516,1.8734642943259516,174.89207374738513,171.0622264427123,174.89893144969363,31581.28416030699,0.0,0.8121532503062507,0.3558673339664264,0.894585542118841
