target_id,prot_ps,prot_acf,prot_cs,e_prot_ps,E_prot_ps,e_prot_acf,E_prot_acf,e_prot_cs,E_prot_cs,sph_ps,sph_acf,sph_cs,h_ps,fa_prob_ps,hacf,gacf,hcs
060,42.95511255279762,36.36087840034452,43.73405098337215,3.876503672214916,4.730275378864079,-1.0,-1.0,2.4687812513180276,2.4687812513180276,558.2007279255024,520.4433827403982,552.3811341083547,3168620.961031724,0.0,0.529482581318121,0.1614800397029902,0.8396673654095088
