target_id,prot_ps,prot_acf,prot_cs,e_prot_ps,E_prot_ps,e_prot_acf,E_prot_acf,e_prot_cs,E_prot_cs,sph_ps,sph_acf,sph_cs,h_ps,fa_prob_ps,hacf,gacf,hcs
061,31.24008185658008,30.965079600293393,31.580427813847674,3.058933032042347,3.8038570763071853,-1.0,-1.0,1.3122173370156023,1.3122173370156023,1517.5515077913713,1322.3350256737506,1510.792574803113,26726634.01515316,0.0,1.7034077275299715,0.874788382898565,0.9916076130158639
