target_id,prot_ps,prot_acf,prot_cs,e_prot_ps,E_prot_ps,e_prot_acf,E_prot_acf,e_prot_cs,E_prot_cs,sph_ps,sph_acf,sph_cs,h_ps,fa_prob_ps,hacf,gacf,hcs
064,42.95511255279762,41.770566000395775,43.27846441298673,3.6518238743710683,4.39994559574896,-1.0,-1.0,2.0539538112905333,2.0539538112905333,535.0576829546767,542.7392667728985,532.1916577266869,2326460.108451408,0.0,1.6428500367541448,0.8351280838658672,0.9698950934958943
