target_id,prot_ps,prot_acf,prot_cs,e_prot_ps,E_prot_ps,e_prot_acf,E_prot_acf,e_prot_cs,E_prot_cs,sph_ps,sph_acf,sph_cs,h_ps,fa_prob_ps,hacf,gacf,hcs
066,49.091557203197276,24.485954400232004,31.232925108295934,11.84452384055961,22.89010537160106,-1.0,-1.0,5.40888591144382,5.40888591144382,605.7090746567904,570.3302954734701,617.7674702491355,2272762.7600400625,0.0,0.08127740563181106,0.2400680276624525,0.8923247728942184
