target_id,prot_ps,prot_acf,prot_cs,e_prot_ps,E_prot_ps,e_prot_acf,E_prot_acf,e_prot_cs,E_prot_cs,sph_ps,sph_acf,sph_cs,h_ps,fa_prob_ps,hacf,gacf,hcs
068,42.95511255279762,42.83305920040584,43.65906081564668,4.205595101090921,5.229626476265935,-1.0,-1.0,2.0793472298927047,2.0793472298927047,305.0998158002958,305.56720123750364,303.71654305025373,606742.5093028264,0.0,0.6128328384417533,0.23293709392549683,0.9955253334549915
