target_id,prot_ps,prot_acf,prot_cs,e_prot_ps,E_prot_ps,e_prot_acf,E_prot_acf,e_prot_cs,E_prot_cs,sph_ps,sph_acf,sph_cs,h_ps,fa_prob_ps,hacf,gacf,hcs
070,25.454881512768956,24.201234000229306,24.8975049760498,2.8726399862596885,3.7100045036302056,-1.0,-1.0,1.8802354980147271,1.8802354980147271,231.14169164526692,225.34219171017057,221.38492804895665,20249.18606104043,0.0,0.42932758966913176,0.36671738621349204,0.10862663640192384
