target_id,prot_ps,prot_acf,prot_cs,e_prot_ps,E_prot_ps,e_prot_acf,E_prot_acf,e_prot_cs,E_prot_cs,sph_ps,sph_acf,sph_cs,h_ps,fa_prob_ps,hacf,gacf,hcs
074,14.607630868123096,9.451328400089551,14.320533348135688,1.6675943734548522,2.160987191883258,-1.0,-1.0,1.2691180052186046,1.2691180052186046,784.5152024839296,779.9441368346992,785.4009845628249,1347286.1105798467,0.0,0.009304151386478082,0.17427674345507338,1.8722750101560932
