target_id,prot_ps,prot_acf,prot_cs,e_prot_ps,E_prot_ps,e_prot_acf,E_prot_acf,e_prot_cs,E_prot_cs,sph_ps,sph_acf,sph_cs,h_ps,fa_prob_ps,hacf,gacf,hcs
076,42.95511255279762,36.00671400034116,43.40428652909304,4.499155461520942,5.691399659761082,-1.0,-1.0,2.4569003074904585,2.4569003074904585,715.2612660368089,653.1058063575347,710.1987892454302,2152362.32201779,0.0,0.46530686576268787,0.1702540517987652,0.6826772756320308
