target_id,prot_ps,prot_acf,prot_cs,e_prot_ps,E_prot_ps,e_prot_acf,E_prot_acf,e_prot_cs,E_prot_cs,sph_ps,sph_acf,sph_cs,h_ps,fa_prob_ps,hacf,gacf,hcs
080,12.967581148014377,11.854090800112317,12.966167016122856,2.009064548551306,2.9110952734009814,-1.0,-1.0,1.572391019616085,1.572391019616085,270.6476063979778,271.0123607865724,270.63029209502037,41450.71736321467,0.0,0.810219992569199,0.4250287020739791,0.7181416584863634
