target_id,prot_ps,prot_acf,prot_cs,e_prot_ps,E_prot_ps,e_prot_acf,E_prot_acf,e_prot_cs,E_prot_cs,sph_ps,sph_acf,sph_cs,h_ps,fa_prob_ps,hacf,gacf,hcs
081,42.95511255279762,34.68727800032866,43.54982512396798,4.840030566380314,6.248046174698175,-1.0,-1.0,2.0801531349518765,2.0801531349518765,770.9475370215446,758.587296597301,766.9539363551736,5032218.267237717,0.0,0.35920122615908323,0.17166072001747726,0.562427612908435
