target_id,prot_ps,prot_acf,prot_cs,e_prot_ps,E_prot_ps,e_prot_acf,E_prot_acf,e_prot_cs,E_prot_cs,sph_ps,sph_acf,sph_cs,h_ps,fa_prob_ps,hacf,gacf,hcs
082,42.95511255279762,40.499740800383734,43.33550765066674,3.7070547026757907,4.48037303089626,-1.0,-1.0,2.6368711815706374,2.6368711815706374,352.83216286677595,359.519621143651,351.5199770656954,489315.06585093564,0.0,0.28346973302417505,0.2130107192627896,0.08144826111489331
