target_id,prot_ps,prot_acf,prot_cs,e_prot_ps,E_prot_ps,e_prot_acf,E_prot_acf,e_prot_cs,E_prot_cs,sph_ps,sph_acf,sph_cs,h_ps,fa_prob_ps,hacf,gacf,hcs
083,14.026159200913508,12.70825200012041,14.024910240132888,1.8867221090222763,2.581117754004378,-1.0,-1.0,0.8729032873675949,0.8729032873675949,979.6140431701231,963.198298209123,979.6140431701231,494166.15983544476,0.0,0.8671850151419789,0.3646337794857742,0.6990085677230871
