target_id,prot_ps,prot_acf,prot_cs,e_prot_ps,E_prot_ps,e_prot_acf,E_prot_acf,e_prot_cs,E_prot_cs,sph_ps,sph_acf,sph_cs,h_ps,fa_prob_ps,hacf,gacf,hcs
084,29.881817428033127,28.72203840027214,29.973453990130942,5.163864989729333,7.891223318496163,-1.0,-1.0,1.3247127875373748,1.3247127875373748,559.0811323769726,542.8685599573913,560.5318119417935,1132737.2026246032,0.0,0.9961172296870324,0.4817971139024688,0.949800080592885
