target_id,prot_ps,prot_acf,prot_cs,e_prot_ps,E_prot_ps,e_prot_acf,E_prot_acf,e_prot_cs,E_prot_cs,sph_ps,sph_acf,sph_cs,h_ps,fa_prob_ps,hacf,gacf,hcs
090,11.648844082114609,11.48603760010883,11.77917351244672,1.100692243003829,1.357168262082661,-1.0,-1.0,0.15884198730428484,0.15884198730428484,526.6840255949745,530.0759001343537,523.9096124536005,622582.2551883955,0.0,1.4133712205659537,0.7077270631209877,0.9784951556658319
