target_id,prot_ps,prot_acf,prot_cs,e_prot_ps,E_prot_ps,e_prot_acf,E_prot_acf,e_prot_cs,E_prot_cs,sph_ps,sph_acf,sph_cs,h_ps,fa_prob_ps,hacf,gacf,hcs
091,42.95511255279762,36.01365840034123,43.82249731241521,3.494816878088322,4.174009560629145,-1.0,-1.0,2.713557508701323,2.713557508701323,878.7695471692523,812.7704678538489,869.2513127142826,3769786.736928377,0.0,0.32069660960611646,0.17321200816959556,0.6799520968208916
