target_id,prot_ps,prot_acf,prot_cs,e_prot_ps,E_prot_ps,e_prot_acf,E_prot_acf,e_prot_cs,E_prot_cs,sph_ps,sph_acf,sph_cs,h_ps,fa_prob_ps,hacf,gacf,hcs
092,29.21526173624619,30.715081200291024,29.199004684735357,3.674522204882443,4.909496981962178,-1.0,-1.0,1.1677093587800407,1.1677093587800407,359.776925163562,351.9829019816264,359.8167348688718,458743.9722838676,0.0,1.1723982285932686,0.6239063247187989,0.9103542202424956
