target_id,prot_ps,prot_acf,prot_cs,e_prot_ps,E_prot_ps,e_prot_acf,E_prot_acf,e_prot_cs,E_prot_cs,sph_ps,sph_acf,sph_cs,h_ps,fa_prob_ps,hacf,gacf,hcs
093,27.88708118348021,26.36094240024977,27.486074088260434,3.6939783708072476,5.025301202930091,-1.0,-1.0,1.7385387773155443,1.7385387773155443,696.19202715581,688.5803415849308,696.5119769041131,1486277.2950709076,0.0,1.120963166202218,0.6044866965372164,0.9290842212018405
