target_id,prot_ps,prot_acf,prot_cs,e_prot_ps,E_prot_ps,e_prot_acf,E_prot_acf,e_prot_cs,E_prot_cs,sph_ps,sph_acf,sph_cs,h_ps,fa_prob_ps,hacf,gacf,hcs
094,32.72770480213152,35.81227080033932,33.25487725149316,5.661162796023596,8.655621701753518,-1.0,-1.0,1.28925181966904,1.28925181966904,306.7003192421096,303.9803753944762,305.00199358632545,152705.01839690108,0.0,0.21477892726613917,0.07356136412343228,0.08797317521857245
