target_id,prot_ps,prot_acf,prot_cs,e_prot_ps,E_prot_ps,e_prot_acf,E_prot_acf,e_prot_cs,E_prot_cs,sph_ps,sph_acf,sph_cs,h_ps,fa_prob_ps,hacf,gacf,hcs
096,46.28542773446232,43.11777960040854,46.2413520629462,4.910739878551098,6.233436267311035,-1.0,-1.0,4.079986269685226,4.079986269685226,1140.901518848193,1164.73963463218,1140.911185644799,2376082.937151203,0.0,0.45757307573451556,0.3567123284742863,0.9125455416957348
