target_id,prot_ps,prot_acf,prot_cs,e_prot_ps,E_prot_ps,e_prot_acf,E_prot_acf,e_prot_cs,E_prot_cs,sph_ps,sph_acf,sph_cs,h_ps,fa_prob_ps,hacf,gacf,hcs
099,28.046651266796346,31.79840760030129,28.048362156265753,4.933078295785624,7.610151929597507,-1.0,-1.0,5.758630077028566,5.758630077028566,705.2534888001454,715.009927948001,705.257601605268,805785.8721235944,0.0,0.7122596557613681,0.34131902107112405,0.7105137771679424
