target_id,prot_ps,prot_acf,prot_cs,e_prot_ps,E_prot_ps,e_prot_acf,E_prot_acf,e_prot_cs,E_prot_cs,sph_ps,sph_acf,sph_cs,h_ps,fa_prob_ps,hacf,gacf,hcs
100,42.95511255279762,32.88173400031155,43.82249731241521,7.480598892309025,11.478564896779638,-1.0,-1.0,2.179098564023694,2.179098564023694,437.5449481768628,438.14854345598576,436.30364637683516,492268.7188374996,0.0,0.1844362547672853,0.102212671528358,1.1969267397061507
