target_id,prot_ps,prot_acf,prot_cs,e_prot_ps,E_prot_ps,e_prot_acf,E_prot_acf,e_prot_cs,E_prot_cs,sph_ps,sph_acf,sph_cs,h_ps,fa_prob_ps,hacf,gacf,hcs
107,11.085190336205837,10.694376000101329,11.14167415031695,1.3650383703765243,1.8110717441452095,-1.0,-1.0,0.46071418956991483,0.46071418956991483,419.4504851340034,406.9031471110823,421.26731255754186,223866.7738896563,0.0,0.7025877202776941,0.3202228179077293,0.9506425518018179
