target_id,prot_ps,prot_acf,prot_cs,e_prot_ps,E_prot_ps,e_prot_acf,E_prot_acf,e_prot_cs,E_prot_cs,sph_ps,sph_acf,sph_cs,h_ps,fa_prob_ps,hacf,gacf,hcs
110,42.95511255279762,33.624784800318594,43.705696768673306,4.528052510904892,5.737719756930879,-1.0,-1.0,2.085175731970226,2.085175731970226,637.379115146627,621.9387026062898,633.1349459127222,2309738.948016744,0.0,0.2363047333229484,0.10688972724856557,0.7887687036656869
