target_id,prot_ps,prot_acf,prot_cs,e_prot_ps,E_prot_ps,e_prot_acf,E_prot_acf,e_prot_cs,E_prot_cs,sph_ps,sph_acf,sph_cs,h_ps,fa_prob_ps,hacf,gacf,hcs
112,34.3640900422381,32.56923600030859,34.43606243566498,4.498606635620632,6.09418829470674,-1.0,-1.0,3.1629575315627987,3.1629575315627987,646.7913892146493,655.474290629694,646.3703706357284,766475.4863817394,0.0,1.2304395524765988,0.7027863317475982,0.8779019484664414
