target_id,prot_ps,prot_acf,prot_cs,e_prot_ps,E_prot_ps,e_prot_acf,E_prot_acf,e_prot_cs,E_prot_cs,sph_ps,sph_acf,sph_cs,h_ps,fa_prob_ps,hacf,gacf,hcs
113,42.95511255279762,33.13867680031399,29.19907131904821,7.208528241293102,10.850183389609946,-1.0,-1.0,1.0050268160590128,1.0050268160590128,827.2020440042352,812.5300562543597,785.3100406275671,2390966.537163315,0.0,0.3738365526696452,0.1747677755420511,0.5523178081703838
