target_id,prot_ps,prot_acf,prot_cs,e_prot_ps,E_prot_ps,e_prot_acf,E_prot_acf,e_prot_cs,E_prot_cs,sph_ps,sph_acf,sph_cs,h_ps,fa_prob_ps,hacf,gacf,hcs
118,43.14342155034667,11.986034400113567,43.44131223807595,4.46166083622127,5.62509504526777,-1.0,-1.0,1.421858241423438,1.421858241423438,983.3364426497752,864.7601281712488,977.1806855756419,2254562.6116414396,0.0,0.29503173341348116,0.010822756123227984,1.2669944295512727
