target_id,prot_ps,prot_acf,prot_cs,e_prot_ps,E_prot_ps,e_prot_acf,E_prot_acf,e_prot_cs,E_prot_cs,sph_ps,sph_acf,sph_cs,h_ps,fa_prob_ps,hacf,gacf,hcs
120,43.494621214344455,28.59009480027089,28.64794165227144,3.637506083247871,4.36812967933281,-1.0,-1.0,3.4729556881297854,3.4729556881297854,182.15718907188352,181.44630022237538,181.5426172344021,13154.604592548782,0.0,0.16212377143204026,0.08651011346385915,0.33510582433669456
