target_id,prot_ps,prot_acf,prot_cs,e_prot_ps,E_prot_ps,e_prot_acf,E_prot_acf,e_prot_cs,E_prot_cs,sph_ps,sph_acf,sph_cs,h_ps,fa_prob_ps,hacf,gacf,hcs
122,12.727440756384478,12.242977200116002,12.747038224612677,1.1045837416114157,1.3365809925947119,-1.0,-1.0,0.5923540389046289,0.5923540389046289,184.9307091312671,184.76987440472828,185.15117220049248,39258.56500300235,0.0,0.7602734089729106,0.3544089221367731,0.9262871134492974
