target_id,prot_ps,prot_acf,prot_cs,e_prot_ps,E_prot_ps,e_prot_acf,E_prot_acf,e_prot_cs,E_prot_cs,sph_ps,sph_acf,sph_cs,h_ps,fa_prob_ps,hacf,gacf,hcs
123,11.085190336205837,9.854103600093367,10.26157299145092,2.3312439500407116,4.023584022977621,-1.0,-1.0,1.106495470204488,1.106495470204488,284.32715061649725,273.3472917289144,278.4825343462182,55823.0476218723,0.0,0.9139166153179943,0.4419629438830345,0.9134992695947726
