target_id,prot_ps,prot_acf,prot_cs,e_prot_ps,E_prot_ps,e_prot_acf,E_prot_acf,e_prot_cs,E_prot_cs,sph_ps,sph_acf,sph_cs,h_ps,fa_prob_ps,hacf,gacf,hcs
126,14.940908714016564,13.840189200131135,14.93927938814155,1.6139483148747686,2.0587236031348954,-1.0,-1.0,0.8679759282671887,0.8679759282671887,2225.296745525049,2228.0433756823295,2225.2913273227637,7584979.098617408,0.0,0.6484885257459938,0.6489102455488398,0.06641241547629484
