target_id,prot_ps,prot_acf,prot_cs,e_prot_ps,E_prot_ps,e_prot_acf,E_prot_acf,e_prot_cs,E_prot_cs,sph_ps,sph_acf,sph_cs,h_ps,fa_prob_ps,hacf,gacf,hcs
128,34.3640900422381,33.66645120031899,34.75924253501219,7.980759701839467,14.902893209106004,-1.0,-1.0,1.180357536168064,1.180357536168064,144.60711507700793,145.76830367518104,144.4686157426404,39786.72057071843,0.0,0.33377039819084775,0.2571710962920894,1.0791444258486202
