target_id,prot_ps,prot_acf,prot_cs,e_prot_ps,E_prot_ps,e_prot_acf,E_prot_acf,e_prot_cs,E_prot_cs,sph_ps,sph_acf,sph_cs,h_ps,fa_prob_ps,hacf,gacf,hcs
134,24.545778601598638,29.59703280028043,2.481859116023516,5.128589196978211,8.810185262251839,-1.0,-1.0,0.09857236094499587,0.09857236094499587,211.82411339896018,216.36676204204213,186.2587705404414,52073.32734072484,0.0,0.03488120268858798,0.05222455455425214,1.252768986473897
