target_id,prot_ps,prot_acf,prot_cs,e_prot_ps,E_prot_ps,e_prot_acf,E_prot_acf,e_prot_cs,E_prot_cs,sph_ps,sph_acf,sph_cs,h_ps,fa_prob_ps,hacf,gacf,hcs
137,40.42834122616245,34.53450120032721,40.773808388348286,5.784032355916544,8.102446060489257,-1.0,-1.0,1.8151967011084393,1.8151967011084393,187.22387131333087,186.40239106336833,186.9027842920675,90720.9632937767,0.0,0.5338612403209739,0.22338661861797793,0.755042857425632
