target_id,prot_ps,prot_acf,prot_cs,e_prot_ps,E_prot_ps,e_prot_acf,E_prot_acf,e_prot_cs,E_prot_cs,sph_ps,sph_acf,sph_cs,h_ps,fa_prob_ps,hacf,gacf,hcs
138,24.545778601598638,24.32623320023049,24.85320409120662,2.8632004076577466,3.7344211958802767,-1.0,-1.0,1.6196592927278255,1.6196592927278255,227.49472137740997,231.0363577811154,226.1368257275379,104457.57571908757,0.0,0.9070662727982284,0.4292001989514722,0.9919914715641434
