target_id,prot_ps,prot_acf,prot_cs,e_prot_ps,E_prot_ps,e_prot_acf,E_prot_acf,e_prot_cs,E_prot_cs,sph_ps,sph_acf,sph_cs,h_ps,fa_prob_ps,hacf,gacf,hcs
142,10.909234934043843,10.715209200101526,10.96629283716236,0.9081458194492598,1.0895455714577178,-1.0,-1.0,0.3833016557134845,0.3833016557134845,447.2933446294626,448.50620741767784,446.96788318344073,719406.3511812554,0.0,1.4982758047215432,0.774720795578342,0.9746809457777742
