target_id,prot_ps,prot_acf,prot_cs,e_prot_ps,E_prot_ps,e_prot_acf,E_prot_acf,e_prot_cs,E_prot_cs,sph_ps,sph_acf,sph_cs,h_ps,fa_prob_ps,hacf,gacf,hcs
143,12.727440756384478,11.715202800111001,12.725543556120575,2.665931105551314,4.587941294755577,-1.0,-1.0,0.7938963211772295,0.7938963211772295,559.7295972947863,557.836299153643,559.7611943310242,130465.74432632138,0.0,0.7701081676007405,0.35699877585251244,0.7547705000331904
