target_id,prot_ps,prot_acf,prot_cs,e_prot_ps,E_prot_ps,e_prot_acf,E_prot_acf,e_prot_cs,E_prot_cs,sph_ps,sph_acf,sph_cs,h_ps,fa_prob_ps,hacf,gacf,hcs
148,32.72770480213152,7.993004400075733,27.52232385626077,16.282440200065434,3272.7704802131375,-1.0,-1.0,1.957871240326356,1.957871240326356,135.43691004077706,129.98407421094407,133.47399313567604,19848.866723610383,0.0,0.2557214295976541,0.04485602330159557,2.5199155186889435
