target_id,prot_ps,prot_acf,prot_cs,e_prot_ps,E_prot_ps,e_prot_acf,E_prot_acf,e_prot_cs,E_prot_cs,sph_ps,sph_acf,sph_cs,h_ps,fa_prob_ps,hacf,gacf,hcs
153,26.877804808098816,25.555392000242136,26.629052298963273,4.8860529909371095,7.677346591131339,-1.0,-1.0,1.1210499705845753,1.1210499705845753,401.0261179854951,393.79615373098375,398.740113311575,440223.31717547454,0.0,0.7407295585589211,0.343087336365834,0.960038398874304
