target_id,prot_ps,prot_acf,prot_cs,e_prot_ps,E_prot_ps,e_prot_acf,E_prot_acf,e_prot_cs,E_prot_cs,sph_ps,sph_acf,sph_cs,h_ps,fa_prob_ps,hacf,gacf,hcs
158,11.807235854239147,11.576314800109685,11.795237466667304,1.1960050019237851,1.4998592030563493,-1.0,-1.0,0.5470037839161657,0.5470037839161657,742.5884812223832,750.1491680736608,742.8582251909421,735817.0059627255,0.0,1.3379704964290813,0.6349911127454111,0.9906623690345577
