target_id,prot_ps,prot_acf,prot_cs,e_prot_ps,E_prot_ps,e_prot_acf,E_prot_acf,e_prot_cs,E_prot_cs,sph_ps,sph_acf,sph_cs,h_ps,fa_prob_ps,hacf,gacf,hcs
160,33.38887055570993,33.04839960031313,33.13617283228134,3.657767027521821,4.684046086765676,-1.0,-1.0,1.23346319532995,1.23346319532995,337.10061562602243,335.6535957282193,335.60639112783394,126397.43748817159,0.0,0.6202669353085246,0.60546029109645,1.00001925959964
