target_id,prot_ps,prot_acf,prot_cs,e_prot_ps,E_prot_ps,e_prot_acf,E_prot_acf,e_prot_cs,E_prot_cs,sph_ps,sph_acf,sph_cs,h_ps,fa_prob_ps,hacf,gacf,hcs
161,14.75437393089379,14.124909600133833,14.687076758940414,1.6755445627710515,2.167937698565405,-1.0,-1.0,1.1672143087694542,1.1672143087694542,1095.4417196392021,1046.1986485830014,1101.1326204947031,1457565.4147609363,0.0,1.4025141403034045,0.6869256205108122,0.9517544551427479
