target_id,prot_ps,prot_acf,prot_cs,e_prot_ps,E_prot_ps,e_prot_acf,E_prot_acf,e_prot_cs,E_prot_cs,sph_ps,sph_acf,sph_cs,h_ps,fa_prob_ps,hacf,gacf,hcs
162,30.485490507387336,29.867864400282997,30.16004737895958,5.022710531038165,7.491158218664676,-1.0,-1.0,3.129903658940576,3.129903658940576,304.26280410567296,300.466657698381,302.2712244241485,53736.15561516968,0.0,0.31220202025061683,0.22685641449666757,0.15766129809440507
