target_id,prot_ps,prot_acf,prot_cs,e_prot_ps,E_prot_ps,e_prot_acf,E_prot_acf,e_prot_cs,E_prot_cs,sph_ps,sph_acf,sph_cs,h_ps,fa_prob_ps,hacf,gacf,hcs
168,17.6912768922965,34.62477840032807,35.05519231233214,2.0390907900647157,2.649957188158691,-1.0,-1.0,3.6795530346563012,3.6795530346563012,130.1786280629696,132.0592585871324,132.36908467867346,27719.91782786383,0.0,0.19665265450094452,0.20496231443922314,3.7956282900911824
