target_id,prot_ps,prot_acf,prot_cs,e_prot_ps,E_prot_ps,e_prot_acf,E_prot_acf,e_prot_cs,E_prot_cs,sph_ps,sph_acf,sph_cs,h_ps,fa_prob_ps,hacf,gacf,hcs
173,42.95511255279762,37.8469800003586,43.67101439186463,3.632583328909348,4.372044334555007,-1.0,-1.0,2.1019524247288226,2.1019524247288226,1016.6499642288336,967.5114722259523,1007.902846288283,6828983.913904262,0.0,0.6056625530722555,0.19314274597948886,0.9118291087020896
