target_id,prot_ps,prot_acf,prot_cs,e_prot_ps,E_prot_ps,e_prot_acf,E_prot_acf,e_prot_cs,E_prot_cs,sph_ps,sph_acf,sph_cs,h_ps,fa_prob_ps,hacf,gacf,hcs
175,38.18232226915343,32.60395800030892,33.05701140696825,7.435428299539726,12.178638767731698,-1.0,-1.0,1.6166802616145273,1.6166802616145273,294.4041973424929,292.1676610628245,291.19884950569264,94409.53980929141,0.0,0.18229476734500188,0.10002329776808405,0.8413358987962714
