target_id,prot_ps,prot_acf,prot_cs,e_prot_ps,E_prot_ps,e_prot_acf,E_prot_acf,e_prot_cs,E_prot_cs,sph_ps,sph_acf,sph_cs,h_ps,fa_prob_ps,hacf,gacf,hcs
177,5.794762658428999,5.6527416000535595,5.77149313291575,0.7612287338577799,1.0324964263017975,-1.0,-1.0,0.5126055557239858,0.5126055557239858,336.88571123668845,336.07653061480954,336.73291994236024,22976.078493932044,0.0,0.9125258933381064,0.5130919753955622,0.986581715112018
