target_id,prot_ps,prot_acf,prot_cs,e_prot_ps,E_prot_ps,e_prot_acf,E_prot_acf,e_prot_cs,E_prot_cs,sph_ps,sph_acf,sph_cs,h_ps,fa_prob_ps,hacf,gacf,hcs
179,18.08636318012531,17.263778400163574,18.205524655750377,2.2031976544563587,2.9128601259328732,-1.0,-1.0,0.47132969541642056,0.47132969541642056,287.1701879567759,284.58929452366317,287.4907084738447,69107.18465038328,0.0,0.9154316582198334,0.41254367963085825,0.9213698924786337
