target_id,prot_ps,prot_acf,prot_cs,e_prot_ps,E_prot_ps,e_prot_acf,E_prot_acf,e_prot_cs,E_prot_cs,sph_ps,sph_acf,sph_cs,h_ps,fa_prob_ps,hacf,gacf,hcs
190,19.47684115749746,20.284592400192196,19.477444788184545,2.852393703543598,4.033938589653676,-1.0,-1.0,2.8211414042733924,2.8211414042733924,677.0427199283524,674.8663716211211,677.0427199283524,263268.63595427474,0.0,0.5628411299463709,0.21793537260181928,0.9463161824799793
