target_id,prot_ps,prot_acf,prot_cs,e_prot_ps,E_prot_ps,e_prot_acf,E_prot_acf,e_prot_cs,E_prot_cs,sph_ps,sph_acf,sph_cs,h_ps,fa_prob_ps,hacf,gacf,hcs
192,33.3383124727026,32.284515600305895,33.38589744031632,4.029707509176767,5.314458368176105,-1.0,-1.0,2.0181106464469933,2.0181106464469933,622.9647615447581,609.1871383509695,622.6849906330432,679401.0245539042,0.0,1.1041580459963511,0.6953100214054388,0.3993163511094694
