target_id,prot_ps,prot_acf,prot_cs,e_prot_ps,E_prot_ps,e_prot_acf,E_prot_acf,e_prot_cs,E_prot_cs,sph_ps,sph_acf,sph_cs,h_ps,fa_prob_ps,hacf,gacf,hcs
194,32.72770480213152,30.347028000287537,31.837115062089484,7.5083333962249235,13.874427846256495,-1.0,-1.0,2.251587401742364,2.251587401742364,832.9463965361306,800.5292856092552,839.029909011711,1483727.6143291618,0.0,1.00928892543835,0.599910564596825,0.9412580172251316
