target_id,prot_ps,prot_acf,prot_cs,e_prot_ps,E_prot_ps,e_prot_acf,E_prot_acf,e_prot_cs,E_prot_cs,sph_ps,sph_acf,sph_cs,h_ps,fa_prob_ps,hacf,gacf,hcs
201,20.62253769617378,20.173482000191143,20.620701360195376,2.535241048466908,3.361813090061947,-1.0,-1.0,1.4409101157504196,1.4409101157504196,565.194853889556,562.3781360327094,565.159288424041,253143.29194084875,0.0,1.0813289855978805,0.5668842817164593,0.9957388577305533
