target_id,prot_ps,prot_acf,prot_cs,e_prot_ps,E_prot_ps,e_prot_acf,E_prot_acf,e_prot_cs,E_prot_cs,sph_ps,sph_acf,sph_cs,h_ps,fa_prob_ps,hacf,gacf,hcs
202,38.65046691405036,10.26382320009725,10.163059956096292,4.18932538276465,5.348849282921108,-1.0,-1.0,0.6471097119367099,0.6471097119367099,273.42682874704286,251.8583023835989,259.91591919375236,52542.77232219101,0.0,0.4467837826291347,0.1513745018188011,0.8624572516711891
