target_id,prot_ps,prot_acf,prot_cs,e_prot_ps,E_prot_ps,e_prot_acf,E_prot_acf,e_prot_cs,E_prot_cs,sph_ps,sph_acf,sph_cs,h_ps,fa_prob_ps,hacf,gacf,hcs
204,38.18232226915343,11.284650000106922,11.306316528107125,7.158345674371688,11.452547069229723,-1.0,-1.0,0.8158180272969378,0.8158180272969378,780.378025374336,772.4100250947421,772.0867385551127,404525.3302955649,0.0,0.37022905123089767,0.0854338253956328,0.7832422113384484
