target_id,prot_ps,prot_acf,prot_cs,e_prot_ps,E_prot_ps,e_prot_acf,E_prot_acf,e_prot_cs,E_prot_cs,sph_ps,sph_acf,sph_cs,h_ps,fa_prob_ps,hacf,gacf,hcs
206,15.935597310679738,15.777676800149493,15.803487867416745,1.7176994432279749,2.189770569962734,-1.0,-1.0,0.2864795508629634,0.2864795508629634,339.4516245822567,337.8608843853585,338.0480128770953,234125.5108632171,0.0,1.0290896559580478,0.5212767360110168,0.996912140858111
