target_id,prot_ps,prot_acf,prot_cs,e_prot_ps,E_prot_ps,e_prot_acf,E_prot_acf,e_prot_cs,E_prot_cs,sph_ps,sph_acf,sph_cs,h_ps,fa_prob_ps,hacf,gacf,hcs
212,36.17272636025062,7.361064000069746,36.16914351634271,9.971672782271355,22.225283604316793,-1.0,-1.0,5.754890346078815,5.754890346078815,599.912910153427,543.1756056359776,599.8959963696464,301723.49630847765,0.0,0.05055610000099042,0.1811451740727665,1.5131788065082676
