target_id,prot_ps,prot_acf,prot_cs,e_prot_ps,E_prot_ps,e_prot_acf,E_prot_acf,e_prot_cs,E_prot_cs,sph_ps,sph_acf,sph_cs,h_ps,fa_prob_ps,hacf,gacf,hcs
218,6.0889634506628365,5.888851200055797,6.095030436057749,0.822114695859594,1.1262375361399153,-1.0,-1.0,0.3583644938464717,0.3583644938464717,816.5834560781809,808.0960827596683,815.8988561880648,239704.51476904663,0.0,1.0284086365434626,0.5725103245805419,0.9621127353058695
