target_id,prot_ps,prot_acf,prot_cs,e_prot_ps,E_prot_ps,e_prot_acf,E_prot_acf,e_prot_cs,E_prot_cs,sph_ps,sph_acf,sph_cs,h_ps,fa_prob_ps,hacf,gacf,hcs
219,29.881817428033127,30.138696000285563,29.8785587762831,5.883623144165991,9.705631519147243,-1.0,-1.0,1.4662958102616608,1.4662958102616608,277.1907818008024,277.96657375214386,277.18567271817085,83066.32170192199,0.0,0.36402465604372025,0.15478962507575764,1.0044628540551
