target_id,prot_ps,prot_acf,prot_cs,e_prot_ps,E_prot_ps,e_prot_acf,E_prot_acf,e_prot_cs,E_prot_cs,sph_ps,sph_acf,sph_cs,h_ps,fa_prob_ps,hacf,gacf,hcs
221,38.18232226915343,28.180375200267008,28.634191740271312,5.3867398692558055,7.504083305892394,-1.0,-1.0,4.972498287282129,4.972498287282129,561.3356653534106,561.8984262672917,561.6878894250896,984062.4282619153,0.0,0.6661514842377435,0.30564835246892286,0.7066875513080104
