target_id,prot_ps,prot_acf,prot_cs,e_prot_ps,E_prot_ps,e_prot_acf,E_prot_acf,e_prot_cs,E_prot_cs,sph_ps,sph_acf,sph_cs,h_ps,fa_prob_ps,hacf,gacf,hcs
222,11.884174265591675,12.409642800117581,11.881451736112574,1.5084317896604684,2.021635069563862,-1.0,-1.0,1.220233479107168,1.220233479107168,361.14562557277753,363.9494230381071,361.1651776009153,96650.61190344232,0.0,0.529549639255098,0.16354281312829558,0.8947386689507965
