target_id,prot_ps,prot_acf,prot_cs,e_prot_ps,E_prot_ps,e_prot_acf,E_prot_acf,e_prot_cs,E_prot_cs,sph_ps,sph_acf,sph_cs,h_ps,fa_prob_ps,hacf,gacf,hcs
224,33.38887055570993,32.67340200030958,33.38589744031632,6.949421632959954,11.90523419438734,-1.0,-1.0,2.0507027569198164,2.0507027569198164,265.70274308822763,251.2078831159015,265.6687715050814,181536.5592475024,0.0,0.7519872557284083,0.38712333722631304,0.9957823002209145
