target_id,prot_ps,prot_acf,prot_cs,e_prot_ps,E_prot_ps,e_prot_acf,E_prot_acf,e_prot_cs,E_prot_cs,sph_ps,sph_acf,sph_cs,h_ps,fa_prob_ps,hacf,gacf,hcs
225,14.027144246165571,13.35408120012653,14.024910240132888,1.812193722630484,2.4435736829994052,-1.0,-1.0,1.390022345162896,1.390022345162896,255.38232000884142,257.99086632443414,255.38495431325873,51552.543990469,0.0,0.5558629891535397,0.2520149383190433,0.9245984034752114
