target_id,prot_ps,prot_acf,prot_cs,e_prot_ps,E_prot_ps,e_prot_acf,E_prot_acf,e_prot_cs,E_prot_cs,sph_ps,sph_acf,sph_cs,h_ps,fa_prob_ps,hacf,gacf,hcs
228,12.301162836314186,11.888812800112646,12.058672824114257,1.3563312775315541,1.7400481217616193,-1.0,-1.0,0.5413880552872692,0.5413880552872692,151.11367205168673,152.3451227175261,152.00620395939447,48411.49833627145,0.0,0.8830894411333438,0.37511486921063,0.9740383499448323
