target_id,prot_ps,prot_acf,prot_cs,e_prot_ps,E_prot_ps,e_prot_acf,E_prot_acf,e_prot_cs,E_prot_cs,sph_ps,sph_acf,sph_cs,h_ps,fa_prob_ps,hacf,gacf,hcs
229,18.650321991579453,19.291543200182787,18.616368360205378,2.2865457604606405,3.0293469137951803,-1.0,-1.0,1.1449094676548446,1.1449094676548446,530.7528466665175,530.4587681601175,530.5664613087353,681407.2843841247,0.0,0.5408505299762945,0.20091425571359997,0.9815895668393054
