target_id,prot_ps,prot_acf,prot_cs,e_prot_ps,E_prot_ps,e_prot_acf,E_prot_acf,e_prot_cs,E_prot_cs,sph_ps,sph_acf,sph_cs,h_ps,fa_prob_ps,hacf,gacf,hcs
232,25.454881512768956,23.74984800022503,25.45108711224115,5.040216163790525,8.344891169931223,-1.0,-1.0,1.3583205296925844,1.3583205296925844,739.3091152365041,840.5493035669305,739.3615596859672,2099364.152982812,0.0,0.573445703189464,0.23897943906566502,0.8851135811832305
