target_id,prot_ps,prot_acf,prot_cs,e_prot_ps,E_prot_ps,e_prot_acf,E_prot_acf,e_prot_cs,E_prot_cs,sph_ps,sph_acf,sph_cs,h_ps,fa_prob_ps,hacf,gacf,hcs
233,31.24008185658008,11.305483200107119,34.36103008832558,4.615981178633234,6.552292206221107,-1.0,-1.0,2.7780072849226345,2.7780072849226345,192.24578799168677,187.1966623189219,189.95402795353237,66154.5401849062,0.0,0.3724829934570792,0.05997796777068518,1.3026077964515228
