target_id,prot_ps,prot_acf,prot_cs,e_prot_ps,E_prot_ps,e_prot_acf,E_prot_acf,e_prot_cs,E_prot_cs,sph_ps,sph_acf,sph_cs,h_ps,fa_prob_ps,hacf,gacf,hcs
234,22.618267150642215,24.07623480022812,43.82249731241521,2.4881059181021783,3.1899142901265947,-1.0,-1.0,2.3469052261743886,2.3469052261743886,368.4027458401776,358.1385059816724,376.66523706916587,349583.53448190226,0.0,0.4428935855571209,0.15810898523235054,1.066570374857917
