target_id,prot_ps,prot_acf,prot_cs,e_prot_ps,E_prot_ps,e_prot_acf,E_prot_acf,e_prot_cs,E_prot_cs,sph_ps,sph_acf,sph_cs,h_ps,fa_prob_ps,hacf,gacf,hcs
237,22.170380672411675,20.583201600195025,22.325551035848292,7.646259594260934,24.647266642679156,-1.0,-1.0,0.7192740329780676,0.7192740329780676,848.6391938675403,908.9128477262586,859.1630511079624,290163.7823145318,0.0,0.5099356831538369,0.18123064470926822,0.7848886253773636
