target_id,prot_ps,prot_acf,prot_cs,e_prot_ps,E_prot_ps,e_prot_acf,E_prot_acf,e_prot_cs,E_prot_cs,sph_ps,sph_acf,sph_cs,h_ps,fa_prob_ps,hacf,gacf,hcs
238,14.416953759040766,14.326297200135741,14.389807131933113,1.3789215462245554,1.7050913005079131,-1.0,-1.0,0.6336893331598736,0.6336893331598736,1544.3175183736873,1564.9106468373518,1550.2009872344856,8791828.598497994,0.0,1.3701026334706667,0.6973108896854863,0.9929150213376117
