target_id,prot_ps,prot_acf,prot_cs,e_prot_ps,E_prot_ps,e_prot_acf,E_prot_acf,e_prot_cs,E_prot_cs,sph_ps,sph_acf,sph_cs,h_ps,fa_prob_ps,hacf,gacf,hcs
244,31.871194621359468,31.88174040030208,31.239800064296,3.4754568224282494,4.444852001876836,-1.0,-1.0,1.6116050690581158,1.6116050690581158,148.23304399562352,148.23256292716945,147.3149837843572,23799.98765928952,0.0,0.3216652379929952,0.31719740759221093,0.042848138255183445
