target_id,prot_ps,prot_acf,prot_cs,e_prot_ps,E_prot_ps,e_prot_acf,E_prot_acf,e_prot_cs,E_prot_cs,sph_ps,sph_acf,sph_cs,h_ps,fa_prob_ps,hacf,gacf,hcs
247,38.953682314994914,37.374760800354125,38.8850181478724,5.0176746518035245,6.7589270885492425,-1.0,-1.0,2.381015382593244,2.381015382593244,521.9747556341804,517.9825476804016,521.9375743934598,2639899.791073041,0.0,1.4456511677800292,0.7233450174008974,0.9791375234114673
