target_id,prot_ps,prot_acf,prot_cs,e_prot_ps,E_prot_ps,e_prot_acf,E_prot_acf,e_prot_cs,E_prot_cs,sph_ps,sph_acf,sph_cs,h_ps,fa_prob_ps,hacf,gacf,hcs
248,15.62004092829004,14.124909600133833,13.487622012127794,7.771164640940318,1562.004092829011,-1.0,-1.0,0.5612823146618452,0.5612823146618452,430.7255475017929,426.32146980541603,437.2413396415445,403222.4388379003,0.0,0.4906661501693375,0.14122778728310648,0.7568817311401733
