target_id,prot_ps,prot_acf,prot_cs,e_prot_ps,E_prot_ps,e_prot_acf,E_prot_acf,e_prot_cs,E_prot_cs,sph_ps,sph_acf,sph_cs,h_ps,fa_prob_ps,hacf,gacf,hcs
250,31.871194621359468,29.3192568002778,31.239800064296,9.99647009897295,26.822076097559158,-1.0,-1.0,4.055893537153017,4.055893537153017,213.71812375615775,204.4080373629368,215.37266014301127,43686.927899611095,0.0,0.8321733057729754,0.4287758087071642,0.8806858457834226
