target_id,prot_ps,prot_acf,prot_cs,e_prot_ps,E_prot_ps,e_prot_acf,E_prot_acf,e_prot_cs,E_prot_cs,sph_ps,sph_acf,sph_cs,h_ps,fa_prob_ps,hacf,gacf,hcs
253,17.18204502111905,17.395722000164824,17.517651631650963,2.098990430056313,2.7776316891929334,-1.0,-1.0,2.245630301432043,2.245630301432043,164.77023461252878,164.2821663919882,164.01605100789712,19543.053531855294,0.0,0.613474753642996,0.2624704282593273,0.09111075146097149
