target_id,prot_ps,prot_acf,prot_cs,e_prot_ps,E_prot_ps,e_prot_acf,E_prot_acf,e_prot_cs,E_prot_cs,sph_ps,sph_acf,sph_cs,h_ps,fa_prob_ps,hacf,gacf,hcs
254,18.950440045132662,18.6596028001768,18.95140648817956,1.989637122028114,2.5184744791119194,-1.0,-1.0,0.5922587787117028,0.5922587787117028,1210.0356385606083,1216.557654193656,1209.993162782,7215866.467405849,0.0,0.8134087984831677,0.29809538950370534,0.9975969855370209
